sample_id,utterance,instruction_type,subtype,intent,room,primary_device_id,primary_device_name,device_category,expected_commands_json,split,source,privacy
SHC-0001,可以帮我把客厅主灯亮度调到10%现在就执行,explicit,parameter,explicit_control,客厅,light.living_main,客厅主灯,lighting,"[{""device_id"":""light.living_main"",""action"":""set_brightness"",""parameters"":{""brightness"":10}}]",train,synthetic_template_v1,contains_no_real_user_data
SHC-0002,麻烦把客厅氛围灯亮度调到20%,explicit,parameter,explicit_control,客厅,light.living_ambient,客厅氛围灯,lighting,"[{""device_id"":""light.living_ambient"",""action"":""set_brightness"",""parameters"":{""brightness"":20}}]",train,synthetic_template_v1,contains_no_real_user_data
SHC-0003,帮我把餐厅吊灯亮度调到30%现在就执行,explicit,parameter,explicit_control,餐厅,light.dining,餐厅吊灯,lighting,"[{""device_id"":""light.dining"",""action"":""set_brightness"",""parameters"":{""brightness"":30}}]",train,synthetic_template_v1,contains_no_real_user_data
SHC-0004,麻烦把厨房顶灯亮度调到40%一下,explicit,parameter,explicit_control,厨房,light.kitchen,厨房顶灯,lighting,"[{""device_id"":""light.kitchen"",""action"":""set_brightness"",""parameters"":{""brightness"":40}}]",train,synthetic_template_v1,contains_no_real_user_data
SHC-0005,帮我把主卧顶灯亮度调到50%,explicit,parameter,explicit_control,主卧,light.bedroom_main,主卧顶灯,lighting,"[{""device_id"":""light.bedroom_main"",""action"":""set_brightness"",""parameters"":{""brightness"":50}}]",train,synthetic_template_v1,contains_no_real_user_data
SHC-0006,请把主卧床头灯亮度调到60%吧,explicit,parameter,explicit_control,主卧,light.bedside,主卧床头灯,lighting,"[{""device_id"":""light.bedside"",""action"":""set_brightness"",""parameters"":{""brightness"":60}}]",train,synthetic_template_v1,contains_no_real_user_data
SHC-0007,可以帮我把次卧顶灯亮度调到70%吧,explicit,parameter,explicit_control,次卧,light.bedroom_second,次卧顶灯,lighting,"[{""device_id"":""light.bedroom_second"",""action"":""set_brightness"",""parameters"":{""brightness"":70}}]",train,synthetic_template_v1,contains_no_real_user_data
SHC-0008,现在把书房灯亮度调到80%现在就执行,explicit,parameter,explicit_control,书房,light.study,书房灯,lighting,"[{""device_id"":""light.study"",""action"":""set_brightness"",""parameters"":{""brightness"":80}}]",validation,synthetic_template_v1,contains_no_real_user_data
SHC-0009,现在把卫生间灯亮度调到90%一下,explicit,parameter,explicit_control,卫生间,light.bathroom,卫生间灯,lighting,"[{""device_id"":""light.bathroom"",""action"":""set_brightness"",""parameters"":{""brightness"":90}}]",test,synthetic_template_v1,contains_no_real_user_data
SHC-0010,帮我把玄关灯亮度调到10%谢谢,explicit,parameter,explicit_control,玄关,light.entry,玄关灯,lighting,"[{""device_id"":""light.entry"",""action"":""set_brightness"",""parameters"":{""brightness"":10}}]",train,synthetic_template_v1,contains_no_real_user_data
SHC-0011,现在把阳台灯亮度调到20%吧,explicit,parameter,explicit_control,阳台,light.balcony,阳台灯,lighting,"[{""device_id"":""light.balcony"",""action"":""set_brightness"",""parameters"":{""brightness"":20}}]",train,synthetic_template_v1,contains_no_real_user_data
SHC-0012,帮我把走廊灯亮度调到30%现在就执行,explicit,parameter,explicit_control,走廊,light.hallway,走廊灯,lighting,"[{""device_id"":""light.hallway"",""action"":""set_brightness"",""parameters"":{""brightness"":30}}]",train,synthetic_template_v1,contains_no_real_user_data
SHC-0013,可以帮我把衣帽间灯亮度调到40%吧,explicit,parameter,explicit_control,衣帽间,light.cloakroom,衣帽间灯,lighting,"[{""device_id"":""light.cloakroom"",""action"":""set_brightness"",""parameters"":{""brightness"":40}}]",train,synthetic_template_v1,contains_no_real_user_data
SHC-0014,现在把儿童房灯亮度调到50%现在就执行,explicit,parameter,explicit_control,儿童房,light.children,儿童房灯,lighting,"[{""device_id"":""light.children"",""action"":""set_brightness"",""parameters"":{""brightness"":50}}]",train,synthetic_template_v1,contains_no_real_user_data
SHC-0015,现在把车库灯亮度调到60%一下,explicit,parameter,explicit_control,车库,light.garage,车库灯,lighting,"[{""device_id"":""light.garage"",""action"":""set_brightness"",""parameters"":{""brightness"":60}}]",train,synthetic_template_v1,contains_no_real_user_data
SHC-0016,麻烦把客厅主灯亮度调到70%一下,explicit,parameter,explicit_control,客厅,light.living_main,客厅主灯,lighting,"[{""device_id"":""light.living_main"",""action"":""set_brightness"",""parameters"":{""brightness"":70}}]",train,synthetic_template_v1,contains_no_real_user_data
SHC-0017,可以帮我把客厅氛围灯亮度调到80%,explicit,parameter,explicit_control,客厅,light.living_ambient,客厅氛围灯,lighting,"[{""device_id"":""light.living_ambient"",""action"":""set_brightness"",""parameters"":{""brightness"":80}}]",train,synthetic_template_v1,contains_no_real_user_data
SHC-0018,麻烦把餐厅吊灯亮度调到90%一下,explicit,parameter,explicit_control,餐厅,light.dining,餐厅吊灯,lighting,"[{""device_id"":""light.dining"",""action"":""set_brightness"",""parameters"":{""brightness"":90}}]",validation,synthetic_template_v1,contains_no_real_user_data
SHC-0019,帮我把厨房顶灯亮度调到10%谢谢,explicit,parameter,explicit_control,厨房,light.kitchen,厨房顶灯,lighting,"[{""device_id"":""light.kitchen"",""action"":""set_brightness"",""parameters"":{""brightness"":10}}]",test,synthetic_template_v1,contains_no_real_user_data
SHC-0020,麻烦把主卧顶灯亮度调到20%一下,explicit,parameter,explicit_control,主卧,light.bedroom_main,主卧顶灯,lighting,"[{""device_id"":""light.bedroom_main"",""action"":""set_brightness"",""parameters"":{""brightness"":20}}]",train,synthetic_template_v1,contains_no_real_user_data
SHC-0021,麻烦把主卧床头灯亮度调到30%谢谢,explicit,parameter,explicit_control,主卧,light.bedside,主卧床头灯,lighting,"[{""device_id"":""light.bedside"",""action"":""set_brightness"",""parameters"":{""brightness"":30}}]",train,synthetic_template_v1,contains_no_real_user_data
SHC-0022,帮我把次卧顶灯亮度调到40%谢谢,explicit,parameter,explicit_control,次卧,light.bedroom_second,次卧顶灯,lighting,"[{""device_id"":""light.bedroom_second"",""action"":""set_brightness"",""parameters"":{""brightness"":40}}]",train,synthetic_template_v1,contains_no_real_user_data
SHC-0023,帮我把书房灯亮度调到50%谢谢,explicit,parameter,explicit_control,书房,light.study,书房灯,lighting,"[{""device_id"":""light.study"",""action"":""set_brightness"",""parameters"":{""brightness"":50}}]",train,synthetic_template_v1,contains_no_real_user_data
SHC-0024,可以帮我把卫生间灯亮度调到60%一下,explicit,parameter,explicit_control,卫生间,light.bathroom,卫生间灯,lighting,"[{""device_id"":""light.bathroom"",""action"":""set_brightness"",""parameters"":{""brightness"":60}}]",train,synthetic_template_v1,contains_no_real_user_data
SHC-0025,可以帮我把玄关灯亮度调到70%一下,explicit,parameter,explicit_control,玄关,light.entry,玄关灯,lighting,"[{""device_id"":""light.entry"",""action"":""set_brightness"",""parameters"":{""brightness"":70}}]",train,synthetic_template_v1,contains_no_real_user_data
SHC-0026,现在把阳台灯亮度调到80%现在就执行,explicit,parameter,explicit_control,阳台,light.balcony,阳台灯,lighting,"[{""device_id"":""light.balcony"",""action"":""set_brightness"",""parameters"":{""brightness"":80}}]",train,synthetic_template_v1,contains_no_real_user_data
SHC-0027,可以帮我把走廊灯亮度调到90%现在就执行,explicit,parameter,explicit_control,走廊,light.hallway,走廊灯,lighting,"[{""device_id"":""light.hallway"",""action"":""set_brightness"",""parameters"":{""brightness"":90}}]",train,synthetic_template_v1,contains_no_real_user_data
SHC-0028,请把衣帽间灯亮度调到10%一下,explicit,parameter,explicit_control,衣帽间,light.cloakroom,衣帽间灯,lighting,"[{""device_id"":""light.cloakroom"",""action"":""set_brightness"",""parameters"":{""brightness"":10}}]",validation,synthetic_template_v1,contains_no_real_user_data
SHC-0029,麻烦把儿童房灯亮度调到20%吧,explicit,parameter,explicit_control,儿童房,light.children,儿童房灯,lighting,"[{""device_id"":""light.children"",""action"":""set_brightness"",""parameters"":{""brightness"":20}}]",test,synthetic_template_v1,contains_no_real_user_data
SHC-0030,请把车库灯亮度调到30%,explicit,parameter,explicit_control,车库,light.garage,车库灯,lighting,"[{""device_id"":""light.garage"",""action"":""set_brightness"",""parameters"":{""brightness"":30}}]",train,synthetic_template_v1,contains_no_real_user_data
SHC-0031,麻烦把客厅主灯亮度调到40%谢谢,explicit,parameter,explicit_control,客厅,light.living_main,客厅主灯,lighting,"[{""device_id"":""light.living_main"",""action"":""set_brightness"",""parameters"":{""brightness"":40}}]",train,synthetic_template_v1,contains_no_real_user_data
SHC-0032,可以帮我把客厅氛围灯亮度调到50%一下,explicit,parameter,explicit_control,客厅,light.living_ambient,客厅氛围灯,lighting,"[{""device_id"":""light.living_ambient"",""action"":""set_brightness"",""parameters"":{""brightness"":50}}]",train,synthetic_template_v1,contains_no_real_user_data
SHC-0033,可以帮我把餐厅吊灯亮度调到60%,explicit,parameter,explicit_control,餐厅,light.dining,餐厅吊灯,lighting,"[{""device_id"":""light.dining"",""action"":""set_brightness"",""parameters"":{""brightness"":60}}]",train,synthetic_template_v1,contains_no_real_user_data
SHC-0034,麻烦把厨房顶灯亮度调到70%一下,explicit,parameter,explicit_control,厨房,light.kitchen,厨房顶灯,lighting,"[{""device_id"":""light.kitchen"",""action"":""set_brightness"",""parameters"":{""brightness"":70}}]",train,synthetic_template_v1,contains_no_real_user_data
SHC-0035,请把主卧顶灯亮度调到80%,explicit,parameter,explicit_control,主卧,light.bedroom_main,主卧顶灯,lighting,"[{""device_id"":""light.bedroom_main"",""action"":""set_brightness"",""parameters"":{""brightness"":80}}]",train,synthetic_template_v1,contains_no_real_user_data
SHC-0036,帮我把主卧床头灯亮度调到90%谢谢,explicit,parameter,explicit_control,主卧,light.bedside,主卧床头灯,lighting,"[{""device_id"":""light.bedside"",""action"":""set_brightness"",""parameters"":{""brightness"":90}}]",train,synthetic_template_v1,contains_no_real_user_data
SHC-0037,帮我把次卧顶灯亮度调到10%,explicit,parameter,explicit_control,次卧,light.bedroom_second,次卧顶灯,lighting,"[{""device_id"":""light.bedroom_second"",""action"":""set_brightness"",""parameters"":{""brightness"":10}}]",train,synthetic_template_v1,contains_no_real_user_data
SHC-0038,现在把书房灯亮度调到20%谢谢,explicit,parameter,explicit_control,书房,light.study,书房灯,lighting,"[{""device_id"":""light.study"",""action"":""set_brightness"",""parameters"":{""brightness"":20}}]",validation,synthetic_template_v1,contains_no_real_user_data
SHC-0039,可以帮我把卫生间灯亮度调到30%吧,explicit,parameter,explicit_control,卫生间,light.bathroom,卫生间灯,lighting,"[{""device_id"":""light.bathroom"",""action"":""set_brightness"",""parameters"":{""brightness"":30}}]",test,synthetic_template_v1,contains_no_real_user_data
SHC-0040,帮我把玄关灯亮度调到40%谢谢,explicit,parameter,explicit_control,玄关,light.entry,玄关灯,lighting,"[{""device_id"":""light.entry"",""action"":""set_brightness"",""parameters"":{""brightness"":40}}]",train,synthetic_template_v1,contains_no_real_user_data
SHC-0041,麻烦把阳台灯亮度调到50%一下,explicit,parameter,explicit_control,阳台,light.balcony,阳台灯,lighting,"[{""device_id"":""light.balcony"",""action"":""set_brightness"",""parameters"":{""brightness"":50}}]",train,synthetic_template_v1,contains_no_real_user_data
SHC-0042,麻烦把走廊灯亮度调到60%一下,explicit,parameter,explicit_control,走廊,light.hallway,走廊灯,lighting,"[{""device_id"":""light.hallway"",""action"":""set_brightness"",""parameters"":{""brightness"":60}}]",train,synthetic_template_v1,contains_no_real_user_data
SHC-0043,帮我把衣帽间灯亮度调到70%吧,explicit,parameter,explicit_control,衣帽间,light.cloakroom,衣帽间灯,lighting,"[{""device_id"":""light.cloakroom"",""action"":""set_brightness"",""parameters"":{""brightness"":70}}]",train,synthetic_template_v1,contains_no_real_user_data
SHC-0044,现在把儿童房灯亮度调到80%吧,explicit,parameter,explicit_control,儿童房,light.children,儿童房灯,lighting,"[{""device_id"":""light.children"",""action"":""set_brightness"",""parameters"":{""brightness"":80}}]",train,synthetic_template_v1,contains_no_real_user_data
SHC-0045,可以帮我把车库灯亮度调到90%吧,explicit,parameter,explicit_control,车库,light.garage,车库灯,lighting,"[{""device_id"":""light.garage"",""action"":""set_brightness"",""parameters"":{""brightness"":90}}]",train,synthetic_template_v1,contains_no_real_user_data
SHC-0046,可以帮我把客厅主灯亮度调到10%吧,explicit,parameter,explicit_control,客厅,light.living_main,客厅主灯,lighting,"[{""device_id"":""light.living_main"",""action"":""set_brightness"",""parameters"":{""brightness"":10}}]",train,synthetic_template_v1,contains_no_real_user_data
SHC-0047,帮我把客厅氛围灯亮度调到20%,explicit,parameter,explicit_control,客厅,light.living_ambient,客厅氛围灯,lighting,"[{""device_id"":""light.living_ambient"",""action"":""set_brightness"",""parameters"":{""brightness"":20}}]",train,synthetic_template_v1,contains_no_real_user_data
SHC-0048,可以帮我把餐厅吊灯亮度调到30%,explicit,parameter,explicit_control,餐厅,light.dining,餐厅吊灯,lighting,"[{""device_id"":""light.dining"",""action"":""set_brightness"",""parameters"":{""brightness"":30}}]",validation,synthetic_template_v1,contains_no_real_user_data
SHC-0049,现在把厨房顶灯亮度调到40%吧,explicit,parameter,explicit_control,厨房,light.kitchen,厨房顶灯,lighting,"[{""device_id"":""light.kitchen"",""action"":""set_brightness"",""parameters"":{""brightness"":40}}]",test,synthetic_template_v1,contains_no_real_user_data
SHC-0050,麻烦把主卧顶灯亮度调到50%谢谢,explicit,parameter,explicit_control,主卧,light.bedroom_main,主卧顶灯,lighting,"[{""device_id"":""light.bedroom_main"",""action"":""set_brightness"",""parameters"":{""brightness"":50}}]",train,synthetic_template_v1,contains_no_real_user_data
SHC-0051,请把主卧床头灯亮度调到60%现在就执行,explicit,parameter,explicit_control,主卧,light.bedside,主卧床头灯,lighting,"[{""device_id"":""light.bedside"",""action"":""set_brightness"",""parameters"":{""brightness"":60}}]",train,synthetic_template_v1,contains_no_real_user_data
SHC-0052,请把次卧顶灯亮度调到70%吧,explicit,parameter,explicit_control,次卧,light.bedroom_second,次卧顶灯,lighting,"[{""device_id"":""light.bedroom_second"",""action"":""set_brightness"",""parameters"":{""brightness"":70}}]",train,synthetic_template_v1,contains_no_real_user_data
SHC-0053,帮我把书房灯亮度调到80%现在就执行,explicit,parameter,explicit_control,书房,light.study,书房灯,lighting,"[{""device_id"":""light.study"",""action"":""set_brightness"",""parameters"":{""brightness"":80}}]",train,synthetic_template_v1,contains_no_real_user_data
SHC-0054,请把卫生间灯亮度调到90%现在就执行,explicit,parameter,explicit_control,卫生间,light.bathroom,卫生间灯,lighting,"[{""device_id"":""light.bathroom"",""action"":""set_brightness"",""parameters"":{""brightness"":90}}]",train,synthetic_template_v1,contains_no_real_user_data
SHC-0055,可以帮我把玄关灯亮度调到10%一下,explicit,parameter,explicit_control,玄关,light.entry,玄关灯,lighting,"[{""device_id"":""light.entry"",""action"":""set_brightness"",""parameters"":{""brightness"":10}}]",train,synthetic_template_v1,contains_no_real_user_data
SHC-0056,可以帮我把阳台灯亮度调到20%谢谢,explicit,parameter,explicit_control,阳台,light.balcony,阳台灯,lighting,"[{""device_id"":""light.balcony"",""action"":""set_brightness"",""parameters"":{""brightness"":20}}]",train,synthetic_template_v1,contains_no_real_user_data
SHC-0057,可以帮我把走廊灯亮度调到30%一下,explicit,parameter,explicit_control,走廊,light.hallway,走廊灯,lighting,"[{""device_id"":""light.hallway"",""action"":""set_brightness"",""parameters"":{""brightness"":30}}]",train,synthetic_template_v1,contains_no_real_user_data
SHC-0058,帮我把衣帽间灯亮度调到40%谢谢,explicit,parameter,explicit_control,衣帽间,light.cloakroom,衣帽间灯,lighting,"[{""device_id"":""light.cloakroom"",""action"":""set_brightness"",""parameters"":{""brightness"":40}}]",validation,synthetic_template_v1,contains_no_real_user_data
SHC-0059,现在把儿童房灯亮度调到50%吧,explicit,parameter,explicit_control,儿童房,light.children,儿童房灯,lighting,"[{""device_id"":""light.children"",""action"":""set_brightness"",""parameters"":{""brightness"":50}}]",test,synthetic_template_v1,contains_no_real_user_data
SHC-0060,帮我把车库灯亮度调到60%谢谢,explicit,parameter,explicit_control,车库,light.garage,车库灯,lighting,"[{""device_id"":""light.garage"",""action"":""set_brightness"",""parameters"":{""brightness"":60}}]",train,synthetic_template_v1,contains_no_real_user_data
SHC-0061,请打开客厅主灯谢谢,explicit,switch,explicit_control,客厅,light.living_main,客厅主灯,lighting,"[{""device_id"":""light.living_main"",""action"":""turn_on"",""parameters"":{}}]",train,synthetic_template_v1,contains_no_real_user_data
SHC-0062,现在关闭客厅氛围灯谢谢,explicit,switch,explicit_control,客厅,light.living_ambient,客厅氛围灯,lighting,"[{""device_id"":""light.living_ambient"",""action"":""turn_off"",""parameters"":{}}]",train,synthetic_template_v1,contains_no_real_user_data
SHC-0063,可以帮我打开餐厅吊灯谢谢,explicit,switch,explicit_control,餐厅,light.dining,餐厅吊灯,lighting,"[{""device_id"":""light.dining"",""action"":""turn_on"",""parameters"":{}}]",train,synthetic_template_v1,contains_no_real_user_data
SHC-0064,麻烦关闭厨房顶灯,explicit,switch,explicit_control,厨房,light.kitchen,厨房顶灯,lighting,"[{""device_id"":""light.kitchen"",""action"":""turn_off"",""parameters"":{}}]",train,synthetic_template_v1,contains_no_real_user_data
SHC-0065,帮我打开主卧顶灯,explicit,switch,explicit_control,主卧,light.bedroom_main,主卧顶灯,lighting,"[{""device_id"":""light.bedroom_main"",""action"":""turn_on"",""parameters"":{}}]",train,synthetic_template_v1,contains_no_real_user_data
SHC-0066,现在关闭主卧床头灯现在就执行,explicit,switch,explicit_control,主卧,light.bedside,主卧床头灯,lighting,"[{""device_id"":""light.bedside"",""action"":""turn_off"",""parameters"":{}}]",train,synthetic_template_v1,contains_no_real_user_data
SHC-0067,现在打开次卧顶灯谢谢,explicit,switch,explicit_control,次卧,light.bedroom_second,次卧顶灯,lighting,"[{""device_id"":""light.bedroom_second"",""action"":""turn_on"",""parameters"":{}}]",train,synthetic_template_v1,contains_no_real_user_data
SHC-0068,请关闭书房灯,explicit,switch,explicit_control,书房,light.study,书房灯,lighting,"[{""device_id"":""light.study"",""action"":""turn_off"",""parameters"":{}}]",validation,synthetic_template_v1,contains_no_real_user_data
SHC-0069,可以帮我打开卫生间灯谢谢,explicit,switch,explicit_control,卫生间,light.bathroom,卫生间灯,lighting,"[{""device_id"":""light.bathroom"",""action"":""turn_on"",""parameters"":{}}]",test,synthetic_template_v1,contains_no_real_user_data
SHC-0070,请关闭玄关灯一下,explicit,switch,explicit_control,玄关,light.entry,玄关灯,lighting,"[{""device_id"":""light.entry"",""action"":""turn_off"",""parameters"":{}}]",train,synthetic_template_v1,contains_no_real_user_data
SHC-0071,麻烦打开阳台灯现在就执行,explicit,switch,explicit_control,阳台,light.balcony,阳台灯,lighting,"[{""device_id"":""light.balcony"",""action"":""turn_on"",""parameters"":{}}]",train,synthetic_template_v1,contains_no_real_user_data
SHC-0072,现在关闭走廊灯现在就执行,explicit,switch,explicit_control,走廊,light.hallway,走廊灯,lighting,"[{""device_id"":""light.hallway"",""action"":""turn_off"",""parameters"":{}}]",train,synthetic_template_v1,contains_no_real_user_data
SHC-0073,请打开衣帽间灯吧,explicit,switch,explicit_control,衣帽间,light.cloakroom,衣帽间灯,lighting,"[{""device_id"":""light.cloakroom"",""action"":""turn_on"",""parameters"":{}}]",train,synthetic_template_v1,contains_no_real_user_data
SHC-0074,帮我关闭儿童房灯谢谢,explicit,switch,explicit_control,儿童房,light.children,儿童房灯,lighting,"[{""device_id"":""light.children"",""action"":""turn_off"",""parameters"":{}}]",train,synthetic_template_v1,contains_no_real_user_data
SHC-0075,帮我打开车库灯,explicit,switch,explicit_control,车库,light.garage,车库灯,lighting,"[{""device_id"":""light.garage"",""action"":""turn_on"",""parameters"":{}}]",train,synthetic_template_v1,contains_no_real_user_data
SHC-0076,可以帮我关闭客厅主灯,explicit,switch,explicit_control,客厅,light.living_main,客厅主灯,lighting,"[{""device_id"":""light.living_main"",""action"":""turn_off"",""parameters"":{}}]",train,synthetic_template_v1,contains_no_real_user_data
SHC-0077,可以帮我打开客厅氛围灯吧,explicit,switch,explicit_control,客厅,light.living_ambient,客厅氛围灯,lighting,"[{""device_id"":""light.living_ambient"",""action"":""turn_on"",""parameters"":{}}]",train,synthetic_template_v1,contains_no_real_user_data
SHC-0078,帮我关闭餐厅吊灯吧,explicit,switch,explicit_control,餐厅,light.dining,餐厅吊灯,lighting,"[{""device_id"":""light.dining"",""action"":""turn_off"",""parameters"":{}}]",validation,synthetic_template_v1,contains_no_real_user_data
SHC-0079,麻烦打开厨房顶灯,explicit,switch,explicit_control,厨房,light.kitchen,厨房顶灯,lighting,"[{""device_id"":""light.kitchen"",""action"":""turn_on"",""parameters"":{}}]",test,synthetic_template_v1,contains_no_real_user_data
SHC-0080,帮我关闭主卧顶灯,explicit,switch,explicit_control,主卧,light.bedroom_main,主卧顶灯,lighting,"[{""device_id"":""light.bedroom_main"",""action"":""turn_off"",""parameters"":{}}]",train,synthetic_template_v1,contains_no_real_user_data
SHC-0081,帮我打开主卧床头灯,explicit,switch,explicit_control,主卧,light.bedside,主卧床头灯,lighting,"[{""device_id"":""light.bedside"",""action"":""turn_on"",""parameters"":{}}]",train,synthetic_template_v1,contains_no_real_user_data
SHC-0082,帮我关闭次卧顶灯,explicit,switch,explicit_control,次卧,light.bedroom_second,次卧顶灯,lighting,"[{""device_id"":""light.bedroom_second"",""action"":""turn_off"",""parameters"":{}}]",train,synthetic_template_v1,contains_no_real_user_data
SHC-0083,麻烦打开书房灯现在就执行,explicit,switch,explicit_control,书房,light.study,书房灯,lighting,"[{""device_id"":""light.study"",""action"":""turn_on"",""parameters"":{}}]",train,synthetic_template_v1,contains_no_real_user_data
SHC-0084,可以帮我关闭卫生间灯一下,explicit,switch,explicit_control,卫生间,light.bathroom,卫生间灯,lighting,"[{""device_id"":""light.bathroom"",""action"":""turn_off"",""parameters"":{}}]",train,synthetic_template_v1,contains_no_real_user_data
SHC-0085,现在打开玄关灯吧,explicit,switch,explicit_control,玄关,light.entry,玄关灯,lighting,"[{""device_id"":""light.entry"",""action"":""turn_on"",""parameters"":{}}]",train,synthetic_template_v1,contains_no_real_user_data
SHC-0086,可以帮我关闭阳台灯,explicit,switch,explicit_control,阳台,light.balcony,阳台灯,lighting,"[{""device_id"":""light.balcony"",""action"":""turn_off"",""parameters"":{}}]",train,synthetic_template_v1,contains_no_real_user_data
SHC-0087,麻烦打开走廊灯一下,explicit,switch,explicit_control,走廊,light.hallway,走廊灯,lighting,"[{""device_id"":""light.hallway"",""action"":""turn_on"",""parameters"":{}}]",train,synthetic_template_v1,contains_no_real_user_data
SHC-0088,请关闭衣帽间灯吧,explicit,switch,explicit_control,衣帽间,light.cloakroom,衣帽间灯,lighting,"[{""device_id"":""light.cloakroom"",""action"":""turn_off"",""parameters"":{}}]",validation,synthetic_template_v1,contains_no_real_user_data
SHC-0089,可以帮我打开儿童房灯,explicit,switch,explicit_control,儿童房,light.children,儿童房灯,lighting,"[{""device_id"":""light.children"",""action"":""turn_on"",""parameters"":{}}]",test,synthetic_template_v1,contains_no_real_user_data
SHC-0090,可以帮我关闭车库灯现在就执行,explicit,switch,explicit_control,车库,light.garage,车库灯,lighting,"[{""device_id"":""light.garage"",""action"":""turn_off"",""parameters"":{}}]",train,synthetic_template_v1,contains_no_real_user_data
SHC-0091,帮我打开客厅主灯谢谢,explicit,switch,explicit_control,客厅,light.living_main,客厅主灯,lighting,"[{""device_id"":""light.living_main"",""action"":""turn_on"",""parameters"":{}}]",train,synthetic_template_v1,contains_no_real_user_data
SHC-0092,帮我关闭客厅氛围灯谢谢,explicit,switch,explicit_control,客厅,light.living_ambient,客厅氛围灯,lighting,"[{""device_id"":""light.living_ambient"",""action"":""turn_off"",""parameters"":{}}]",train,synthetic_template_v1,contains_no_real_user_data
SHC-0093,请打开餐厅吊灯现在就执行,explicit,switch,explicit_control,餐厅,light.dining,餐厅吊灯,lighting,"[{""device_id"":""light.dining"",""action"":""turn_on"",""parameters"":{}}]",train,synthetic_template_v1,contains_no_real_user_data
SHC-0094,麻烦关闭厨房顶灯,explicit,switch,explicit_control,厨房,light.kitchen,厨房顶灯,lighting,"[{""device_id"":""light.kitchen"",""action"":""turn_off"",""parameters"":{}}]",train,synthetic_template_v1,contains_no_real_user_data
SHC-0095,可以帮我打开主卧顶灯谢谢,explicit,switch,explicit_control,主卧,light.bedroom_main,主卧顶灯,lighting,"[{""device_id"":""light.bedroom_main"",""action"":""turn_on"",""parameters"":{}}]",train,synthetic_template_v1,contains_no_real_user_data
SHC-0096,帮我关闭主卧床头灯谢谢,explicit,switch,explicit_control,主卧,light.bedside,主卧床头灯,lighting,"[{""device_id"":""light.bedside"",""action"":""turn_off"",""parameters"":{}}]",train,synthetic_template_v1,contains_no_real_user_data
SHC-0097,可以帮我打开次卧顶灯谢谢,explicit,switch,explicit_control,次卧,light.bedroom_second,次卧顶灯,lighting,"[{""device_id"":""light.bedroom_second"",""action"":""turn_on"",""parameters"":{}}]",train,synthetic_template_v1,contains_no_real_user_data
SHC-0098,可以帮我关闭书房灯一下,explicit,switch,explicit_control,书房,light.study,书房灯,lighting,"[{""device_id"":""light.study"",""action"":""turn_off"",""parameters"":{}}]",validation,synthetic_template_v1,contains_no_real_user_data
SHC-0099,可以帮我打开卫生间灯吧,explicit,switch,explicit_control,卫生间,light.bathroom,卫生间灯,lighting,"[{""device_id"":""light.bathroom"",""action"":""turn_on"",""parameters"":{}}]",test,synthetic_template_v1,contains_no_real_user_data
SHC-0100,请关闭玄关灯现在就执行,explicit,switch,explicit_control,玄关,light.entry,玄关灯,lighting,"[{""device_id"":""light.entry"",""action"":""turn_off"",""parameters"":{}}]",train,synthetic_template_v1,contains_no_real_user_data
SHC-0101,请打开阳台灯一下,explicit,switch,explicit_control,阳台,light.balcony,阳台灯,lighting,"[{""device_id"":""light.balcony"",""action"":""turn_on"",""parameters"":{}}]",train,synthetic_template_v1,contains_no_real_user_data
SHC-0102,可以帮我关闭走廊灯,explicit,switch,explicit_control,走廊,light.hallway,走廊灯,lighting,"[{""device_id"":""light.hallway"",""action"":""turn_off"",""parameters"":{}}]",train,synthetic_template_v1,contains_no_real_user_data
SHC-0103,现在打开衣帽间灯现在就执行,explicit,switch,explicit_control,衣帽间,light.cloakroom,衣帽间灯,lighting,"[{""device_id"":""light.cloakroom"",""action"":""turn_on"",""parameters"":{}}]",train,synthetic_template_v1,contains_no_real_user_data
SHC-0104,可以帮我关闭儿童房灯一下,explicit,switch,explicit_control,儿童房,light.children,儿童房灯,lighting,"[{""device_id"":""light.children"",""action"":""turn_off"",""parameters"":{}}]",train,synthetic_template_v1,contains_no_real_user_data
SHC-0105,帮我打开车库灯,explicit,switch,explicit_control,车库,light.garage,车库灯,lighting,"[{""device_id"":""light.garage"",""action"":""turn_on"",""parameters"":{}}]",train,synthetic_template_v1,contains_no_real_user_data
SHC-0106,可以帮我关闭客厅主灯,explicit,switch,explicit_control,客厅,light.living_main,客厅主灯,lighting,"[{""device_id"":""light.living_main"",""action"":""turn_off"",""parameters"":{}}]",train,synthetic_template_v1,contains_no_real_user_data
SHC-0107,现在打开客厅氛围灯吧,explicit,switch,explicit_control,客厅,light.living_ambient,客厅氛围灯,lighting,"[{""device_id"":""light.living_ambient"",""action"":""turn_on"",""parameters"":{}}]",train,synthetic_template_v1,contains_no_real_user_data
SHC-0108,可以帮我关闭餐厅吊灯现在就执行,explicit,switch,explicit_control,餐厅,light.dining,餐厅吊灯,lighting,"[{""device_id"":""light.dining"",""action"":""turn_off"",""parameters"":{}}]",validation,synthetic_template_v1,contains_no_real_user_data
SHC-0109,可以帮我打开厨房顶灯吧,explicit,switch,explicit_control,厨房,light.kitchen,厨房顶灯,lighting,"[{""device_id"":""light.kitchen"",""action"":""turn_on"",""parameters"":{}}]",test,synthetic_template_v1,contains_no_real_user_data
SHC-0110,麻烦关闭主卧顶灯吧,explicit,switch,explicit_control,主卧,light.bedroom_main,主卧顶灯,lighting,"[{""device_id"":""light.bedroom_main"",""action"":""turn_off"",""parameters"":{}}]",train,synthetic_template_v1,contains_no_real_user_data
SHC-0111,帮我打开主卧床头灯吧,explicit,switch,explicit_control,主卧,light.bedside,主卧床头灯,lighting,"[{""device_id"":""light.bedside"",""action"":""turn_on"",""parameters"":{}}]",train,synthetic_template_v1,contains_no_real_user_data
SHC-0112,请关闭次卧顶灯现在就执行,explicit,switch,explicit_control,次卧,light.bedroom_second,次卧顶灯,lighting,"[{""device_id"":""light.bedroom_second"",""action"":""turn_off"",""parameters"":{}}]",train,synthetic_template_v1,contains_no_real_user_data
SHC-0113,麻烦打开书房灯,explicit,switch,explicit_control,书房,light.study,书房灯,lighting,"[{""device_id"":""light.study"",""action"":""turn_on"",""parameters"":{}}]",train,synthetic_template_v1,contains_no_real_user_data
SHC-0114,请关闭卫生间灯一下,explicit,switch,explicit_control,卫生间,light.bathroom,卫生间灯,lighting,"[{""device_id"":""light.bathroom"",""action"":""turn_off"",""parameters"":{}}]",train,synthetic_template_v1,contains_no_real_user_data
SHC-0115,可以帮我打开玄关灯谢谢,explicit,switch,explicit_control,玄关,light.entry,玄关灯,lighting,"[{""device_id"":""light.entry"",""action"":""turn_on"",""parameters"":{}}]",train,synthetic_template_v1,contains_no_real_user_data
SHC-0116,现在关闭阳台灯谢谢,explicit,switch,explicit_control,阳台,light.balcony,阳台灯,lighting,"[{""device_id"":""light.balcony"",""action"":""turn_off"",""parameters"":{}}]",train,synthetic_template_v1,contains_no_real_user_data
SHC-0117,可以帮我打开走廊灯谢谢,explicit,switch,explicit_control,走廊,light.hallway,走廊灯,lighting,"[{""device_id"":""light.hallway"",""action"":""turn_on"",""parameters"":{}}]",train,synthetic_template_v1,contains_no_real_user_data
SHC-0118,麻烦关闭衣帽间灯谢谢,explicit,switch,explicit_control,衣帽间,light.cloakroom,衣帽间灯,lighting,"[{""device_id"":""light.cloakroom"",""action"":""turn_off"",""parameters"":{}}]",validation,synthetic_template_v1,contains_no_real_user_data
SHC-0119,现在打开儿童房灯,explicit,switch,explicit_control,儿童房,light.children,儿童房灯,lighting,"[{""device_id"":""light.children"",""action"":""turn_on"",""parameters"":{}}]",test,synthetic_template_v1,contains_no_real_user_data
SHC-0120,帮我关闭车库灯吧,explicit,switch,explicit_control,车库,light.garage,车库灯,lighting,"[{""device_id"":""light.garage"",""action"":""turn_off"",""parameters"":{}}]",train,synthetic_template_v1,contains_no_real_user_data
SHC-0121,现在打开客厅主灯谢谢,explicit,switch,explicit_control,客厅,light.living_main,客厅主灯,lighting,"[{""device_id"":""light.living_main"",""action"":""turn_on"",""parameters"":{}}]",train,synthetic_template_v1,contains_no_real_user_data
SHC-0122,可以帮我关闭客厅氛围灯谢谢,explicit,switch,explicit_control,客厅,light.living_ambient,客厅氛围灯,lighting,"[{""device_id"":""light.living_ambient"",""action"":""turn_off"",""parameters"":{}}]",train,synthetic_template_v1,contains_no_real_user_data
SHC-0123,可以帮我打开餐厅吊灯一下,explicit,switch,explicit_control,餐厅,light.dining,餐厅吊灯,lighting,"[{""device_id"":""light.dining"",""action"":""turn_on"",""parameters"":{}}]",train,synthetic_template_v1,contains_no_real_user_data
SHC-0124,麻烦关闭厨房顶灯,explicit,switch,explicit_control,厨房,light.kitchen,厨房顶灯,lighting,"[{""device_id"":""light.kitchen"",""action"":""turn_off"",""parameters"":{}}]",train,synthetic_template_v1,contains_no_real_user_data
SHC-0125,现在打开主卧顶灯谢谢,explicit,switch,explicit_control,主卧,light.bedroom_main,主卧顶灯,lighting,"[{""device_id"":""light.bedroom_main"",""action"":""turn_on"",""parameters"":{}}]",train,synthetic_template_v1,contains_no_real_user_data
SHC-0126,帮我关闭主卧床头灯谢谢,explicit,switch,explicit_control,主卧,light.bedside,主卧床头灯,lighting,"[{""device_id"":""light.bedside"",""action"":""turn_off"",""parameters"":{}}]",train,synthetic_template_v1,contains_no_real_user_data
SHC-0127,请打开次卧顶灯,explicit,switch,explicit_control,次卧,light.bedroom_second,次卧顶灯,lighting,"[{""device_id"":""light.bedroom_second"",""action"":""turn_on"",""parameters"":{}}]",train,synthetic_template_v1,contains_no_real_user_data
SHC-0128,请关闭书房灯现在就执行,explicit,switch,explicit_control,书房,light.study,书房灯,lighting,"[{""device_id"":""light.study"",""action"":""turn_off"",""parameters"":{}}]",validation,synthetic_template_v1,contains_no_real_user_data
SHC-0129,可以帮我打开卫生间灯谢谢,explicit,switch,explicit_control,卫生间,light.bathroom,卫生间灯,lighting,"[{""device_id"":""light.bathroom"",""action"":""turn_on"",""parameters"":{}}]",test,synthetic_template_v1,contains_no_real_user_data
SHC-0130,麻烦关闭玄关灯一下,explicit,switch,explicit_control,玄关,light.entry,玄关灯,lighting,"[{""device_id"":""light.entry"",""action"":""turn_off"",""parameters"":{}}]",train,synthetic_template_v1,contains_no_real_user_data
SHC-0131,请打开阳台灯谢谢,explicit,switch,explicit_control,阳台,light.balcony,阳台灯,lighting,"[{""device_id"":""light.balcony"",""action"":""turn_on"",""parameters"":{}}]",train,synthetic_template_v1,contains_no_real_user_data
SHC-0132,可以帮我关闭走廊灯吧,explicit,switch,explicit_control,走廊,light.hallway,走廊灯,lighting,"[{""device_id"":""light.hallway"",""action"":""turn_off"",""parameters"":{}}]",train,synthetic_template_v1,contains_no_real_user_data
SHC-0133,可以帮我打开衣帽间灯一下,explicit,switch,explicit_control,衣帽间,light.cloakroom,衣帽间灯,lighting,"[{""device_id"":""light.cloakroom"",""action"":""turn_on"",""parameters"":{}}]",train,synthetic_template_v1,contains_no_real_user_data
SHC-0134,麻烦关闭儿童房灯谢谢,explicit,switch,explicit_control,儿童房,light.children,儿童房灯,lighting,"[{""device_id"":""light.children"",""action"":""turn_off"",""parameters"":{}}]",train,synthetic_template_v1,contains_no_real_user_data
SHC-0135,可以帮我打开车库灯现在就执行,explicit,switch,explicit_control,车库,light.garage,车库灯,lighting,"[{""device_id"":""light.garage"",""action"":""turn_on"",""parameters"":{}}]",train,synthetic_template_v1,contains_no_real_user_data
SHC-0136,帮我关闭客厅主灯,explicit,switch,explicit_control,客厅,light.living_main,客厅主灯,lighting,"[{""device_id"":""light.living_main"",""action"":""turn_off"",""parameters"":{}}]",train,synthetic_template_v1,contains_no_real_user_data
SHC-0137,可以帮我打开客厅氛围灯现在就执行,explicit,switch,explicit_control,客厅,light.living_ambient,客厅氛围灯,lighting,"[{""device_id"":""light.living_ambient"",""action"":""turn_on"",""parameters"":{}}]",train,synthetic_template_v1,contains_no_real_user_data
SHC-0138,可以帮我关闭餐厅吊灯谢谢,explicit,switch,explicit_control,餐厅,light.dining,餐厅吊灯,lighting,"[{""device_id"":""light.dining"",""action"":""turn_off"",""parameters"":{}}]",validation,synthetic_template_v1,contains_no_real_user_data
SHC-0139,帮我打开厨房顶灯,explicit,switch,explicit_control,厨房,light.kitchen,厨房顶灯,lighting,"[{""device_id"":""light.kitchen"",""action"":""turn_on"",""parameters"":{}}]",test,synthetic_template_v1,contains_no_real_user_data
SHC-0140,现在关闭主卧顶灯谢谢,explicit,switch,explicit_control,主卧,light.bedroom_main,主卧顶灯,lighting,"[{""device_id"":""light.bedroom_main"",""action"":""turn_off"",""parameters"":{}}]",train,synthetic_template_v1,contains_no_real_user_data
SHC-0141,现在打开主卧床头灯现在就执行,explicit,switch,explicit_control,主卧,light.bedside,主卧床头灯,lighting,"[{""device_id"":""light.bedside"",""action"":""turn_on"",""parameters"":{}}]",train,synthetic_template_v1,contains_no_real_user_data
SHC-0142,帮我关闭次卧顶灯谢谢,explicit,switch,explicit_control,次卧,light.bedroom_second,次卧顶灯,lighting,"[{""device_id"":""light.bedroom_second"",""action"":""turn_off"",""parameters"":{}}]",train,synthetic_template_v1,contains_no_real_user_data
SHC-0143,请打开书房灯吧,explicit,switch,explicit_control,书房,light.study,书房灯,lighting,"[{""device_id"":""light.study"",""action"":""turn_on"",""parameters"":{}}]",train,synthetic_template_v1,contains_no_real_user_data
SHC-0144,麻烦关闭卫生间灯现在就执行,explicit,switch,explicit_control,卫生间,light.bathroom,卫生间灯,lighting,"[{""device_id"":""light.bathroom"",""action"":""turn_off"",""parameters"":{}}]",train,synthetic_template_v1,contains_no_real_user_data
SHC-0145,可以帮我打开玄关灯谢谢,explicit,switch,explicit_control,玄关,light.entry,玄关灯,lighting,"[{""device_id"":""light.entry"",""action"":""turn_on"",""parameters"":{}}]",train,synthetic_template_v1,contains_no_real_user_data
SHC-0146,现在关闭阳台灯一下,explicit,switch,explicit_control,阳台,light.balcony,阳台灯,lighting,"[{""device_id"":""light.balcony"",""action"":""turn_off"",""parameters"":{}}]",train,synthetic_template_v1,contains_no_real_user_data
SHC-0147,请打开走廊灯吧,explicit,switch,explicit_control,走廊,light.hallway,走廊灯,lighting,"[{""device_id"":""light.hallway"",""action"":""turn_on"",""parameters"":{}}]",train,synthetic_template_v1,contains_no_real_user_data
SHC-0148,帮我关闭衣帽间灯吧,explicit,switch,explicit_control,衣帽间,light.cloakroom,衣帽间灯,lighting,"[{""device_id"":""light.cloakroom"",""action"":""turn_off"",""parameters"":{}}]",validation,synthetic_template_v1,contains_no_real_user_data
SHC-0149,现在打开儿童房灯现在就执行,explicit,switch,explicit_control,儿童房,light.children,儿童房灯,lighting,"[{""device_id"":""light.children"",""action"":""turn_on"",""parameters"":{}}]",test,synthetic_template_v1,contains_no_real_user_data
SHC-0150,帮我关闭车库灯一下,explicit,switch,explicit_control,车库,light.garage,车库灯,lighting,"[{""device_id"":""light.garage"",""action"":""turn_off"",""parameters"":{}}]",train,synthetic_template_v1,contains_no_real_user_data
SHC-0151,麻烦打开客厅主灯一下,explicit,switch,explicit_control,客厅,light.living_main,客厅主灯,lighting,"[{""device_id"":""light.living_main"",""action"":""turn_on"",""parameters"":{}}]",train,synthetic_template_v1,contains_no_real_user_data
SHC-0152,可以帮我关闭客厅氛围灯吧,explicit,switch,explicit_control,客厅,light.living_ambient,客厅氛围灯,lighting,"[{""device_id"":""light.living_ambient"",""action"":""turn_off"",""parameters"":{}}]",train,synthetic_template_v1,contains_no_real_user_data
SHC-0153,请打开餐厅吊灯谢谢,explicit,switch,explicit_control,餐厅,light.dining,餐厅吊灯,lighting,"[{""device_id"":""light.dining"",""action"":""turn_on"",""parameters"":{}}]",train,synthetic_template_v1,contains_no_real_user_data
SHC-0154,帮我关闭厨房顶灯一下,explicit,switch,explicit_control,厨房,light.kitchen,厨房顶灯,lighting,"[{""device_id"":""light.kitchen"",""action"":""turn_off"",""parameters"":{}}]",train,synthetic_template_v1,contains_no_real_user_data
SHC-0155,麻烦打开主卧顶灯谢谢,explicit,switch,explicit_control,主卧,light.bedroom_main,主卧顶灯,lighting,"[{""device_id"":""light.bedroom_main"",""action"":""turn_on"",""parameters"":{}}]",train,synthetic_template_v1,contains_no_real_user_data
SHC-0156,可以帮我关闭主卧床头灯一下,explicit,switch,explicit_control,主卧,light.bedside,主卧床头灯,lighting,"[{""device_id"":""light.bedside"",""action"":""turn_off"",""parameters"":{}}]",train,synthetic_template_v1,contains_no_real_user_data
SHC-0157,麻烦打开次卧顶灯,explicit,switch,explicit_control,次卧,light.bedroom_second,次卧顶灯,lighting,"[{""device_id"":""light.bedroom_second"",""action"":""turn_on"",""parameters"":{}}]",train,synthetic_template_v1,contains_no_real_user_data
SHC-0158,请关闭书房灯谢谢,explicit,switch,explicit_control,书房,light.study,书房灯,lighting,"[{""device_id"":""light.study"",""action"":""turn_off"",""parameters"":{}}]",validation,synthetic_template_v1,contains_no_real_user_data
SHC-0159,可以帮我打开卫生间灯一下,explicit,switch,explicit_control,卫生间,light.bathroom,卫生间灯,lighting,"[{""device_id"":""light.bathroom"",""action"":""turn_on"",""parameters"":{}}]",test,synthetic_template_v1,contains_no_real_user_data
SHC-0160,帮我关闭玄关灯现在就执行,explicit,switch,explicit_control,玄关,light.entry,玄关灯,lighting,"[{""device_id"":""light.entry"",""action"":""turn_off"",""parameters"":{}}]",train,synthetic_template_v1,contains_no_real_user_data
SHC-0161,请打开阳台灯谢谢,explicit,switch,explicit_control,阳台,light.balcony,阳台灯,lighting,"[{""device_id"":""light.balcony"",""action"":""turn_on"",""parameters"":{}}]",train,synthetic_template_v1,contains_no_real_user_data
SHC-0162,麻烦关闭走廊灯现在就执行,explicit,switch,explicit_control,走廊,light.hallway,走廊灯,lighting,"[{""device_id"":""light.hallway"",""action"":""turn_off"",""parameters"":{}}]",train,synthetic_template_v1,contains_no_real_user_data
SHC-0163,现在打开衣帽间灯谢谢,explicit,switch,explicit_control,衣帽间,light.cloakroom,衣帽间灯,lighting,"[{""device_id"":""light.cloakroom"",""action"":""turn_on"",""parameters"":{}}]",train,synthetic_template_v1,contains_no_real_user_data
SHC-0164,现在关闭儿童房灯,explicit,switch,explicit_control,儿童房,light.children,儿童房灯,lighting,"[{""device_id"":""light.children"",""action"":""turn_off"",""parameters"":{}}]",train,synthetic_template_v1,contains_no_real_user_data
SHC-0165,现在打开车库灯吧,explicit,switch,explicit_control,车库,light.garage,车库灯,lighting,"[{""device_id"":""light.garage"",""action"":""turn_on"",""parameters"":{}}]",train,synthetic_template_v1,contains_no_real_user_data
SHC-0166,麻烦关闭客厅主灯,explicit,switch,explicit_control,客厅,light.living_main,客厅主灯,lighting,"[{""device_id"":""light.living_main"",""action"":""turn_off"",""parameters"":{}}]",train,synthetic_template_v1,contains_no_real_user_data
SHC-0167,可以帮我打开客厅氛围灯一下,explicit,switch,explicit_control,客厅,light.living_ambient,客厅氛围灯,lighting,"[{""device_id"":""light.living_ambient"",""action"":""turn_on"",""parameters"":{}}]",train,synthetic_template_v1,contains_no_real_user_data
SHC-0168,麻烦关闭餐厅吊灯吧,explicit,switch,explicit_control,餐厅,light.dining,餐厅吊灯,lighting,"[{""device_id"":""light.dining"",""action"":""turn_off"",""parameters"":{}}]",validation,synthetic_template_v1,contains_no_real_user_data
SHC-0169,麻烦打开厨房顶灯一下,explicit,switch,explicit_control,厨房,light.kitchen,厨房顶灯,lighting,"[{""device_id"":""light.kitchen"",""action"":""turn_on"",""parameters"":{}}]",test,synthetic_template_v1,contains_no_real_user_data
SHC-0170,请关闭主卧顶灯谢谢,explicit,switch,explicit_control,主卧,light.bedroom_main,主卧顶灯,lighting,"[{""device_id"":""light.bedroom_main"",""action"":""turn_off"",""parameters"":{}}]",train,synthetic_template_v1,contains_no_real_user_data
SHC-0171,现在打开主卧床头灯谢谢,explicit,switch,explicit_control,主卧,light.bedside,主卧床头灯,lighting,"[{""device_id"":""light.bedside"",""action"":""turn_on"",""parameters"":{}}]",train,synthetic_template_v1,contains_no_real_user_data
SHC-0172,帮我关闭次卧顶灯谢谢,explicit,switch,explicit_control,次卧,light.bedroom_second,次卧顶灯,lighting,"[{""device_id"":""light.bedroom_second"",""action"":""turn_off"",""parameters"":{}}]",train,synthetic_template_v1,contains_no_real_user_data
SHC-0173,可以帮我打开书房灯,explicit,switch,explicit_control,书房,light.study,书房灯,lighting,"[{""device_id"":""light.study"",""action"":""turn_on"",""parameters"":{}}]",train,synthetic_template_v1,contains_no_real_user_data
SHC-0174,请关闭卫生间灯,explicit,switch,explicit_control,卫生间,light.bathroom,卫生间灯,lighting,"[{""device_id"":""light.bathroom"",""action"":""turn_off"",""parameters"":{}}]",train,synthetic_template_v1,contains_no_real_user_data
SHC-0175,现在打开玄关灯现在就执行,explicit,switch,explicit_control,玄关,light.entry,玄关灯,lighting,"[{""device_id"":""light.entry"",""action"":""turn_on"",""parameters"":{}}]",train,synthetic_template_v1,contains_no_real_user_data
SHC-0176,帮我关闭阳台灯吧,explicit,switch,explicit_control,阳台,light.balcony,阳台灯,lighting,"[{""device_id"":""light.balcony"",""action"":""turn_off"",""parameters"":{}}]",train,synthetic_template_v1,contains_no_real_user_data
SHC-0177,帮我打开走廊灯一下,explicit,switch,explicit_control,走廊,light.hallway,走廊灯,lighting,"[{""device_id"":""light.hallway"",""action"":""turn_on"",""parameters"":{}}]",train,synthetic_template_v1,contains_no_real_user_data
SHC-0178,帮我关闭衣帽间灯谢谢,explicit,switch,explicit_control,衣帽间,light.cloakroom,衣帽间灯,lighting,"[{""device_id"":""light.cloakroom"",""action"":""turn_off"",""parameters"":{}}]",validation,synthetic_template_v1,contains_no_real_user_data
SHC-0179,请打开儿童房灯,explicit,switch,explicit_control,儿童房,light.children,儿童房灯,lighting,"[{""device_id"":""light.children"",""action"":""turn_on"",""parameters"":{}}]",test,synthetic_template_v1,contains_no_real_user_data
SHC-0180,麻烦关闭车库灯一下,explicit,switch,explicit_control,车库,light.garage,车库灯,lighting,"[{""device_id"":""light.garage"",""action"":""turn_off"",""parameters"":{}}]",train,synthetic_template_v1,contains_no_real_user_data
SHC-0181,现在打开客厅主灯一下,explicit,switch,explicit_control,客厅,light.living_main,客厅主灯,lighting,"[{""device_id"":""light.living_main"",""action"":""turn_on"",""parameters"":{}}]",train,synthetic_template_v1,contains_no_real_user_data
SHC-0182,现在关闭客厅氛围灯谢谢,explicit,switch,explicit_control,客厅,light.living_ambient,客厅氛围灯,lighting,"[{""device_id"":""light.living_ambient"",""action"":""turn_off"",""parameters"":{}}]",train,synthetic_template_v1,contains_no_real_user_data
SHC-0183,可以帮我打开餐厅吊灯一下,explicit,switch,explicit_control,餐厅,light.dining,餐厅吊灯,lighting,"[{""device_id"":""light.dining"",""action"":""turn_on"",""parameters"":{}}]",train,synthetic_template_v1,contains_no_real_user_data
SHC-0184,帮我关闭厨房顶灯现在就执行,explicit,switch,explicit_control,厨房,light.kitchen,厨房顶灯,lighting,"[{""device_id"":""light.kitchen"",""action"":""turn_off"",""parameters"":{}}]",train,synthetic_template_v1,contains_no_real_user_data
SHC-0185,请打开主卧顶灯一下,explicit,switch,explicit_control,主卧,light.bedroom_main,主卧顶灯,lighting,"[{""device_id"":""light.bedroom_main"",""action"":""turn_on"",""parameters"":{}}]",train,synthetic_template_v1,contains_no_real_user_data
SHC-0186,麻烦关闭主卧床头灯谢谢,explicit,switch,explicit_control,主卧,light.bedside,主卧床头灯,lighting,"[{""device_id"":""light.bedside"",""action"":""turn_off"",""parameters"":{}}]",train,synthetic_template_v1,contains_no_real_user_data
SHC-0187,麻烦打开次卧顶灯谢谢,explicit,switch,explicit_control,次卧,light.bedroom_second,次卧顶灯,lighting,"[{""device_id"":""light.bedroom_second"",""action"":""turn_on"",""parameters"":{}}]",train,synthetic_template_v1,contains_no_real_user_data
SHC-0188,请关闭书房灯一下,explicit,switch,explicit_control,书房,light.study,书房灯,lighting,"[{""device_id"":""light.study"",""action"":""turn_off"",""parameters"":{}}]",validation,synthetic_template_v1,contains_no_real_user_data
SHC-0189,麻烦打开卫生间灯,explicit,switch,explicit_control,卫生间,light.bathroom,卫生间灯,lighting,"[{""device_id"":""light.bathroom"",""action"":""turn_on"",""parameters"":{}}]",test,synthetic_template_v1,contains_no_real_user_data
SHC-0190,请关闭玄关灯吧,explicit,switch,explicit_control,玄关,light.entry,玄关灯,lighting,"[{""device_id"":""light.entry"",""action"":""turn_off"",""parameters"":{}}]",train,synthetic_template_v1,contains_no_real_user_data
SHC-0191,现在打开阳台灯一下,explicit,switch,explicit_control,阳台,light.balcony,阳台灯,lighting,"[{""device_id"":""light.balcony"",""action"":""turn_on"",""parameters"":{}}]",train,synthetic_template_v1,contains_no_real_user_data
SHC-0192,可以帮我关闭走廊灯现在就执行,explicit,switch,explicit_control,走廊,light.hallway,走廊灯,lighting,"[{""device_id"":""light.hallway"",""action"":""turn_off"",""parameters"":{}}]",train,synthetic_template_v1,contains_no_real_user_data
SHC-0193,帮我打开衣帽间灯,explicit,switch,explicit_control,衣帽间,light.cloakroom,衣帽间灯,lighting,"[{""device_id"":""light.cloakroom"",""action"":""turn_on"",""parameters"":{}}]",train,synthetic_template_v1,contains_no_real_user_data
SHC-0194,现在关闭儿童房灯吧,explicit,switch,explicit_control,儿童房,light.children,儿童房灯,lighting,"[{""device_id"":""light.children"",""action"":""turn_off"",""parameters"":{}}]",train,synthetic_template_v1,contains_no_real_user_data
SHC-0195,麻烦打开车库灯现在就执行,explicit,switch,explicit_control,车库,light.garage,车库灯,lighting,"[{""device_id"":""light.garage"",""action"":""turn_on"",""parameters"":{}}]",train,synthetic_template_v1,contains_no_real_user_data
SHC-0196,麻烦关闭客厅主灯谢谢,explicit,switch,explicit_control,客厅,light.living_main,客厅主灯,lighting,"[{""device_id"":""light.living_main"",""action"":""turn_off"",""parameters"":{}}]",train,synthetic_template_v1,contains_no_real_user_data
SHC-0197,帮我打开客厅氛围灯,explicit,switch,explicit_control,客厅,light.living_ambient,客厅氛围灯,lighting,"[{""device_id"":""light.living_ambient"",""action"":""turn_on"",""parameters"":{}}]",train,synthetic_template_v1,contains_no_real_user_data
SHC-0198,现在关闭餐厅吊灯一下,explicit,switch,explicit_control,餐厅,light.dining,餐厅吊灯,lighting,"[{""device_id"":""light.dining"",""action"":""turn_off"",""parameters"":{}}]",validation,synthetic_template_v1,contains_no_real_user_data
SHC-0199,帮我打开厨房顶灯谢谢,explicit,switch,explicit_control,厨房,light.kitchen,厨房顶灯,lighting,"[{""device_id"":""light.kitchen"",""action"":""turn_on"",""parameters"":{}}]",test,synthetic_template_v1,contains_no_real_user_data
SHC-0200,帮我关闭主卧顶灯一下,explicit,switch,explicit_control,主卧,light.bedroom_main,主卧顶灯,lighting,"[{""device_id"":""light.bedroom_main"",""action"":""turn_off"",""parameters"":{}}]",train,synthetic_template_v1,contains_no_real_user_data
SHC-0201,麻烦打开主卧床头灯吧,explicit,switch,explicit_control,主卧,light.bedside,主卧床头灯,lighting,"[{""device_id"":""light.bedside"",""action"":""turn_on"",""parameters"":{}}]",train,synthetic_template_v1,contains_no_real_user_data
SHC-0202,可以帮我关闭次卧顶灯现在就执行,explicit,switch,explicit_control,次卧,light.bedroom_second,次卧顶灯,lighting,"[{""device_id"":""light.bedroom_second"",""action"":""turn_off"",""parameters"":{}}]",train,synthetic_template_v1,contains_no_real_user_data
SHC-0203,可以帮我打开书房灯吧,explicit,switch,explicit_control,书房,light.study,书房灯,lighting,"[{""device_id"":""light.study"",""action"":""turn_on"",""parameters"":{}}]",train,synthetic_template_v1,contains_no_real_user_data
SHC-0204,麻烦关闭卫生间灯谢谢,explicit,switch,explicit_control,卫生间,light.bathroom,卫生间灯,lighting,"[{""device_id"":""light.bathroom"",""action"":""turn_off"",""parameters"":{}}]",train,synthetic_template_v1,contains_no_real_user_data
SHC-0205,可以帮我打开玄关灯一下,explicit,switch,explicit_control,玄关,light.entry,玄关灯,lighting,"[{""device_id"":""light.entry"",""action"":""turn_on"",""parameters"":{}}]",train,synthetic_template_v1,contains_no_real_user_data
SHC-0206,现在关闭阳台灯谢谢,explicit,switch,explicit_control,阳台,light.balcony,阳台灯,lighting,"[{""device_id"":""light.balcony"",""action"":""turn_off"",""parameters"":{}}]",train,synthetic_template_v1,contains_no_real_user_data
SHC-0207,可以帮我打开走廊灯,explicit,switch,explicit_control,走廊,light.hallway,走廊灯,lighting,"[{""device_id"":""light.hallway"",""action"":""turn_on"",""parameters"":{}}]",train,synthetic_template_v1,contains_no_real_user_data
SHC-0208,可以帮我关闭衣帽间灯谢谢,explicit,switch,explicit_control,衣帽间,light.cloakroom,衣帽间灯,lighting,"[{""device_id"":""light.cloakroom"",""action"":""turn_off"",""parameters"":{}}]",validation,synthetic_template_v1,contains_no_real_user_data
SHC-0209,麻烦打开儿童房灯吧,explicit,switch,explicit_control,儿童房,light.children,儿童房灯,lighting,"[{""device_id"":""light.children"",""action"":""turn_on"",""parameters"":{}}]",test,synthetic_template_v1,contains_no_real_user_data
SHC-0210,帮我关闭车库灯一下,explicit,switch,explicit_control,车库,light.garage,车库灯,lighting,"[{""device_id"":""light.garage"",""action"":""turn_off"",""parameters"":{}}]",train,synthetic_template_v1,contains_no_real_user_data
SHC-0211,帮我打开客厅主灯现在就执行,explicit,switch,explicit_control,客厅,light.living_main,客厅主灯,lighting,"[{""device_id"":""light.living_main"",""action"":""turn_on"",""parameters"":{}}]",train,synthetic_template_v1,contains_no_real_user_data
SHC-0212,麻烦把卫生间热水器温度调到38度一下,explicit,parameter,explicit_control,卫生间,kitchen_bath.water_heater,卫生间热水器,kitchen_bath,"[{""device_id"":""kitchen_bath.water_heater"",""action"":""set_water_temperature"",""parameters"":{""water_temperature"":38}}]",train,synthetic_template_v1,contains_no_real_user_data
SHC-0213,麻烦把卫生间热水器温度调到39度现在就执行,explicit,parameter,explicit_control,卫生间,kitchen_bath.water_heater,卫生间热水器,kitchen_bath,"[{""device_id"":""kitchen_bath.water_heater"",""action"":""set_water_temperature"",""parameters"":{""water_temperature"":39}}]",train,synthetic_template_v1,contains_no_real_user_data
SHC-0214,麻烦把卫生间热水器温度调到40度,explicit,parameter,explicit_control,卫生间,kitchen_bath.water_heater,卫生间热水器,kitchen_bath,"[{""device_id"":""kitchen_bath.water_heater"",""action"":""set_water_temperature"",""parameters"":{""water_temperature"":40}}]",train,synthetic_template_v1,contains_no_real_user_data
SHC-0215,麻烦把卫生间热水器温度调到41度现在就执行,explicit,parameter,explicit_control,卫生间,kitchen_bath.water_heater,卫生间热水器,kitchen_bath,"[{""device_id"":""kitchen_bath.water_heater"",""action"":""set_water_temperature"",""parameters"":{""water_temperature"":41}}]",train,synthetic_template_v1,contains_no_real_user_data
SHC-0216,请把卫生间热水器温度调到42度吧,explicit,parameter,explicit_control,卫生间,kitchen_bath.water_heater,卫生间热水器,kitchen_bath,"[{""device_id"":""kitchen_bath.water_heater"",""action"":""set_water_temperature"",""parameters"":{""water_temperature"":42}}]",train,synthetic_template_v1,contains_no_real_user_data
SHC-0217,请把卫生间热水器温度调到43度一下,explicit,parameter,explicit_control,卫生间,kitchen_bath.water_heater,卫生间热水器,kitchen_bath,"[{""device_id"":""kitchen_bath.water_heater"",""action"":""set_water_temperature"",""parameters"":{""water_temperature"":43}}]",train,synthetic_template_v1,contains_no_real_user_data
SHC-0218,请把卫生间热水器温度调到44度现在就执行,explicit,parameter,explicit_control,卫生间,kitchen_bath.water_heater,卫生间热水器,kitchen_bath,"[{""device_id"":""kitchen_bath.water_heater"",""action"":""set_water_temperature"",""parameters"":{""water_temperature"":44}}]",validation,synthetic_template_v1,contains_no_real_user_data
SHC-0219,现在把卫生间热水器温度调到45度,explicit,parameter,explicit_control,卫生间,kitchen_bath.water_heater,卫生间热水器,kitchen_bath,"[{""device_id"":""kitchen_bath.water_heater"",""action"":""set_water_temperature"",""parameters"":{""water_temperature"":45}}]",test,synthetic_template_v1,contains_no_real_user_data
SHC-0220,现在把卫生间热水器温度调到46度谢谢,explicit,parameter,explicit_control,卫生间,kitchen_bath.water_heater,卫生间热水器,kitchen_bath,"[{""device_id"":""kitchen_bath.water_heater"",""action"":""set_water_temperature"",""parameters"":{""water_temperature"":46}}]",train,synthetic_template_v1,contains_no_real_user_data
SHC-0221,请把卫生间热水器温度调到47度吧,explicit,parameter,explicit_control,卫生间,kitchen_bath.water_heater,卫生间热水器,kitchen_bath,"[{""device_id"":""kitchen_bath.water_heater"",""action"":""set_water_temperature"",""parameters"":{""water_temperature"":47}}]",train,synthetic_template_v1,contains_no_real_user_data
SHC-0222,可以帮我打开卫生间热水器,explicit,switch,explicit_control,卫生间,kitchen_bath.water_heater,卫生间热水器,kitchen_bath,"[{""device_id"":""kitchen_bath.water_heater"",""action"":""turn_on"",""parameters"":{}}]",train,synthetic_template_v1,contains_no_real_user_data
SHC-0223,麻烦关闭厨房油烟机一下,explicit,switch,explicit_control,厨房,kitchen_bath.range_hood,厨房油烟机,kitchen_bath,"[{""device_id"":""kitchen_bath.range_hood"",""action"":""turn_off"",""parameters"":{}}]",train,synthetic_template_v1,contains_no_real_user_data
SHC-0224,帮我打开厨房洗碗机一下,explicit,switch,explicit_control,厨房,kitchen_bath.dishwasher,厨房洗碗机,kitchen_bath,"[{""device_id"":""kitchen_bath.dishwasher"",""action"":""turn_on"",""parameters"":{}}]",train,synthetic_template_v1,contains_no_real_user_data
SHC-0225,可以帮我关闭厨房净水器吧,explicit,switch,explicit_control,厨房,kitchen_bath.water_purifier,厨房净水器,kitchen_bath,"[{""device_id"":""kitchen_bath.water_purifier"",""action"":""turn_off"",""parameters"":{}}]",train,synthetic_template_v1,contains_no_real_user_data
SHC-0226,帮我打开电饭煲吧,explicit,switch,explicit_control,厨房,kitchen_bath.rice_cooker,电饭煲,kitchen_bath,"[{""device_id"":""kitchen_bath.rice_cooker"",""action"":""turn_on"",""parameters"":{}}]",train,synthetic_template_v1,contains_no_real_user_data
SHC-0227,麻烦关闭烤箱,explicit,switch,explicit_control,厨房,kitchen_bath.oven,烤箱,kitchen_bath,"[{""device_id"":""kitchen_bath.oven"",""action"":""turn_off"",""parameters"":{}}]",train,synthetic_template_v1,contains_no_real_user_data
SHC-0228,帮我打开微波炉一下,explicit,switch,explicit_control,厨房,kitchen_bath.microwave,微波炉,kitchen_bath,"[{""device_id"":""kitchen_bath.microwave"",""action"":""turn_on"",""parameters"":{}}]",validation,synthetic_template_v1,contains_no_real_user_data
SHC-0229,麻烦关闭咖啡机一下,explicit,switch,explicit_control,厨房,kitchen_bath.coffee,咖啡机,kitchen_bath,"[{""device_id"":""kitchen_bath.coffee"",""action"":""turn_off"",""parameters"":{}}]",test,synthetic_template_v1,contains_no_real_user_data
SHC-0230,帮我打开浴霸,explicit,switch,explicit_control,卫生间,kitchen_bath.bath_heater,浴霸,kitchen_bath,"[{""device_id"":""kitchen_bath.bath_heater"",""action"":""turn_on"",""parameters"":{}}]",train,synthetic_template_v1,contains_no_real_user_data
SHC-0231,现在关闭厨房水阀一下,explicit,switch,explicit_control,厨房,kitchen_bath.water_valve,厨房水阀,kitchen_bath,"[{""device_id"":""kitchen_bath.water_valve"",""action"":""close"",""parameters"":{}}]",train,synthetic_template_v1,contains_no_real_user_data
SHC-0232,请打开卫生间排风扇一下,explicit,switch,explicit_control,卫生间,kitchen_bath.exhaust,卫生间排风扇,kitchen_bath,"[{""device_id"":""kitchen_bath.exhaust"",""action"":""turn_on"",""parameters"":{}}]",train,synthetic_template_v1,contains_no_real_user_data
SHC-0233,现在关闭卫生间热水器一下,explicit,switch,explicit_control,卫生间,kitchen_bath.water_heater,卫生间热水器,kitchen_bath,"[{""device_id"":""kitchen_bath.water_heater"",""action"":""turn_off"",""parameters"":{}}]",train,synthetic_template_v1,contains_no_real_user_data
SHC-0234,可以帮我打开厨房油烟机吧,explicit,switch,explicit_control,厨房,kitchen_bath.range_hood,厨房油烟机,kitchen_bath,"[{""device_id"":""kitchen_bath.range_hood"",""action"":""turn_on"",""parameters"":{}}]",train,synthetic_template_v1,contains_no_real_user_data
SHC-0235,麻烦关闭厨房洗碗机一下,explicit,switch,explicit_control,厨房,kitchen_bath.dishwasher,厨房洗碗机,kitchen_bath,"[{""device_id"":""kitchen_bath.dishwasher"",""action"":""turn_off"",""parameters"":{}}]",train,synthetic_template_v1,contains_no_real_user_data
SHC-0236,麻烦打开厨房净水器,explicit,switch,explicit_control,厨房,kitchen_bath.water_purifier,厨房净水器,kitchen_bath,"[{""device_id"":""kitchen_bath.water_purifier"",""action"":""turn_on"",""parameters"":{}}]",train,synthetic_template_v1,contains_no_real_user_data
SHC-0237,请关闭电饭煲,explicit,switch,explicit_control,厨房,kitchen_bath.rice_cooker,电饭煲,kitchen_bath,"[{""device_id"":""kitchen_bath.rice_cooker"",""action"":""turn_off"",""parameters"":{}}]",train,synthetic_template_v1,contains_no_real_user_data
SHC-0238,请打开烤箱吧,explicit,switch,explicit_control,厨房,kitchen_bath.oven,烤箱,kitchen_bath,"[{""device_id"":""kitchen_bath.oven"",""action"":""turn_on"",""parameters"":{}}]",validation,synthetic_template_v1,contains_no_real_user_data
SHC-0239,请关闭微波炉现在就执行,explicit,switch,explicit_control,厨房,kitchen_bath.microwave,微波炉,kitchen_bath,"[{""device_id"":""kitchen_bath.microwave"",""action"":""turn_off"",""parameters"":{}}]",test,synthetic_template_v1,contains_no_real_user_data
SHC-0240,麻烦打开咖啡机现在就执行,explicit,switch,explicit_control,厨房,kitchen_bath.coffee,咖啡机,kitchen_bath,"[{""device_id"":""kitchen_bath.coffee"",""action"":""turn_on"",""parameters"":{}}]",train,synthetic_template_v1,contains_no_real_user_data
SHC-0241,现在关闭浴霸一下,explicit,switch,explicit_control,卫生间,kitchen_bath.bath_heater,浴霸,kitchen_bath,"[{""device_id"":""kitchen_bath.bath_heater"",""action"":""turn_off"",""parameters"":{}}]",train,synthetic_template_v1,contains_no_real_user_data
SHC-0242,麻烦打开厨房水阀吧,explicit,switch,explicit_control,厨房,kitchen_bath.water_valve,厨房水阀,kitchen_bath,"[{""device_id"":""kitchen_bath.water_valve"",""action"":""open"",""parameters"":{}}]",train,synthetic_template_v1,contains_no_real_user_data
SHC-0243,可以帮我关闭卫生间排风扇一下,explicit,switch,explicit_control,卫生间,kitchen_bath.exhaust,卫生间排风扇,kitchen_bath,"[{""device_id"":""kitchen_bath.exhaust"",""action"":""turn_off"",""parameters"":{}}]",train,synthetic_template_v1,contains_no_real_user_data
SHC-0244,帮我打开卫生间热水器一下,explicit,switch,explicit_control,卫生间,kitchen_bath.water_heater,卫生间热水器,kitchen_bath,"[{""device_id"":""kitchen_bath.water_heater"",""action"":""turn_on"",""parameters"":{}}]",train,synthetic_template_v1,contains_no_real_user_data
SHC-0245,可以帮我关闭厨房油烟机一下,explicit,switch,explicit_control,厨房,kitchen_bath.range_hood,厨房油烟机,kitchen_bath,"[{""device_id"":""kitchen_bath.range_hood"",""action"":""turn_off"",""parameters"":{}}]",train,synthetic_template_v1,contains_no_real_user_data
SHC-0246,帮我打开厨房洗碗机,explicit,switch,explicit_control,厨房,kitchen_bath.dishwasher,厨房洗碗机,kitchen_bath,"[{""device_id"":""kitchen_bath.dishwasher"",""action"":""turn_on"",""parameters"":{}}]",train,synthetic_template_v1,contains_no_real_user_data
SHC-0247,请关闭厨房净水器吧,explicit,switch,explicit_control,厨房,kitchen_bath.water_purifier,厨房净水器,kitchen_bath,"[{""device_id"":""kitchen_bath.water_purifier"",""action"":""turn_off"",""parameters"":{}}]",train,synthetic_template_v1,contains_no_real_user_data
SHC-0248,麻烦打开电饭煲,explicit,switch,explicit_control,厨房,kitchen_bath.rice_cooker,电饭煲,kitchen_bath,"[{""device_id"":""kitchen_bath.rice_cooker"",""action"":""turn_on"",""parameters"":{}}]",validation,synthetic_template_v1,contains_no_real_user_data
SHC-0249,帮我关闭烤箱一下,explicit,switch,explicit_control,厨房,kitchen_bath.oven,烤箱,kitchen_bath,"[{""device_id"":""kitchen_bath.oven"",""action"":""turn_off"",""parameters"":{}}]",test,synthetic_template_v1,contains_no_real_user_data
SHC-0250,现在打开微波炉谢谢,explicit,switch,explicit_control,厨房,kitchen_bath.microwave,微波炉,kitchen_bath,"[{""device_id"":""kitchen_bath.microwave"",""action"":""turn_on"",""parameters"":{}}]",train,synthetic_template_v1,contains_no_real_user_data
SHC-0251,帮我关闭咖啡机一下,explicit,switch,explicit_control,厨房,kitchen_bath.coffee,咖啡机,kitchen_bath,"[{""device_id"":""kitchen_bath.coffee"",""action"":""turn_off"",""parameters"":{}}]",train,synthetic_template_v1,contains_no_real_user_data
SHC-0252,帮我打开浴霸吧,explicit,switch,explicit_control,卫生间,kitchen_bath.bath_heater,浴霸,kitchen_bath,"[{""device_id"":""kitchen_bath.bath_heater"",""action"":""turn_on"",""parameters"":{}}]",train,synthetic_template_v1,contains_no_real_user_data
SHC-0253,可以帮我关闭厨房水阀谢谢,explicit,switch,explicit_control,厨房,kitchen_bath.water_valve,厨房水阀,kitchen_bath,"[{""device_id"":""kitchen_bath.water_valve"",""action"":""close"",""parameters"":{}}]",train,synthetic_template_v1,contains_no_real_user_data
SHC-0254,帮我打开卫生间排风扇一下,explicit,switch,explicit_control,卫生间,kitchen_bath.exhaust,卫生间排风扇,kitchen_bath,"[{""device_id"":""kitchen_bath.exhaust"",""action"":""turn_on"",""parameters"":{}}]",train,synthetic_template_v1,contains_no_real_user_data
SHC-0255,现在关闭卫生间热水器,explicit,switch,explicit_control,卫生间,kitchen_bath.water_heater,卫生间热水器,kitchen_bath,"[{""device_id"":""kitchen_bath.water_heater"",""action"":""turn_off"",""parameters"":{}}]",train,synthetic_template_v1,contains_no_real_user_data
SHC-0256,帮我打开厨房油烟机现在就执行,explicit,switch,explicit_control,厨房,kitchen_bath.range_hood,厨房油烟机,kitchen_bath,"[{""device_id"":""kitchen_bath.range_hood"",""action"":""turn_on"",""parameters"":{}}]",train,synthetic_template_v1,contains_no_real_user_data
SHC-0257,麻烦关闭厨房洗碗机吧,explicit,switch,explicit_control,厨房,kitchen_bath.dishwasher,厨房洗碗机,kitchen_bath,"[{""device_id"":""kitchen_bath.dishwasher"",""action"":""turn_off"",""parameters"":{}}]",train,synthetic_template_v1,contains_no_real_user_data
SHC-0258,现在打开厨房净水器一下,explicit,switch,explicit_control,厨房,kitchen_bath.water_purifier,厨房净水器,kitchen_bath,"[{""device_id"":""kitchen_bath.water_purifier"",""action"":""turn_on"",""parameters"":{}}]",validation,synthetic_template_v1,contains_no_real_user_data
SHC-0259,麻烦关闭电饭煲,explicit,switch,explicit_control,厨房,kitchen_bath.rice_cooker,电饭煲,kitchen_bath,"[{""device_id"":""kitchen_bath.rice_cooker"",""action"":""turn_off"",""parameters"":{}}]",test,synthetic_template_v1,contains_no_real_user_data
SHC-0260,可以帮我打开烤箱,explicit,switch,explicit_control,厨房,kitchen_bath.oven,烤箱,kitchen_bath,"[{""device_id"":""kitchen_bath.oven"",""action"":""turn_on"",""parameters"":{}}]",train,synthetic_template_v1,contains_no_real_user_data
SHC-0261,帮我关闭微波炉一下,explicit,switch,explicit_control,厨房,kitchen_bath.microwave,微波炉,kitchen_bath,"[{""device_id"":""kitchen_bath.microwave"",""action"":""turn_off"",""parameters"":{}}]",train,synthetic_template_v1,contains_no_real_user_data
SHC-0262,可以帮我打开咖啡机现在就执行,explicit,switch,explicit_control,厨房,kitchen_bath.coffee,咖啡机,kitchen_bath,"[{""device_id"":""kitchen_bath.coffee"",""action"":""turn_on"",""parameters"":{}}]",train,synthetic_template_v1,contains_no_real_user_data
SHC-0263,麻烦关闭浴霸吧,explicit,switch,explicit_control,卫生间,kitchen_bath.bath_heater,浴霸,kitchen_bath,"[{""device_id"":""kitchen_bath.bath_heater"",""action"":""turn_off"",""parameters"":{}}]",train,synthetic_template_v1,contains_no_real_user_data
SHC-0264,麻烦打开厨房水阀谢谢,explicit,switch,explicit_control,厨房,kitchen_bath.water_valve,厨房水阀,kitchen_bath,"[{""device_id"":""kitchen_bath.water_valve"",""action"":""open"",""parameters"":{}}]",train,synthetic_template_v1,contains_no_real_user_data
SHC-0265,现在关闭卫生间排风扇吧,explicit,switch,explicit_control,卫生间,kitchen_bath.exhaust,卫生间排风扇,kitchen_bath,"[{""device_id"":""kitchen_bath.exhaust"",""action"":""turn_off"",""parameters"":{}}]",train,synthetic_template_v1,contains_no_real_user_data
SHC-0266,请打开卫生间热水器,explicit,switch,explicit_control,卫生间,kitchen_bath.water_heater,卫生间热水器,kitchen_bath,"[{""device_id"":""kitchen_bath.water_heater"",""action"":""turn_on"",""parameters"":{}}]",train,synthetic_template_v1,contains_no_real_user_data
SHC-0267,请关闭厨房油烟机吧,explicit,switch,explicit_control,厨房,kitchen_bath.range_hood,厨房油烟机,kitchen_bath,"[{""device_id"":""kitchen_bath.range_hood"",""action"":""turn_off"",""parameters"":{}}]",train,synthetic_template_v1,contains_no_real_user_data
SHC-0268,麻烦打开厨房洗碗机谢谢,explicit,switch,explicit_control,厨房,kitchen_bath.dishwasher,厨房洗碗机,kitchen_bath,"[{""device_id"":""kitchen_bath.dishwasher"",""action"":""turn_on"",""parameters"":{}}]",validation,synthetic_template_v1,contains_no_real_user_data
SHC-0269,现在关闭厨房净水器一下,explicit,switch,explicit_control,厨房,kitchen_bath.water_purifier,厨房净水器,kitchen_bath,"[{""device_id"":""kitchen_bath.water_purifier"",""action"":""turn_off"",""parameters"":{}}]",test,synthetic_template_v1,contains_no_real_user_data
SHC-0270,帮我打开电饭煲谢谢,explicit,switch,explicit_control,厨房,kitchen_bath.rice_cooker,电饭煲,kitchen_bath,"[{""device_id"":""kitchen_bath.rice_cooker"",""action"":""turn_on"",""parameters"":{}}]",train,synthetic_template_v1,contains_no_real_user_data
SHC-0271,现在关闭烤箱吧,explicit,switch,explicit_control,厨房,kitchen_bath.oven,烤箱,kitchen_bath,"[{""device_id"":""kitchen_bath.oven"",""action"":""turn_off"",""parameters"":{}}]",train,synthetic_template_v1,contains_no_real_user_data
SHC-0272,现在打开微波炉,explicit,switch,explicit_control,厨房,kitchen_bath.microwave,微波炉,kitchen_bath,"[{""device_id"":""kitchen_bath.microwave"",""action"":""turn_on"",""parameters"":{}}]",train,synthetic_template_v1,contains_no_real_user_data
SHC-0273,麻烦关闭咖啡机现在就执行,explicit,switch,explicit_control,厨房,kitchen_bath.coffee,咖啡机,kitchen_bath,"[{""device_id"":""kitchen_bath.coffee"",""action"":""turn_off"",""parameters"":{}}]",train,synthetic_template_v1,contains_no_real_user_data
SHC-0274,请打开浴霸一下,explicit,switch,explicit_control,卫生间,kitchen_bath.bath_heater,浴霸,kitchen_bath,"[{""device_id"":""kitchen_bath.bath_heater"",""action"":""turn_on"",""parameters"":{}}]",train,synthetic_template_v1,contains_no_real_user_data
SHC-0275,现在关闭厨房水阀一下,explicit,switch,explicit_control,厨房,kitchen_bath.water_valve,厨房水阀,kitchen_bath,"[{""device_id"":""kitchen_bath.water_valve"",""action"":""close"",""parameters"":{}}]",train,synthetic_template_v1,contains_no_real_user_data
SHC-0276,现在打开卫生间排风扇,explicit,switch,explicit_control,卫生间,kitchen_bath.exhaust,卫生间排风扇,kitchen_bath,"[{""device_id"":""kitchen_bath.exhaust"",""action"":""turn_on"",""parameters"":{}}]",train,synthetic_template_v1,contains_no_real_user_data
SHC-0277,请关闭卫生间热水器吧,explicit,switch,explicit_control,卫生间,kitchen_bath.water_heater,卫生间热水器,kitchen_bath,"[{""device_id"":""kitchen_bath.water_heater"",""action"":""turn_off"",""parameters"":{}}]",train,synthetic_template_v1,contains_no_real_user_data
SHC-0278,请打开厨房油烟机现在就执行,explicit,switch,explicit_control,厨房,kitchen_bath.range_hood,厨房油烟机,kitchen_bath,"[{""device_id"":""kitchen_bath.range_hood"",""action"":""turn_on"",""parameters"":{}}]",validation,synthetic_template_v1,contains_no_real_user_data
SHC-0279,麻烦关闭厨房洗碗机,explicit,switch,explicit_control,厨房,kitchen_bath.dishwasher,厨房洗碗机,kitchen_bath,"[{""device_id"":""kitchen_bath.dishwasher"",""action"":""turn_off"",""parameters"":{}}]",test,synthetic_template_v1,contains_no_real_user_data
SHC-0280,可以帮我打开厨房净水器一下,explicit,switch,explicit_control,厨房,kitchen_bath.water_purifier,厨房净水器,kitchen_bath,"[{""device_id"":""kitchen_bath.water_purifier"",""action"":""turn_on"",""parameters"":{}}]",train,synthetic_template_v1,contains_no_real_user_data
SHC-0281,现在关闭电饭煲一下,explicit,switch,explicit_control,厨房,kitchen_bath.rice_cooker,电饭煲,kitchen_bath,"[{""device_id"":""kitchen_bath.rice_cooker"",""action"":""turn_off"",""parameters"":{}}]",train,synthetic_template_v1,contains_no_real_user_data
SHC-0282,帮我打开烤箱现在就执行,explicit,switch,explicit_control,厨房,kitchen_bath.oven,烤箱,kitchen_bath,"[{""device_id"":""kitchen_bath.oven"",""action"":""turn_on"",""parameters"":{}}]",train,synthetic_template_v1,contains_no_real_user_data
SHC-0283,可以帮我关闭微波炉谢谢,explicit,switch,explicit_control,厨房,kitchen_bath.microwave,微波炉,kitchen_bath,"[{""device_id"":""kitchen_bath.microwave"",""action"":""turn_off"",""parameters"":{}}]",train,synthetic_template_v1,contains_no_real_user_data
SHC-0284,麻烦打开咖啡机吧,explicit,switch,explicit_control,厨房,kitchen_bath.coffee,咖啡机,kitchen_bath,"[{""device_id"":""kitchen_bath.coffee"",""action"":""turn_on"",""parameters"":{}}]",train,synthetic_template_v1,contains_no_real_user_data
SHC-0285,请关闭浴霸,explicit,switch,explicit_control,卫生间,kitchen_bath.bath_heater,浴霸,kitchen_bath,"[{""device_id"":""kitchen_bath.bath_heater"",""action"":""turn_off"",""parameters"":{}}]",train,synthetic_template_v1,contains_no_real_user_data
SHC-0286,请打开厨房水阀现在就执行,explicit,switch,explicit_control,厨房,kitchen_bath.water_valve,厨房水阀,kitchen_bath,"[{""device_id"":""kitchen_bath.water_valve"",""action"":""open"",""parameters"":{}}]",train,synthetic_template_v1,contains_no_real_user_data
SHC-0287,帮我关闭卫生间排风扇,explicit,switch,explicit_control,卫生间,kitchen_bath.exhaust,卫生间排风扇,kitchen_bath,"[{""device_id"":""kitchen_bath.exhaust"",""action"":""turn_off"",""parameters"":{}}]",train,synthetic_template_v1,contains_no_real_user_data
SHC-0288,帮我打开卫生间热水器吧,explicit,switch,explicit_control,卫生间,kitchen_bath.water_heater,卫生间热水器,kitchen_bath,"[{""device_id"":""kitchen_bath.water_heater"",""action"":""turn_on"",""parameters"":{}}]",validation,synthetic_template_v1,contains_no_real_user_data
SHC-0289,可以帮我关闭厨房油烟机现在就执行,explicit,switch,explicit_control,厨房,kitchen_bath.range_hood,厨房油烟机,kitchen_bath,"[{""device_id"":""kitchen_bath.range_hood"",""action"":""turn_off"",""parameters"":{}}]",test,synthetic_template_v1,contains_no_real_user_data
SHC-0290,麻烦打开厨房洗碗机,explicit,switch,explicit_control,厨房,kitchen_bath.dishwasher,厨房洗碗机,kitchen_bath,"[{""device_id"":""kitchen_bath.dishwasher"",""action"":""turn_on"",""parameters"":{}}]",train,synthetic_template_v1,contains_no_real_user_data
SHC-0291,帮我关闭厨房净水器谢谢,explicit,switch,explicit_control,厨房,kitchen_bath.water_purifier,厨房净水器,kitchen_bath,"[{""device_id"":""kitchen_bath.water_purifier"",""action"":""turn_off"",""parameters"":{}}]",train,synthetic_template_v1,contains_no_real_user_data
SHC-0292,现在打开电饭煲现在就执行,explicit,switch,explicit_control,厨房,kitchen_bath.rice_cooker,电饭煲,kitchen_bath,"[{""device_id"":""kitchen_bath.rice_cooker"",""action"":""turn_on"",""parameters"":{}}]",train,synthetic_template_v1,contains_no_real_user_data
SHC-0293,麻烦关闭烤箱谢谢,explicit,switch,explicit_control,厨房,kitchen_bath.oven,烤箱,kitchen_bath,"[{""device_id"":""kitchen_bath.oven"",""action"":""turn_off"",""parameters"":{}}]",train,synthetic_template_v1,contains_no_real_user_data
SHC-0294,帮我打开微波炉谢谢,explicit,switch,explicit_control,厨房,kitchen_bath.microwave,微波炉,kitchen_bath,"[{""device_id"":""kitchen_bath.microwave"",""action"":""turn_on"",""parameters"":{}}]",train,synthetic_template_v1,contains_no_real_user_data
SHC-0295,麻烦关闭咖啡机谢谢,explicit,switch,explicit_control,厨房,kitchen_bath.coffee,咖啡机,kitchen_bath,"[{""device_id"":""kitchen_bath.coffee"",""action"":""turn_off"",""parameters"":{}}]",train,synthetic_template_v1,contains_no_real_user_data
SHC-0296,可以帮我打开浴霸谢谢,explicit,switch,explicit_control,卫生间,kitchen_bath.bath_heater,浴霸,kitchen_bath,"[{""device_id"":""kitchen_bath.bath_heater"",""action"":""turn_on"",""parameters"":{}}]",train,synthetic_template_v1,contains_no_real_user_data
SHC-0297,帮我关闭厨房水阀谢谢,explicit,switch,explicit_control,厨房,kitchen_bath.water_valve,厨房水阀,kitchen_bath,"[{""device_id"":""kitchen_bath.water_valve"",""action"":""close"",""parameters"":{}}]",train,synthetic_template_v1,contains_no_real_user_data
SHC-0298,现在打开卫生间排风扇现在就执行,explicit,switch,explicit_control,卫生间,kitchen_bath.exhaust,卫生间排风扇,kitchen_bath,"[{""device_id"":""kitchen_bath.exhaust"",""action"":""turn_on"",""parameters"":{}}]",validation,synthetic_template_v1,contains_no_real_user_data
SHC-0299,请关闭卫生间热水器谢谢,explicit,switch,explicit_control,卫生间,kitchen_bath.water_heater,卫生间热水器,kitchen_bath,"[{""device_id"":""kitchen_bath.water_heater"",""action"":""turn_off"",""parameters"":{}}]",test,synthetic_template_v1,contains_no_real_user_data
SHC-0300,请打开厨房油烟机吧,explicit,switch,explicit_control,厨房,kitchen_bath.range_hood,厨房油烟机,kitchen_bath,"[{""device_id"":""kitchen_bath.range_hood"",""action"":""turn_on"",""parameters"":{}}]",train,synthetic_template_v1,contains_no_real_user_data
SHC-0301,请关闭厨房洗碗机谢谢,explicit,switch,explicit_control,厨房,kitchen_bath.dishwasher,厨房洗碗机,kitchen_bath,"[{""device_id"":""kitchen_bath.dishwasher"",""action"":""turn_off"",""parameters"":{}}]",train,synthetic_template_v1,contains_no_real_user_data
SHC-0302,麻烦打开厨房净水器现在就执行,explicit,switch,explicit_control,厨房,kitchen_bath.water_purifier,厨房净水器,kitchen_bath,"[{""device_id"":""kitchen_bath.water_purifier"",""action"":""turn_on"",""parameters"":{}}]",train,synthetic_template_v1,contains_no_real_user_data
SHC-0303,可以帮我关闭电饭煲,explicit,switch,explicit_control,厨房,kitchen_bath.rice_cooker,电饭煲,kitchen_bath,"[{""device_id"":""kitchen_bath.rice_cooker"",""action"":""turn_off"",""parameters"":{}}]",train,synthetic_template_v1,contains_no_real_user_data
SHC-0304,帮我打开烤箱现在就执行,explicit,switch,explicit_control,厨房,kitchen_bath.oven,烤箱,kitchen_bath,"[{""device_id"":""kitchen_bath.oven"",""action"":""turn_on"",""parameters"":{}}]",train,synthetic_template_v1,contains_no_real_user_data
SHC-0305,可以帮我关闭微波炉,explicit,switch,explicit_control,厨房,kitchen_bath.microwave,微波炉,kitchen_bath,"[{""device_id"":""kitchen_bath.microwave"",""action"":""turn_off"",""parameters"":{}}]",train,synthetic_template_v1,contains_no_real_user_data
SHC-0306,可以帮我打开咖啡机,explicit,switch,explicit_control,厨房,kitchen_bath.coffee,咖啡机,kitchen_bath,"[{""device_id"":""kitchen_bath.coffee"",""action"":""turn_on"",""parameters"":{}}]",train,synthetic_template_v1,contains_no_real_user_data
SHC-0307,现在关闭浴霸现在就执行,explicit,switch,explicit_control,卫生间,kitchen_bath.bath_heater,浴霸,kitchen_bath,"[{""device_id"":""kitchen_bath.bath_heater"",""action"":""turn_off"",""parameters"":{}}]",train,synthetic_template_v1,contains_no_real_user_data
SHC-0308,麻烦打开厨房水阀谢谢,explicit,switch,explicit_control,厨房,kitchen_bath.water_valve,厨房水阀,kitchen_bath,"[{""device_id"":""kitchen_bath.water_valve"",""action"":""open"",""parameters"":{}}]",validation,synthetic_template_v1,contains_no_real_user_data
SHC-0309,请关闭卫生间排风扇一下,explicit,switch,explicit_control,卫生间,kitchen_bath.exhaust,卫生间排风扇,kitchen_bath,"[{""device_id"":""kitchen_bath.exhaust"",""action"":""turn_off"",""parameters"":{}}]",test,synthetic_template_v1,contains_no_real_user_data
SHC-0310,现在打开卫生间热水器,explicit,switch,explicit_control,卫生间,kitchen_bath.water_heater,卫生间热水器,kitchen_bath,"[{""device_id"":""kitchen_bath.water_heater"",""action"":""turn_on"",""parameters"":{}}]",train,synthetic_template_v1,contains_no_real_user_data
SHC-0311,可以帮我关闭厨房油烟机谢谢,explicit,switch,explicit_control,厨房,kitchen_bath.range_hood,厨房油烟机,kitchen_bath,"[{""device_id"":""kitchen_bath.range_hood"",""action"":""turn_off"",""parameters"":{}}]",train,synthetic_template_v1,contains_no_real_user_data
SHC-0312,帮我打开厨房洗碗机谢谢,explicit,switch,explicit_control,厨房,kitchen_bath.dishwasher,厨房洗碗机,kitchen_bath,"[{""device_id"":""kitchen_bath.dishwasher"",""action"":""turn_on"",""parameters"":{}}]",train,synthetic_template_v1,contains_no_real_user_data
SHC-0313,麻烦关闭厨房净水器一下,explicit,switch,explicit_control,厨房,kitchen_bath.water_purifier,厨房净水器,kitchen_bath,"[{""device_id"":""kitchen_bath.water_purifier"",""action"":""turn_off"",""parameters"":{}}]",train,synthetic_template_v1,contains_no_real_user_data
SHC-0314,可以帮我打开电饭煲吧,explicit,switch,explicit_control,厨房,kitchen_bath.rice_cooker,电饭煲,kitchen_bath,"[{""device_id"":""kitchen_bath.rice_cooker"",""action"":""turn_on"",""parameters"":{}}]",train,synthetic_template_v1,contains_no_real_user_data
SHC-0315,可以帮我关闭烤箱现在就执行,explicit,switch,explicit_control,厨房,kitchen_bath.oven,烤箱,kitchen_bath,"[{""device_id"":""kitchen_bath.oven"",""action"":""turn_off"",""parameters"":{}}]",train,synthetic_template_v1,contains_no_real_user_data
SHC-0316,可以帮我打开微波炉现在就执行,explicit,switch,explicit_control,厨房,kitchen_bath.microwave,微波炉,kitchen_bath,"[{""device_id"":""kitchen_bath.microwave"",""action"":""turn_on"",""parameters"":{}}]",train,synthetic_template_v1,contains_no_real_user_data
SHC-0317,麻烦关闭咖啡机现在就执行,explicit,switch,explicit_control,厨房,kitchen_bath.coffee,咖啡机,kitchen_bath,"[{""device_id"":""kitchen_bath.coffee"",""action"":""turn_off"",""parameters"":{}}]",train,synthetic_template_v1,contains_no_real_user_data
SHC-0318,可以帮我打开浴霸一下,explicit,switch,explicit_control,卫生间,kitchen_bath.bath_heater,浴霸,kitchen_bath,"[{""device_id"":""kitchen_bath.bath_heater"",""action"":""turn_on"",""parameters"":{}}]",validation,synthetic_template_v1,contains_no_real_user_data
SHC-0319,现在关闭厨房水阀谢谢,explicit,switch,explicit_control,厨房,kitchen_bath.water_valve,厨房水阀,kitchen_bath,"[{""device_id"":""kitchen_bath.water_valve"",""action"":""close"",""parameters"":{}}]",test,synthetic_template_v1,contains_no_real_user_data
SHC-0320,帮我打开卫生间排风扇吧,explicit,switch,explicit_control,卫生间,kitchen_bath.exhaust,卫生间排风扇,kitchen_bath,"[{""device_id"":""kitchen_bath.exhaust"",""action"":""turn_on"",""parameters"":{}}]",train,synthetic_template_v1,contains_no_real_user_data
SHC-0321,帮我关闭卫生间热水器谢谢,explicit,switch,explicit_control,卫生间,kitchen_bath.water_heater,卫生间热水器,kitchen_bath,"[{""device_id"":""kitchen_bath.water_heater"",""action"":""turn_off"",""parameters"":{}}]",train,synthetic_template_v1,contains_no_real_user_data
SHC-0322,帮我打开厨房油烟机,explicit,switch,explicit_control,厨房,kitchen_bath.range_hood,厨房油烟机,kitchen_bath,"[{""device_id"":""kitchen_bath.range_hood"",""action"":""turn_on"",""parameters"":{}}]",train,synthetic_template_v1,contains_no_real_user_data
SHC-0323,现在关闭厨房洗碗机吧,explicit,switch,explicit_control,厨房,kitchen_bath.dishwasher,厨房洗碗机,kitchen_bath,"[{""device_id"":""kitchen_bath.dishwasher"",""action"":""turn_off"",""parameters"":{}}]",train,synthetic_template_v1,contains_no_real_user_data
SHC-0324,可以帮我打开厨房净水器吧,explicit,switch,explicit_control,厨房,kitchen_bath.water_purifier,厨房净水器,kitchen_bath,"[{""device_id"":""kitchen_bath.water_purifier"",""action"":""turn_on"",""parameters"":{}}]",train,synthetic_template_v1,contains_no_real_user_data
SHC-0325,帮我关闭电饭煲,explicit,switch,explicit_control,厨房,kitchen_bath.rice_cooker,电饭煲,kitchen_bath,"[{""device_id"":""kitchen_bath.rice_cooker"",""action"":""turn_off"",""parameters"":{}}]",train,synthetic_template_v1,contains_no_real_user_data
SHC-0326,可以帮我打开烤箱,explicit,switch,explicit_control,厨房,kitchen_bath.oven,烤箱,kitchen_bath,"[{""device_id"":""kitchen_bath.oven"",""action"":""turn_on"",""parameters"":{}}]",train,synthetic_template_v1,contains_no_real_user_data
SHC-0327,帮我关闭微波炉,explicit,switch,explicit_control,厨房,kitchen_bath.microwave,微波炉,kitchen_bath,"[{""device_id"":""kitchen_bath.microwave"",""action"":""turn_off"",""parameters"":{}}]",train,synthetic_template_v1,contains_no_real_user_data
SHC-0328,帮我打开咖啡机谢谢,explicit,switch,explicit_control,厨房,kitchen_bath.coffee,咖啡机,kitchen_bath,"[{""device_id"":""kitchen_bath.coffee"",""action"":""turn_on"",""parameters"":{}}]",validation,synthetic_template_v1,contains_no_real_user_data
SHC-0329,帮我关闭浴霸一下,explicit,switch,explicit_control,卫生间,kitchen_bath.bath_heater,浴霸,kitchen_bath,"[{""device_id"":""kitchen_bath.bath_heater"",""action"":""turn_off"",""parameters"":{}}]",test,synthetic_template_v1,contains_no_real_user_data
SHC-0330,请打开厨房水阀一下,explicit,switch,explicit_control,厨房,kitchen_bath.water_valve,厨房水阀,kitchen_bath,"[{""device_id"":""kitchen_bath.water_valve"",""action"":""open"",""parameters"":{}}]",train,synthetic_template_v1,contains_no_real_user_data
SHC-0331,可以帮我关闭卫生间排风扇吧,explicit,switch,explicit_control,卫生间,kitchen_bath.exhaust,卫生间排风扇,kitchen_bath,"[{""device_id"":""kitchen_bath.exhaust"",""action"":""turn_off"",""parameters"":{}}]",train,synthetic_template_v1,contains_no_real_user_data
SHC-0332,现在打开卫生间热水器现在就执行,explicit,switch,explicit_control,卫生间,kitchen_bath.water_heater,卫生间热水器,kitchen_bath,"[{""device_id"":""kitchen_bath.water_heater"",""action"":""turn_on"",""parameters"":{}}]",train,synthetic_template_v1,contains_no_real_user_data
SHC-0333,请关闭厨房油烟机一下,explicit,switch,explicit_control,厨房,kitchen_bath.range_hood,厨房油烟机,kitchen_bath,"[{""device_id"":""kitchen_bath.range_hood"",""action"":""turn_off"",""parameters"":{}}]",train,synthetic_template_v1,contains_no_real_user_data
SHC-0334,可以帮我打开厨房洗碗机现在就执行,explicit,switch,explicit_control,厨房,kitchen_bath.dishwasher,厨房洗碗机,kitchen_bath,"[{""device_id"":""kitchen_bath.dishwasher"",""action"":""turn_on"",""parameters"":{}}]",train,synthetic_template_v1,contains_no_real_user_data
SHC-0335,现在关闭厨房净水器吧,explicit,switch,explicit_control,厨房,kitchen_bath.water_purifier,厨房净水器,kitchen_bath,"[{""device_id"":""kitchen_bath.water_purifier"",""action"":""turn_off"",""parameters"":{}}]",train,synthetic_template_v1,contains_no_real_user_data
SHC-0336,麻烦打开电饭煲现在就执行,explicit,switch,explicit_control,厨房,kitchen_bath.rice_cooker,电饭煲,kitchen_bath,"[{""device_id"":""kitchen_bath.rice_cooker"",""action"":""turn_on"",""parameters"":{}}]",train,synthetic_template_v1,contains_no_real_user_data
SHC-0337,可以帮我关闭烤箱,explicit,switch,explicit_control,厨房,kitchen_bath.oven,烤箱,kitchen_bath,"[{""device_id"":""kitchen_bath.oven"",""action"":""turn_off"",""parameters"":{}}]",train,synthetic_template_v1,contains_no_real_user_data
SHC-0338,请打开微波炉现在就执行,explicit,switch,explicit_control,厨房,kitchen_bath.microwave,微波炉,kitchen_bath,"[{""device_id"":""kitchen_bath.microwave"",""action"":""turn_on"",""parameters"":{}}]",validation,synthetic_template_v1,contains_no_real_user_data
SHC-0339,现在关闭咖啡机谢谢,explicit,switch,explicit_control,厨房,kitchen_bath.coffee,咖啡机,kitchen_bath,"[{""device_id"":""kitchen_bath.coffee"",""action"":""turn_off"",""parameters"":{}}]",test,synthetic_template_v1,contains_no_real_user_data
SHC-0340,可以帮我打开浴霸,explicit,switch,explicit_control,卫生间,kitchen_bath.bath_heater,浴霸,kitchen_bath,"[{""device_id"":""kitchen_bath.bath_heater"",""action"":""turn_on"",""parameters"":{}}]",train,synthetic_template_v1,contains_no_real_user_data
SHC-0341,麻烦关闭厨房水阀吧,explicit,switch,explicit_control,厨房,kitchen_bath.water_valve,厨房水阀,kitchen_bath,"[{""device_id"":""kitchen_bath.water_valve"",""action"":""close"",""parameters"":{}}]",train,synthetic_template_v1,contains_no_real_user_data
SHC-0342,帮我打开卫生间排风扇谢谢,explicit,switch,explicit_control,卫生间,kitchen_bath.exhaust,卫生间排风扇,kitchen_bath,"[{""device_id"":""kitchen_bath.exhaust"",""action"":""turn_on"",""parameters"":{}}]",train,synthetic_template_v1,contains_no_real_user_data
SHC-0343,麻烦关闭卫生间热水器谢谢,explicit,switch,explicit_control,卫生间,kitchen_bath.water_heater,卫生间热水器,kitchen_bath,"[{""device_id"":""kitchen_bath.water_heater"",""action"":""turn_off"",""parameters"":{}}]",train,synthetic_template_v1,contains_no_real_user_data
SHC-0344,请打开厨房油烟机,explicit,switch,explicit_control,厨房,kitchen_bath.range_hood,厨房油烟机,kitchen_bath,"[{""device_id"":""kitchen_bath.range_hood"",""action"":""turn_on"",""parameters"":{}}]",train,synthetic_template_v1,contains_no_real_user_data
SHC-0345,帮我关闭厨房洗碗机现在就执行,explicit,switch,explicit_control,厨房,kitchen_bath.dishwasher,厨房洗碗机,kitchen_bath,"[{""device_id"":""kitchen_bath.dishwasher"",""action"":""turn_off"",""parameters"":{}}]",train,synthetic_template_v1,contains_no_real_user_data
SHC-0346,可以帮我打开厨房净水器谢谢,explicit,switch,explicit_control,厨房,kitchen_bath.water_purifier,厨房净水器,kitchen_bath,"[{""device_id"":""kitchen_bath.water_purifier"",""action"":""turn_on"",""parameters"":{}}]",train,synthetic_template_v1,contains_no_real_user_data
SHC-0347,可以帮我关闭电饭煲现在就执行,explicit,switch,explicit_control,厨房,kitchen_bath.rice_cooker,电饭煲,kitchen_bath,"[{""device_id"":""kitchen_bath.rice_cooker"",""action"":""turn_off"",""parameters"":{}}]",train,synthetic_template_v1,contains_no_real_user_data
SHC-0348,麻烦打开烤箱谢谢,explicit,switch,explicit_control,厨房,kitchen_bath.oven,烤箱,kitchen_bath,"[{""device_id"":""kitchen_bath.oven"",""action"":""turn_on"",""parameters"":{}}]",validation,synthetic_template_v1,contains_no_real_user_data
SHC-0349,帮我关闭微波炉吧,explicit,switch,explicit_control,厨房,kitchen_bath.microwave,微波炉,kitchen_bath,"[{""device_id"":""kitchen_bath.microwave"",""action"":""turn_off"",""parameters"":{}}]",test,synthetic_template_v1,contains_no_real_user_data
SHC-0350,可以帮我打开咖啡机现在就执行,explicit,switch,explicit_control,厨房,kitchen_bath.coffee,咖啡机,kitchen_bath,"[{""device_id"":""kitchen_bath.coffee"",""action"":""turn_on"",""parameters"":{}}]",train,synthetic_template_v1,contains_no_real_user_data
SHC-0351,麻烦关闭浴霸,explicit,switch,explicit_control,卫生间,kitchen_bath.bath_heater,浴霸,kitchen_bath,"[{""device_id"":""kitchen_bath.bath_heater"",""action"":""turn_off"",""parameters"":{}}]",train,synthetic_template_v1,contains_no_real_user_data
SHC-0352,请打开厨房水阀谢谢,explicit,switch,explicit_control,厨房,kitchen_bath.water_valve,厨房水阀,kitchen_bath,"[{""device_id"":""kitchen_bath.water_valve"",""action"":""open"",""parameters"":{}}]",train,synthetic_template_v1,contains_no_real_user_data
SHC-0353,现在关闭卫生间排风扇吧,explicit,switch,explicit_control,卫生间,kitchen_bath.exhaust,卫生间排风扇,kitchen_bath,"[{""device_id"":""kitchen_bath.exhaust"",""action"":""turn_off"",""parameters"":{}}]",train,synthetic_template_v1,contains_no_real_user_data
SHC-0354,请打开卫生间热水器一下,explicit,switch,explicit_control,卫生间,kitchen_bath.water_heater,卫生间热水器,kitchen_bath,"[{""device_id"":""kitchen_bath.water_heater"",""action"":""turn_on"",""parameters"":{}}]",train,synthetic_template_v1,contains_no_real_user_data
SHC-0355,帮我关闭厨房油烟机现在就执行,explicit,switch,explicit_control,厨房,kitchen_bath.range_hood,厨房油烟机,kitchen_bath,"[{""device_id"":""kitchen_bath.range_hood"",""action"":""turn_off"",""parameters"":{}}]",train,synthetic_template_v1,contains_no_real_user_data
SHC-0356,可以帮我打开厨房洗碗机,explicit,switch,explicit_control,厨房,kitchen_bath.dishwasher,厨房洗碗机,kitchen_bath,"[{""device_id"":""kitchen_bath.dishwasher"",""action"":""turn_on"",""parameters"":{}}]",train,synthetic_template_v1,contains_no_real_user_data
SHC-0357,可以帮我关闭厨房净水器一下,explicit,switch,explicit_control,厨房,kitchen_bath.water_purifier,厨房净水器,kitchen_bath,"[{""device_id"":""kitchen_bath.water_purifier"",""action"":""turn_off"",""parameters"":{}}]",train,synthetic_template_v1,contains_no_real_user_data
SHC-0358,帮我打开电饭煲一下,explicit,switch,explicit_control,厨房,kitchen_bath.rice_cooker,电饭煲,kitchen_bath,"[{""device_id"":""kitchen_bath.rice_cooker"",""action"":""turn_on"",""parameters"":{}}]",validation,synthetic_template_v1,contains_no_real_user_data
SHC-0359,帮我关闭烤箱一下,explicit,switch,explicit_control,厨房,kitchen_bath.oven,烤箱,kitchen_bath,"[{""device_id"":""kitchen_bath.oven"",""action"":""turn_off"",""parameters"":{}}]",test,synthetic_template_v1,contains_no_real_user_data
SHC-0360,帮我打开微波炉,explicit,switch,explicit_control,厨房,kitchen_bath.microwave,微波炉,kitchen_bath,"[{""device_id"":""kitchen_bath.microwave"",""action"":""turn_on"",""parameters"":{}}]",train,synthetic_template_v1,contains_no_real_user_data
SHC-0361,帮我关闭咖啡机一下,explicit,switch,explicit_control,厨房,kitchen_bath.coffee,咖啡机,kitchen_bath,"[{""device_id"":""kitchen_bath.coffee"",""action"":""turn_off"",""parameters"":{}}]",train,synthetic_template_v1,contains_no_real_user_data
SHC-0362,帮我打开浴霸吧,explicit,switch,explicit_control,卫生间,kitchen_bath.bath_heater,浴霸,kitchen_bath,"[{""device_id"":""kitchen_bath.bath_heater"",""action"":""turn_on"",""parameters"":{}}]",train,synthetic_template_v1,contains_no_real_user_data
SHC-0363,麻烦关闭厨房水阀,explicit,switch,explicit_control,厨房,kitchen_bath.water_valve,厨房水阀,kitchen_bath,"[{""device_id"":""kitchen_bath.water_valve"",""action"":""close"",""parameters"":{}}]",train,synthetic_template_v1,contains_no_real_user_data
SHC-0364,现在打开卫生间排风扇谢谢,explicit,switch,explicit_control,卫生间,kitchen_bath.exhaust,卫生间排风扇,kitchen_bath,"[{""device_id"":""kitchen_bath.exhaust"",""action"":""turn_on"",""parameters"":{}}]",train,synthetic_template_v1,contains_no_real_user_data
SHC-0365,帮我关闭卫生间热水器,explicit,switch,explicit_control,卫生间,kitchen_bath.water_heater,卫生间热水器,kitchen_bath,"[{""device_id"":""kitchen_bath.water_heater"",""action"":""turn_off"",""parameters"":{}}]",train,synthetic_template_v1,contains_no_real_user_data
SHC-0366,麻烦打开厨房油烟机现在就执行,explicit,switch,explicit_control,厨房,kitchen_bath.range_hood,厨房油烟机,kitchen_bath,"[{""device_id"":""kitchen_bath.range_hood"",""action"":""turn_on"",""parameters"":{}}]",train,synthetic_template_v1,contains_no_real_user_data
SHC-0367,可以帮我关闭厨房洗碗机,explicit,switch,explicit_control,厨房,kitchen_bath.dishwasher,厨房洗碗机,kitchen_bath,"[{""device_id"":""kitchen_bath.dishwasher"",""action"":""turn_off"",""parameters"":{}}]",train,synthetic_template_v1,contains_no_real_user_data
SHC-0368,请打开厨房净水器一下,explicit,switch,explicit_control,厨房,kitchen_bath.water_purifier,厨房净水器,kitchen_bath,"[{""device_id"":""kitchen_bath.water_purifier"",""action"":""turn_on"",""parameters"":{}}]",validation,synthetic_template_v1,contains_no_real_user_data
SHC-0369,可以帮我关闭电饭煲一下,explicit,switch,explicit_control,厨房,kitchen_bath.rice_cooker,电饭煲,kitchen_bath,"[{""device_id"":""kitchen_bath.rice_cooker"",""action"":""turn_off"",""parameters"":{}}]",test,synthetic_template_v1,contains_no_real_user_data
SHC-0370,帮我打开烤箱现在就执行,explicit,switch,explicit_control,厨房,kitchen_bath.oven,烤箱,kitchen_bath,"[{""device_id"":""kitchen_bath.oven"",""action"":""turn_on"",""parameters"":{}}]",train,synthetic_template_v1,contains_no_real_user_data
SHC-0371,帮我关闭微波炉现在就执行,explicit,switch,explicit_control,厨房,kitchen_bath.microwave,微波炉,kitchen_bath,"[{""device_id"":""kitchen_bath.microwave"",""action"":""turn_off"",""parameters"":{}}]",train,synthetic_template_v1,contains_no_real_user_data
SHC-0372,帮我打开咖啡机一下,explicit,switch,explicit_control,厨房,kitchen_bath.coffee,咖啡机,kitchen_bath,"[{""device_id"":""kitchen_bath.coffee"",""action"":""turn_on"",""parameters"":{}}]",train,synthetic_template_v1,contains_no_real_user_data
SHC-0373,麻烦关闭浴霸现在就执行,explicit,switch,explicit_control,卫生间,kitchen_bath.bath_heater,浴霸,kitchen_bath,"[{""device_id"":""kitchen_bath.bath_heater"",""action"":""turn_off"",""parameters"":{}}]",train,synthetic_template_v1,contains_no_real_user_data
SHC-0374,可以帮我打开厨房水阀谢谢,explicit,switch,explicit_control,厨房,kitchen_bath.water_valve,厨房水阀,kitchen_bath,"[{""device_id"":""kitchen_bath.water_valve"",""action"":""open"",""parameters"":{}}]",train,synthetic_template_v1,contains_no_real_user_data
SHC-0375,可以帮我关闭卫生间排风扇谢谢,explicit,switch,explicit_control,卫生间,kitchen_bath.exhaust,卫生间排风扇,kitchen_bath,"[{""device_id"":""kitchen_bath.exhaust"",""action"":""turn_off"",""parameters"":{}}]",train,synthetic_template_v1,contains_no_real_user_data
SHC-0376,帮我打开卫生间热水器一下,explicit,switch,explicit_control,卫生间,kitchen_bath.water_heater,卫生间热水器,kitchen_bath,"[{""device_id"":""kitchen_bath.water_heater"",""action"":""turn_on"",""parameters"":{}}]",train,synthetic_template_v1,contains_no_real_user_data
SHC-0377,可以帮我关闭厨房油烟机,explicit,switch,explicit_control,厨房,kitchen_bath.range_hood,厨房油烟机,kitchen_bath,"[{""device_id"":""kitchen_bath.range_hood"",""action"":""turn_off"",""parameters"":{}}]",train,synthetic_template_v1,contains_no_real_user_data
SHC-0378,帮我打开厨房洗碗机一下,explicit,switch,explicit_control,厨房,kitchen_bath.dishwasher,厨房洗碗机,kitchen_bath,"[{""device_id"":""kitchen_bath.dishwasher"",""action"":""turn_on"",""parameters"":{}}]",validation,synthetic_template_v1,contains_no_real_user_data
SHC-0379,可以帮我关闭厨房净水器现在就执行,explicit,switch,explicit_control,厨房,kitchen_bath.water_purifier,厨房净水器,kitchen_bath,"[{""device_id"":""kitchen_bath.water_purifier"",""action"":""turn_off"",""parameters"":{}}]",test,synthetic_template_v1,contains_no_real_user_data
SHC-0380,现在打开电饭煲现在就执行,explicit,switch,explicit_control,厨房,kitchen_bath.rice_cooker,电饭煲,kitchen_bath,"[{""device_id"":""kitchen_bath.rice_cooker"",""action"":""turn_on"",""parameters"":{}}]",train,synthetic_template_v1,contains_no_real_user_data
SHC-0381,麻烦关闭烤箱谢谢,explicit,switch,explicit_control,厨房,kitchen_bath.oven,烤箱,kitchen_bath,"[{""device_id"":""kitchen_bath.oven"",""action"":""turn_off"",""parameters"":{}}]",train,synthetic_template_v1,contains_no_real_user_data
SHC-0382,麻烦打开微波炉,explicit,switch,explicit_control,厨房,kitchen_bath.microwave,微波炉,kitchen_bath,"[{""device_id"":""kitchen_bath.microwave"",""action"":""turn_on"",""parameters"":{}}]",train,synthetic_template_v1,contains_no_real_user_data
SHC-0383,麻烦关闭咖啡机谢谢,explicit,switch,explicit_control,厨房,kitchen_bath.coffee,咖啡机,kitchen_bath,"[{""device_id"":""kitchen_bath.coffee"",""action"":""turn_off"",""parameters"":{}}]",train,synthetic_template_v1,contains_no_real_user_data
SHC-0384,帮我打开浴霸谢谢,explicit,switch,explicit_control,卫生间,kitchen_bath.bath_heater,浴霸,kitchen_bath,"[{""device_id"":""kitchen_bath.bath_heater"",""action"":""turn_on"",""parameters"":{}}]",train,synthetic_template_v1,contains_no_real_user_data
SHC-0385,麻烦把客厅空调温度调到18度一下,explicit,parameter,explicit_control,客厅,climate.living_ac,客厅空调,climate,"[{""device_id"":""climate.living_ac"",""action"":""set_temperature"",""parameters"":{""temperature"":18}}]",train,synthetic_template_v1,contains_no_real_user_data
SHC-0386,可以帮我把主卧空调温度调到19度现在就执行,explicit,parameter,explicit_control,主卧,climate.bedroom_ac,主卧空调,climate,"[{""device_id"":""climate.bedroom_ac"",""action"":""set_temperature"",""parameters"":{""temperature"":19}}]",train,synthetic_template_v1,contains_no_real_user_data
SHC-0387,请把次卧空调温度调到20度吧,explicit,parameter,explicit_control,次卧,climate.second_ac,次卧空调,climate,"[{""device_id"":""climate.second_ac"",""action"":""set_temperature"",""parameters"":{""temperature"":20}}]",train,synthetic_template_v1,contains_no_real_user_data
SHC-0388,麻烦把客厅空调温度调到21度,explicit,parameter,explicit_control,客厅,climate.living_ac,客厅空调,climate,"[{""device_id"":""climate.living_ac"",""action"":""set_temperature"",""parameters"":{""temperature"":21}}]",validation,synthetic_template_v1,contains_no_real_user_data
SHC-0389,现在把主卧空调温度调到22度谢谢,explicit,parameter,explicit_control,主卧,climate.bedroom_ac,主卧空调,climate,"[{""device_id"":""climate.bedroom_ac"",""action"":""set_temperature"",""parameters"":{""temperature"":22}}]",test,synthetic_template_v1,contains_no_real_user_data
SHC-0390,帮我把次卧空调温度调到23度吧,explicit,parameter,explicit_control,次卧,climate.second_ac,次卧空调,climate,"[{""device_id"":""climate.second_ac"",""action"":""set_temperature"",""parameters"":{""temperature"":23}}]",train,synthetic_template_v1,contains_no_real_user_data
SHC-0391,请把客厅空调温度调到24度现在就执行,explicit,parameter,explicit_control,客厅,climate.living_ac,客厅空调,climate,"[{""device_id"":""climate.living_ac"",""action"":""set_temperature"",""parameters"":{""temperature"":24}}]",train,synthetic_template_v1,contains_no_real_user_data
SHC-0392,现在把主卧空调温度调到25度现在就执行,explicit,parameter,explicit_control,主卧,climate.bedroom_ac,主卧空调,climate,"[{""device_id"":""climate.bedroom_ac"",""action"":""set_temperature"",""parameters"":{""temperature"":25}}]",train,synthetic_template_v1,contains_no_real_user_data
SHC-0393,可以帮我把次卧空调温度调到26度吧,explicit,parameter,explicit_control,次卧,climate.second_ac,次卧空调,climate,"[{""device_id"":""climate.second_ac"",""action"":""set_temperature"",""parameters"":{""temperature"":26}}]",train,synthetic_template_v1,contains_no_real_user_data
SHC-0394,帮我把客厅空调温度调到27度,explicit,parameter,explicit_control,客厅,climate.living_ac,客厅空调,climate,"[{""device_id"":""climate.living_ac"",""action"":""set_temperature"",""parameters"":{""temperature"":27}}]",train,synthetic_template_v1,contains_no_real_user_data
SHC-0395,帮我把主卧空调温度调到28度吧,explicit,parameter,explicit_control,主卧,climate.bedroom_ac,主卧空调,climate,"[{""device_id"":""climate.bedroom_ac"",""action"":""set_temperature"",""parameters"":{""temperature"":28}}]",train,synthetic_template_v1,contains_no_real_user_data
SHC-0396,帮我把次卧空调温度调到18度谢谢,explicit,parameter,explicit_control,次卧,climate.second_ac,次卧空调,climate,"[{""device_id"":""climate.second_ac"",""action"":""set_temperature"",""parameters"":{""temperature"":18}}]",train,synthetic_template_v1,contains_no_real_user_data
SHC-0397,现在把客厅空调温度调到19度一下,explicit,parameter,explicit_control,客厅,climate.living_ac,客厅空调,climate,"[{""device_id"":""climate.living_ac"",""action"":""set_temperature"",""parameters"":{""temperature"":19}}]",train,synthetic_template_v1,contains_no_real_user_data
SHC-0398,麻烦把主卧空调温度调到20度谢谢,explicit,parameter,explicit_control,主卧,climate.bedroom_ac,主卧空调,climate,"[{""device_id"":""climate.bedroom_ac"",""action"":""set_temperature"",""parameters"":{""temperature"":20}}]",validation,synthetic_template_v1,contains_no_real_user_data
SHC-0399,麻烦把次卧空调温度调到21度一下,explicit,parameter,explicit_control,次卧,climate.second_ac,次卧空调,climate,"[{""device_id"":""climate.second_ac"",""action"":""set_temperature"",""parameters"":{""temperature"":21}}]",test,synthetic_template_v1,contains_no_real_user_data
SHC-0400,可以帮我把客厅空调温度调到22度一下,explicit,parameter,explicit_control,客厅,climate.living_ac,客厅空调,climate,"[{""device_id"":""climate.living_ac"",""action"":""set_temperature"",""parameters"":{""temperature"":22}}]",train,synthetic_template_v1,contains_no_real_user_data
SHC-0401,请把主卧空调温度调到23度一下,explicit,parameter,explicit_control,主卧,climate.bedroom_ac,主卧空调,climate,"[{""device_id"":""climate.bedroom_ac"",""action"":""set_temperature"",""parameters"":{""temperature"":23}}]",train,synthetic_template_v1,contains_no_real_user_data
SHC-0402,帮我把次卧空调温度调到24度谢谢,explicit,parameter,explicit_control,次卧,climate.second_ac,次卧空调,climate,"[{""device_id"":""climate.second_ac"",""action"":""set_temperature"",""parameters"":{""temperature"":24}}]",train,synthetic_template_v1,contains_no_real_user_data
SHC-0403,可以帮我把客厅空调温度调到25度,explicit,parameter,explicit_control,客厅,climate.living_ac,客厅空调,climate,"[{""device_id"":""climate.living_ac"",""action"":""set_temperature"",""parameters"":{""temperature"":25}}]",train,synthetic_template_v1,contains_no_real_user_data
SHC-0404,麻烦把主卧空调温度调到26度现在就执行,explicit,parameter,explicit_control,主卧,climate.bedroom_ac,主卧空调,climate,"[{""device_id"":""climate.bedroom_ac"",""action"":""set_temperature"",""parameters"":{""temperature"":26}}]",train,synthetic_template_v1,contains_no_real_user_data
SHC-0405,现在把次卧空调温度调到27度谢谢,explicit,parameter,explicit_control,次卧,climate.second_ac,次卧空调,climate,"[{""device_id"":""climate.second_ac"",""action"":""set_temperature"",""parameters"":{""temperature"":27}}]",train,synthetic_template_v1,contains_no_real_user_data
SHC-0406,麻烦把客厅空调温度调到28度现在就执行,explicit,parameter,explicit_control,客厅,climate.living_ac,客厅空调,climate,"[{""device_id"":""climate.living_ac"",""action"":""set_temperature"",""parameters"":{""temperature"":28}}]",train,synthetic_template_v1,contains_no_real_user_data
SHC-0407,请把主卧空调温度调到18度谢谢,explicit,parameter,explicit_control,主卧,climate.bedroom_ac,主卧空调,climate,"[{""device_id"":""climate.bedroom_ac"",""action"":""set_temperature"",""parameters"":{""temperature"":18}}]",train,synthetic_template_v1,contains_no_real_user_data
SHC-0408,现在把次卧空调温度调到19度吧,explicit,parameter,explicit_control,次卧,climate.second_ac,次卧空调,climate,"[{""device_id"":""climate.second_ac"",""action"":""set_temperature"",""parameters"":{""temperature"":19}}]",validation,synthetic_template_v1,contains_no_real_user_data
SHC-0409,麻烦把客厅空调温度调到20度一下,explicit,parameter,explicit_control,客厅,climate.living_ac,客厅空调,climate,"[{""device_id"":""climate.living_ac"",""action"":""set_temperature"",""parameters"":{""temperature"":20}}]",test,synthetic_template_v1,contains_no_real_user_data
SHC-0410,麻烦把主卧空调温度调到21度吧,explicit,parameter,explicit_control,主卧,climate.bedroom_ac,主卧空调,climate,"[{""device_id"":""climate.bedroom_ac"",""action"":""set_temperature"",""parameters"":{""temperature"":21}}]",train,synthetic_template_v1,contains_no_real_user_data
SHC-0411,请把次卧空调温度调到22度一下,explicit,parameter,explicit_control,次卧,climate.second_ac,次卧空调,climate,"[{""device_id"":""climate.second_ac"",""action"":""set_temperature"",""parameters"":{""temperature"":22}}]",train,synthetic_template_v1,contains_no_real_user_data
SHC-0412,现在把客厅空调温度调到23度一下,explicit,parameter,explicit_control,客厅,climate.living_ac,客厅空调,climate,"[{""device_id"":""climate.living_ac"",""action"":""set_temperature"",""parameters"":{""temperature"":23}}]",train,synthetic_template_v1,contains_no_real_user_data
SHC-0413,请把主卧空调温度调到24度一下,explicit,parameter,explicit_control,主卧,climate.bedroom_ac,主卧空调,climate,"[{""device_id"":""climate.bedroom_ac"",""action"":""set_temperature"",""parameters"":{""temperature"":24}}]",train,synthetic_template_v1,contains_no_real_user_data
SHC-0414,帮我把次卧空调温度调到25度现在就执行,explicit,parameter,explicit_control,次卧,climate.second_ac,次卧空调,climate,"[{""device_id"":""climate.second_ac"",""action"":""set_temperature"",""parameters"":{""temperature"":25}}]",train,synthetic_template_v1,contains_no_real_user_data
SHC-0415,麻烦把客厅空调温度调到26度一下,explicit,parameter,explicit_control,客厅,climate.living_ac,客厅空调,climate,"[{""device_id"":""climate.living_ac"",""action"":""set_temperature"",""parameters"":{""temperature"":26}}]",train,synthetic_template_v1,contains_no_real_user_data
SHC-0416,麻烦把主卧空调温度调到27度谢谢,explicit,parameter,explicit_control,主卧,climate.bedroom_ac,主卧空调,climate,"[{""device_id"":""climate.bedroom_ac"",""action"":""set_temperature"",""parameters"":{""temperature"":27}}]",train,synthetic_template_v1,contains_no_real_user_data
SHC-0417,现在把次卧空调温度调到28度吧,explicit,parameter,explicit_control,次卧,climate.second_ac,次卧空调,climate,"[{""device_id"":""climate.second_ac"",""action"":""set_temperature"",""parameters"":{""temperature"":28}}]",train,synthetic_template_v1,contains_no_real_user_data
SHC-0418,麻烦把客厅空调温度调到18度一下,explicit,parameter,explicit_control,客厅,climate.living_ac,客厅空调,climate,"[{""device_id"":""climate.living_ac"",""action"":""set_temperature"",""parameters"":{""temperature"":18}}]",validation,synthetic_template_v1,contains_no_real_user_data
SHC-0419,请把主卧空调温度调到19度,explicit,parameter,explicit_control,主卧,climate.bedroom_ac,主卧空调,climate,"[{""device_id"":""climate.bedroom_ac"",""action"":""set_temperature"",""parameters"":{""temperature"":19}}]",test,synthetic_template_v1,contains_no_real_user_data
SHC-0420,麻烦打开客厅空调谢谢,explicit,switch,explicit_control,客厅,climate.living_ac,客厅空调,climate,"[{""device_id"":""climate.living_ac"",""action"":""turn_on"",""parameters"":{}}]",train,synthetic_template_v1,contains_no_real_user_data
SHC-0421,可以帮我关闭主卧空调谢谢,explicit,switch,explicit_control,主卧,climate.bedroom_ac,主卧空调,climate,"[{""device_id"":""climate.bedroom_ac"",""action"":""turn_off"",""parameters"":{}}]",train,synthetic_template_v1,contains_no_real_user_data
SHC-0422,请打开次卧空调现在就执行,explicit,switch,explicit_control,次卧,climate.second_ac,次卧空调,climate,"[{""device_id"":""climate.second_ac"",""action"":""turn_on"",""parameters"":{}}]",train,synthetic_template_v1,contains_no_real_user_data
SHC-0423,帮我关闭新风系统谢谢,explicit,switch,explicit_control,全屋,climate.fresh_air,新风系统,climate,"[{""device_id"":""climate.fresh_air"",""action"":""turn_off"",""parameters"":{}}]",train,synthetic_template_v1,contains_no_real_user_data
SHC-0424,请打开客厅空调吧,explicit,switch,explicit_control,客厅,climate.living_ac,客厅空调,climate,"[{""device_id"":""climate.living_ac"",""action"":""turn_on"",""parameters"":{}}]",train,synthetic_template_v1,contains_no_real_user_data
SHC-0425,帮我关闭主卧空调吧,explicit,switch,explicit_control,主卧,climate.bedroom_ac,主卧空调,climate,"[{""device_id"":""climate.bedroom_ac"",""action"":""turn_off"",""parameters"":{}}]",train,synthetic_template_v1,contains_no_real_user_data
SHC-0426,帮我打开次卧空调吧,explicit,switch,explicit_control,次卧,climate.second_ac,次卧空调,climate,"[{""device_id"":""climate.second_ac"",""action"":""turn_on"",""parameters"":{}}]",train,synthetic_template_v1,contains_no_real_user_data
SHC-0427,可以帮我关闭新风系统吧,explicit,switch,explicit_control,全屋,climate.fresh_air,新风系统,climate,"[{""device_id"":""climate.fresh_air"",""action"":""turn_off"",""parameters"":{}}]",train,synthetic_template_v1,contains_no_real_user_data
SHC-0428,现在打开客厅空调,explicit,switch,explicit_control,客厅,climate.living_ac,客厅空调,climate,"[{""device_id"":""climate.living_ac"",""action"":""turn_on"",""parameters"":{}}]",validation,synthetic_template_v1,contains_no_real_user_data
SHC-0429,现在关闭主卧空调谢谢,explicit,switch,explicit_control,主卧,climate.bedroom_ac,主卧空调,climate,"[{""device_id"":""climate.bedroom_ac"",""action"":""turn_off"",""parameters"":{}}]",test,synthetic_template_v1,contains_no_real_user_data
SHC-0430,现在打开次卧空调现在就执行,explicit,switch,explicit_control,次卧,climate.second_ac,次卧空调,climate,"[{""device_id"":""climate.second_ac"",""action"":""turn_on"",""parameters"":{}}]",train,synthetic_template_v1,contains_no_real_user_data
SHC-0431,麻烦关闭新风系统,explicit,switch,explicit_control,全屋,climate.fresh_air,新风系统,climate,"[{""device_id"":""climate.fresh_air"",""action"":""turn_off"",""parameters"":{}}]",train,synthetic_template_v1,contains_no_real_user_data
SHC-0432,可以帮我打开客厅空调吧,explicit,switch,explicit_control,客厅,climate.living_ac,客厅空调,climate,"[{""device_id"":""climate.living_ac"",""action"":""turn_on"",""parameters"":{}}]",train,synthetic_template_v1,contains_no_real_user_data
SHC-0433,现在关闭主卧空调吧,explicit,switch,explicit_control,主卧,climate.bedroom_ac,主卧空调,climate,"[{""device_id"":""climate.bedroom_ac"",""action"":""turn_off"",""parameters"":{}}]",train,synthetic_template_v1,contains_no_real_user_data
SHC-0434,帮我打开次卧空调,explicit,switch,explicit_control,次卧,climate.second_ac,次卧空调,climate,"[{""device_id"":""climate.second_ac"",""action"":""turn_on"",""parameters"":{}}]",train,synthetic_template_v1,contains_no_real_user_data
SHC-0435,麻烦关闭新风系统谢谢,explicit,switch,explicit_control,全屋,climate.fresh_air,新风系统,climate,"[{""device_id"":""climate.fresh_air"",""action"":""turn_off"",""parameters"":{}}]",train,synthetic_template_v1,contains_no_real_user_data
SHC-0436,麻烦打开客厅空调吧,explicit,switch,explicit_control,客厅,climate.living_ac,客厅空调,climate,"[{""device_id"":""climate.living_ac"",""action"":""turn_on"",""parameters"":{}}]",train,synthetic_template_v1,contains_no_real_user_data
SHC-0437,麻烦关闭主卧空调吧,explicit,switch,explicit_control,主卧,climate.bedroom_ac,主卧空调,climate,"[{""device_id"":""climate.bedroom_ac"",""action"":""turn_off"",""parameters"":{}}]",train,synthetic_template_v1,contains_no_real_user_data
SHC-0438,请打开次卧空调,explicit,switch,explicit_control,次卧,climate.second_ac,次卧空调,climate,"[{""device_id"":""climate.second_ac"",""action"":""turn_on"",""parameters"":{}}]",validation,synthetic_template_v1,contains_no_real_user_data
SHC-0439,麻烦关闭新风系统一下,explicit,switch,explicit_control,全屋,climate.fresh_air,新风系统,climate,"[{""device_id"":""climate.fresh_air"",""action"":""turn_off"",""parameters"":{}}]",test,synthetic_template_v1,contains_no_real_user_data
SHC-0440,帮我打开客厅空调现在就执行,explicit,switch,explicit_control,客厅,climate.living_ac,客厅空调,climate,"[{""device_id"":""climate.living_ac"",""action"":""turn_on"",""parameters"":{}}]",train,synthetic_template_v1,contains_no_real_user_data
SHC-0441,现在关闭主卧空调吧,explicit,switch,explicit_control,主卧,climate.bedroom_ac,主卧空调,climate,"[{""device_id"":""climate.bedroom_ac"",""action"":""turn_off"",""parameters"":{}}]",train,synthetic_template_v1,contains_no_real_user_data
SHC-0442,可以帮我打开次卧空调,explicit,switch,explicit_control,次卧,climate.second_ac,次卧空调,climate,"[{""device_id"":""climate.second_ac"",""action"":""turn_on"",""parameters"":{}}]",train,synthetic_template_v1,contains_no_real_user_data
SHC-0443,麻烦关闭新风系统谢谢,explicit,switch,explicit_control,全屋,climate.fresh_air,新风系统,climate,"[{""device_id"":""climate.fresh_air"",""action"":""turn_off"",""parameters"":{}}]",train,synthetic_template_v1,contains_no_real_user_data
SHC-0444,请打开客厅空调,explicit,switch,explicit_control,客厅,climate.living_ac,客厅空调,climate,"[{""device_id"":""climate.living_ac"",""action"":""turn_on"",""parameters"":{}}]",train,synthetic_template_v1,contains_no_real_user_data
SHC-0445,请关闭主卧空调一下,explicit,switch,explicit_control,主卧,climate.bedroom_ac,主卧空调,climate,"[{""device_id"":""climate.bedroom_ac"",""action"":""turn_off"",""parameters"":{}}]",train,synthetic_template_v1,contains_no_real_user_data
SHC-0446,麻烦打开次卧空调吧,explicit,switch,explicit_control,次卧,climate.second_ac,次卧空调,climate,"[{""device_id"":""climate.second_ac"",""action"":""turn_on"",""parameters"":{}}]",train,synthetic_template_v1,contains_no_real_user_data
SHC-0447,可以帮我关闭新风系统谢谢,explicit,switch,explicit_control,全屋,climate.fresh_air,新风系统,climate,"[{""device_id"":""climate.fresh_air"",""action"":""turn_off"",""parameters"":{}}]",train,synthetic_template_v1,contains_no_real_user_data
SHC-0448,帮我打开客厅空调吧,explicit,switch,explicit_control,客厅,climate.living_ac,客厅空调,climate,"[{""device_id"":""climate.living_ac"",""action"":""turn_on"",""parameters"":{}}]",validation,synthetic_template_v1,contains_no_real_user_data
SHC-0449,帮我关闭主卧空调,explicit,switch,explicit_control,主卧,climate.bedroom_ac,主卧空调,climate,"[{""device_id"":""climate.bedroom_ac"",""action"":""turn_off"",""parameters"":{}}]",test,synthetic_template_v1,contains_no_real_user_data
SHC-0450,帮我打开次卧空调吧,explicit,switch,explicit_control,次卧,climate.second_ac,次卧空调,climate,"[{""device_id"":""climate.second_ac"",""action"":""turn_on"",""parameters"":{}}]",train,synthetic_template_v1,contains_no_real_user_data
SHC-0451,麻烦关闭新风系统吧,explicit,switch,explicit_control,全屋,climate.fresh_air,新风系统,climate,"[{""device_id"":""climate.fresh_air"",""action"":""turn_off"",""parameters"":{}}]",train,synthetic_template_v1,contains_no_real_user_data
SHC-0452,现在打开客厅空调,explicit,switch,explicit_control,客厅,climate.living_ac,客厅空调,climate,"[{""device_id"":""climate.living_ac"",""action"":""turn_on"",""parameters"":{}}]",train,synthetic_template_v1,contains_no_real_user_data
SHC-0453,请关闭主卧空调一下,explicit,switch,explicit_control,主卧,climate.bedroom_ac,主卧空调,climate,"[{""device_id"":""climate.bedroom_ac"",""action"":""turn_off"",""parameters"":{}}]",train,synthetic_template_v1,contains_no_real_user_data
SHC-0454,请打开次卧空调一下,explicit,switch,explicit_control,次卧,climate.second_ac,次卧空调,climate,"[{""device_id"":""climate.second_ac"",""action"":""turn_on"",""parameters"":{}}]",train,synthetic_template_v1,contains_no_real_user_data
SHC-0455,可以帮我关闭新风系统一下,explicit,switch,explicit_control,全屋,climate.fresh_air,新风系统,climate,"[{""device_id"":""climate.fresh_air"",""action"":""turn_off"",""parameters"":{}}]",train,synthetic_template_v1,contains_no_real_user_data
SHC-0456,现在打开客厅空调一下,explicit,switch,explicit_control,客厅,climate.living_ac,客厅空调,climate,"[{""device_id"":""climate.living_ac"",""action"":""turn_on"",""parameters"":{}}]",train,synthetic_template_v1,contains_no_real_user_data
SHC-0457,请关闭主卧空调吧,explicit,switch,explicit_control,主卧,climate.bedroom_ac,主卧空调,climate,"[{""device_id"":""climate.bedroom_ac"",""action"":""turn_off"",""parameters"":{}}]",train,synthetic_template_v1,contains_no_real_user_data
SHC-0458,现在打开次卧空调一下,explicit,switch,explicit_control,次卧,climate.second_ac,次卧空调,climate,"[{""device_id"":""climate.second_ac"",""action"":""turn_on"",""parameters"":{}}]",validation,synthetic_template_v1,contains_no_real_user_data
SHC-0459,现在关闭新风系统吧,explicit,switch,explicit_control,全屋,climate.fresh_air,新风系统,climate,"[{""device_id"":""climate.fresh_air"",""action"":""turn_off"",""parameters"":{}}]",test,synthetic_template_v1,contains_no_real_user_data
SHC-0460,请打开客厅空调吧,explicit,switch,explicit_control,客厅,climate.living_ac,客厅空调,climate,"[{""device_id"":""climate.living_ac"",""action"":""turn_on"",""parameters"":{}}]",train,synthetic_template_v1,contains_no_real_user_data
SHC-0461,现在关闭主卧空调一下,explicit,switch,explicit_control,主卧,climate.bedroom_ac,主卧空调,climate,"[{""device_id"":""climate.bedroom_ac"",""action"":""turn_off"",""parameters"":{}}]",train,synthetic_template_v1,contains_no_real_user_data
SHC-0462,帮我打开次卧空调一下,explicit,switch,explicit_control,次卧,climate.second_ac,次卧空调,climate,"[{""device_id"":""climate.second_ac"",""action"":""turn_on"",""parameters"":{}}]",train,synthetic_template_v1,contains_no_real_user_data
SHC-0463,麻烦打开客厅窗吧,explicit,switch,explicit_control,客厅,door_window.living_window,客厅窗,door_window,"[{""device_id"":""door_window.living_window"",""action"":""open"",""parameters"":{}}]",train,synthetic_template_v1,contains_no_real_user_data
SHC-0464,帮我关闭主卧窗吧,explicit,switch,explicit_control,主卧,door_window.bedroom_window,主卧窗,door_window,"[{""device_id"":""door_window.bedroom_window"",""action"":""close"",""parameters"":{}}]",train,synthetic_template_v1,contains_no_real_user_data
SHC-0465,现在打开次卧窗谢谢,explicit,switch,explicit_control,次卧,door_window.second_window,次卧窗,door_window,"[{""device_id"":""door_window.second_window"",""action"":""open"",""parameters"":{}}]",train,synthetic_template_v1,contains_no_real_user_data
SHC-0466,帮我关闭厨房窗一下,explicit,switch,explicit_control,厨房,door_window.kitchen_window,厨房窗,door_window,"[{""device_id"":""door_window.kitchen_window"",""action"":""close"",""parameters"":{}}]",train,synthetic_template_v1,contains_no_real_user_data
SHC-0467,帮我打开阳台门谢谢,explicit,switch,explicit_control,阳台,door_window.balcony_door,阳台门,door_window,"[{""device_id"":""door_window.balcony_door"",""action"":""open"",""parameters"":{}}]",train,synthetic_template_v1,contains_no_real_user_data
SHC-0468,帮我关闭客厅窗吧,explicit,switch,explicit_control,客厅,door_window.living_window,客厅窗,door_window,"[{""device_id"":""door_window.living_window"",""action"":""close"",""parameters"":{}}]",validation,synthetic_template_v1,contains_no_real_user_data
SHC-0469,麻烦打开主卧窗现在就执行,explicit,switch,explicit_control,主卧,door_window.bedroom_window,主卧窗,door_window,"[{""device_id"":""door_window.bedroom_window"",""action"":""open"",""parameters"":{}}]",test,synthetic_template_v1,contains_no_real_user_data
SHC-0470,现在关闭次卧窗,explicit,switch,explicit_control,次卧,door_window.second_window,次卧窗,door_window,"[{""device_id"":""door_window.second_window"",""action"":""close"",""parameters"":{}}]",train,synthetic_template_v1,contains_no_real_user_data
SHC-0471,请打开厨房窗,explicit,switch,explicit_control,厨房,door_window.kitchen_window,厨房窗,door_window,"[{""device_id"":""door_window.kitchen_window"",""action"":""open"",""parameters"":{}}]",train,synthetic_template_v1,contains_no_real_user_data
SHC-0472,麻烦关闭阳台门现在就执行,explicit,switch,explicit_control,阳台,door_window.balcony_door,阳台门,door_window,"[{""device_id"":""door_window.balcony_door"",""action"":""close"",""parameters"":{}}]",train,synthetic_template_v1,contains_no_real_user_data
SHC-0473,帮我打开客厅窗一下,explicit,switch,explicit_control,客厅,door_window.living_window,客厅窗,door_window,"[{""device_id"":""door_window.living_window"",""action"":""open"",""parameters"":{}}]",train,synthetic_template_v1,contains_no_real_user_data
SHC-0474,请关闭主卧窗,explicit,switch,explicit_control,主卧,door_window.bedroom_window,主卧窗,door_window,"[{""device_id"":""door_window.bedroom_window"",""action"":""close"",""parameters"":{}}]",train,synthetic_template_v1,contains_no_real_user_data
SHC-0475,可以帮我打开次卧窗,explicit,switch,explicit_control,次卧,door_window.second_window,次卧窗,door_window,"[{""device_id"":""door_window.second_window"",""action"":""open"",""parameters"":{}}]",train,synthetic_template_v1,contains_no_real_user_data
SHC-0476,帮我关闭厨房窗一下,explicit,switch,explicit_control,厨房,door_window.kitchen_window,厨房窗,door_window,"[{""device_id"":""door_window.kitchen_window"",""action"":""close"",""parameters"":{}}]",train,synthetic_template_v1,contains_no_real_user_data
SHC-0477,可以帮我打开阳台门吧,explicit,switch,explicit_control,阳台,door_window.balcony_door,阳台门,door_window,"[{""device_id"":""door_window.balcony_door"",""action"":""open"",""parameters"":{}}]",train,synthetic_template_v1,contains_no_real_user_data
SHC-0478,可以帮我关闭客厅窗现在就执行,explicit,switch,explicit_control,客厅,door_window.living_window,客厅窗,door_window,"[{""device_id"":""door_window.living_window"",""action"":""close"",""parameters"":{}}]",validation,synthetic_template_v1,contains_no_real_user_data
SHC-0479,帮我打开主卧窗现在就执行,explicit,switch,explicit_control,主卧,door_window.bedroom_window,主卧窗,door_window,"[{""device_id"":""door_window.bedroom_window"",""action"":""open"",""parameters"":{}}]",test,synthetic_template_v1,contains_no_real_user_data
SHC-0480,请关闭次卧窗,explicit,switch,explicit_control,次卧,door_window.second_window,次卧窗,door_window,"[{""device_id"":""door_window.second_window"",""action"":""close"",""parameters"":{}}]",train,synthetic_template_v1,contains_no_real_user_data
SHC-0481,麻烦打开厨房窗现在就执行,explicit,switch,explicit_control,厨房,door_window.kitchen_window,厨房窗,door_window,"[{""device_id"":""door_window.kitchen_window"",""action"":""open"",""parameters"":{}}]",train,synthetic_template_v1,contains_no_real_user_data
SHC-0482,帮我关闭阳台门吧,explicit,switch,explicit_control,阳台,door_window.balcony_door,阳台门,door_window,"[{""device_id"":""door_window.balcony_door"",""action"":""close"",""parameters"":{}}]",train,synthetic_template_v1,contains_no_real_user_data
SHC-0483,麻烦打开客厅窗谢谢,explicit,switch,explicit_control,客厅,door_window.living_window,客厅窗,door_window,"[{""device_id"":""door_window.living_window"",""action"":""open"",""parameters"":{}}]",train,synthetic_template_v1,contains_no_real_user_data
SHC-0484,请关闭主卧窗吧,explicit,switch,explicit_control,主卧,door_window.bedroom_window,主卧窗,door_window,"[{""device_id"":""door_window.bedroom_window"",""action"":""close"",""parameters"":{}}]",train,synthetic_template_v1,contains_no_real_user_data
SHC-0485,请打开次卧窗谢谢,explicit,switch,explicit_control,次卧,door_window.second_window,次卧窗,door_window,"[{""device_id"":""door_window.second_window"",""action"":""open"",""parameters"":{}}]",train,synthetic_template_v1,contains_no_real_user_data
SHC-0486,可以帮我关闭厨房窗谢谢,explicit,switch,explicit_control,厨房,door_window.kitchen_window,厨房窗,door_window,"[{""device_id"":""door_window.kitchen_window"",""action"":""close"",""parameters"":{}}]",train,synthetic_template_v1,contains_no_real_user_data
SHC-0487,可以帮我打开阳台门,explicit,switch,explicit_control,阳台,door_window.balcony_door,阳台门,door_window,"[{""device_id"":""door_window.balcony_door"",""action"":""open"",""parameters"":{}}]",train,synthetic_template_v1,contains_no_real_user_data
SHC-0488,现在关闭客厅窗现在就执行,explicit,switch,explicit_control,客厅,door_window.living_window,客厅窗,door_window,"[{""device_id"":""door_window.living_window"",""action"":""close"",""parameters"":{}}]",validation,synthetic_template_v1,contains_no_real_user_data
SHC-0489,帮我打开主卧窗谢谢,explicit,switch,explicit_control,主卧,door_window.bedroom_window,主卧窗,door_window,"[{""device_id"":""door_window.bedroom_window"",""action"":""open"",""parameters"":{}}]",test,synthetic_template_v1,contains_no_real_user_data
SHC-0490,麻烦关闭次卧窗吧,explicit,switch,explicit_control,次卧,door_window.second_window,次卧窗,door_window,"[{""device_id"":""door_window.second_window"",""action"":""close"",""parameters"":{}}]",train,synthetic_template_v1,contains_no_real_user_data
SHC-0491,帮我打开厨房窗,explicit,switch,explicit_control,厨房,door_window.kitchen_window,厨房窗,door_window,"[{""device_id"":""door_window.kitchen_window"",""action"":""open"",""parameters"":{}}]",train,synthetic_template_v1,contains_no_real_user_data
SHC-0492,现在关闭阳台门现在就执行,explicit,switch,explicit_control,阳台,door_window.balcony_door,阳台门,door_window,"[{""device_id"":""door_window.balcony_door"",""action"":""close"",""parameters"":{}}]",train,synthetic_template_v1,contains_no_real_user_data
SHC-0493,帮我打开客厅窗现在就执行,explicit,switch,explicit_control,客厅,door_window.living_window,客厅窗,door_window,"[{""device_id"":""door_window.living_window"",""action"":""open"",""parameters"":{}}]",train,synthetic_template_v1,contains_no_real_user_data
SHC-0494,帮我关闭主卧窗一下,explicit,switch,explicit_control,主卧,door_window.bedroom_window,主卧窗,door_window,"[{""device_id"":""door_window.bedroom_window"",""action"":""close"",""parameters"":{}}]",train,synthetic_template_v1,contains_no_real_user_data
SHC-0495,帮我把客厅窗帘位置调到10%吧,explicit,parameter,explicit_control,客厅,curtain.living,客厅窗帘,curtain,"[{""device_id"":""curtain.living"",""action"":""set_position"",""parameters"":{""position"":10}}]",train,synthetic_template_v1,contains_no_real_user_data
SHC-0496,现在把主卧窗帘位置调到20%谢谢,explicit,parameter,explicit_control,主卧,curtain.bedroom,主卧窗帘,curtain,"[{""device_id"":""curtain.bedroom"",""action"":""set_position"",""parameters"":{""position"":20}}]",train,synthetic_template_v1,contains_no_real_user_data
SHC-0497,帮我把次卧窗帘位置调到30%一下,explicit,parameter,explicit_control,次卧,curtain.second,次卧窗帘,curtain,"[{""device_id"":""curtain.second"",""action"":""set_position"",""parameters"":{""position"":30}}]",train,synthetic_template_v1,contains_no_real_user_data
SHC-0498,麻烦把书房窗帘位置调到40%,explicit,parameter,explicit_control,书房,curtain.study,书房窗帘,curtain,"[{""device_id"":""curtain.study"",""action"":""set_position"",""parameters"":{""position"":40}}]",validation,synthetic_template_v1,contains_no_real_user_data
SHC-0499,现在把客厅窗帘位置调到50%一下,explicit,parameter,explicit_control,客厅,curtain.living,客厅窗帘,curtain,"[{""device_id"":""curtain.living"",""action"":""set_position"",""parameters"":{""position"":50}}]",test,synthetic_template_v1,contains_no_real_user_data
SHC-0500,帮我把主卧窗帘位置调到60%一下,explicit,parameter,explicit_control,主卧,curtain.bedroom,主卧窗帘,curtain,"[{""device_id"":""curtain.bedroom"",""action"":""set_position"",""parameters"":{""position"":60}}]",train,synthetic_template_v1,contains_no_real_user_data
SHC-0501,请把次卧窗帘位置调到70%,explicit,parameter,explicit_control,次卧,curtain.second,次卧窗帘,curtain,"[{""device_id"":""curtain.second"",""action"":""set_position"",""parameters"":{""position"":70}}]",train,synthetic_template_v1,contains_no_real_user_data
SHC-0502,请把书房窗帘位置调到80%,explicit,parameter,explicit_control,书房,curtain.study,书房窗帘,curtain,"[{""device_id"":""curtain.study"",""action"":""set_position"",""parameters"":{""position"":80}}]",train,synthetic_template_v1,contains_no_real_user_data
SHC-0503,麻烦把客厅窗帘位置调到90%,explicit,parameter,explicit_control,客厅,curtain.living,客厅窗帘,curtain,"[{""device_id"":""curtain.living"",""action"":""set_position"",""parameters"":{""position"":90}}]",train,synthetic_template_v1,contains_no_real_user_data
SHC-0504,帮我打开客厅窗帘,explicit,switch,explicit_control,客厅,curtain.living,客厅窗帘,curtain,"[{""device_id"":""curtain.living"",""action"":""open"",""parameters"":{}}]",train,synthetic_template_v1,contains_no_real_user_data
SHC-0505,帮我关闭主卧窗帘现在就执行,explicit,switch,explicit_control,主卧,curtain.bedroom,主卧窗帘,curtain,"[{""device_id"":""curtain.bedroom"",""action"":""close"",""parameters"":{}}]",train,synthetic_template_v1,contains_no_real_user_data
SHC-0506,帮我打开次卧窗帘,explicit,switch,explicit_control,次卧,curtain.second,次卧窗帘,curtain,"[{""device_id"":""curtain.second"",""action"":""open"",""parameters"":{}}]",train,synthetic_template_v1,contains_no_real_user_data
SHC-0507,可以帮我关闭书房窗帘现在就执行,explicit,switch,explicit_control,书房,curtain.study,书房窗帘,curtain,"[{""device_id"":""curtain.study"",""action"":""close"",""parameters"":{}}]",train,synthetic_template_v1,contains_no_real_user_data
SHC-0508,请打开客厅窗帘吧,explicit,switch,explicit_control,客厅,curtain.living,客厅窗帘,curtain,"[{""device_id"":""curtain.living"",""action"":""open"",""parameters"":{}}]",validation,synthetic_template_v1,contains_no_real_user_data
SHC-0509,可以帮我关闭主卧窗帘吧,explicit,switch,explicit_control,主卧,curtain.bedroom,主卧窗帘,curtain,"[{""device_id"":""curtain.bedroom"",""action"":""close"",""parameters"":{}}]",test,synthetic_template_v1,contains_no_real_user_data
SHC-0510,可以帮我打开次卧窗帘谢谢,explicit,switch,explicit_control,次卧,curtain.second,次卧窗帘,curtain,"[{""device_id"":""curtain.second"",""action"":""open"",""parameters"":{}}]",train,synthetic_template_v1,contains_no_real_user_data
SHC-0511,请关闭书房窗帘谢谢,explicit,switch,explicit_control,书房,curtain.study,书房窗帘,curtain,"[{""device_id"":""curtain.study"",""action"":""close"",""parameters"":{}}]",train,synthetic_template_v1,contains_no_real_user_data
SHC-0512,可以帮我打开客厅窗帘谢谢,explicit,switch,explicit_control,客厅,curtain.living,客厅窗帘,curtain,"[{""device_id"":""curtain.living"",""action"":""open"",""parameters"":{}}]",train,synthetic_template_v1,contains_no_real_user_data
SHC-0513,可以帮我关闭主卧窗帘谢谢,explicit,switch,explicit_control,主卧,curtain.bedroom,主卧窗帘,curtain,"[{""device_id"":""curtain.bedroom"",""action"":""close"",""parameters"":{}}]",train,synthetic_template_v1,contains_no_real_user_data
SHC-0514,可以帮我打开客厅加湿器现在就执行,explicit,switch,explicit_control,客厅,appliance.humidifier,客厅加湿器,appliance,"[{""device_id"":""appliance.humidifier"",""action"":""turn_on"",""parameters"":{}}]",train,synthetic_template_v1,contains_no_real_user_data
SHC-0515,帮我关闭客厅空气净化器现在就执行,explicit,switch,explicit_control,客厅,appliance.air_purifier,客厅空气净化器,appliance,"[{""device_id"":""appliance.air_purifier"",""action"":""turn_off"",""parameters"":{}}]",train,synthetic_template_v1,contains_no_real_user_data
SHC-0516,可以帮我打开扫地机器人,explicit,switch,explicit_control,全屋,appliance.robot_vacuum,扫地机器人,appliance,"[{""device_id"":""appliance.robot_vacuum"",""action"":""turn_on"",""parameters"":{}}]",train,synthetic_template_v1,contains_no_real_user_data
SHC-0517,麻烦关闭洗衣机一下,explicit,switch,explicit_control,阳台,appliance.washer,洗衣机,appliance,"[{""device_id"":""appliance.washer"",""action"":""turn_off"",""parameters"":{}}]",train,synthetic_template_v1,contains_no_real_user_data
SHC-0518,麻烦打开客厅加湿器吧,explicit,switch,explicit_control,客厅,appliance.humidifier,客厅加湿器,appliance,"[{""device_id"":""appliance.humidifier"",""action"":""turn_on"",""parameters"":{}}]",validation,synthetic_template_v1,contains_no_real_user_data
SHC-0519,可以帮我关闭客厅空气净化器现在就执行,explicit,switch,explicit_control,客厅,appliance.air_purifier,客厅空气净化器,appliance,"[{""device_id"":""appliance.air_purifier"",""action"":""turn_off"",""parameters"":{}}]",test,synthetic_template_v1,contains_no_real_user_data
SHC-0520,帮我打开扫地机器人,explicit,switch,explicit_control,全屋,appliance.robot_vacuum,扫地机器人,appliance,"[{""device_id"":""appliance.robot_vacuum"",""action"":""turn_on"",""parameters"":{}}]",train,synthetic_template_v1,contains_no_real_user_data
SHC-0521,帮我关闭洗衣机,explicit,switch,explicit_control,阳台,appliance.washer,洗衣机,appliance,"[{""device_id"":""appliance.washer"",""action"":""turn_off"",""parameters"":{}}]",train,synthetic_template_v1,contains_no_real_user_data
SHC-0522,麻烦打开客厅加湿器一下,explicit,switch,explicit_control,客厅,appliance.humidifier,客厅加湿器,appliance,"[{""device_id"":""appliance.humidifier"",""action"":""turn_on"",""parameters"":{}}]",train,synthetic_template_v1,contains_no_real_user_data
SHC-0523,可以帮我打开客厅电视吧,explicit,switch,explicit_control,客厅,media.television,客厅电视,media,"[{""device_id"":""media.television"",""action"":""turn_on"",""parameters"":{}}]",train,synthetic_template_v1,contains_no_real_user_data
SHC-0524,可以帮我关闭客厅音箱现在就执行,explicit,switch,explicit_control,客厅,media.speaker,客厅音箱,media,"[{""device_id"":""media.speaker"",""action"":""turn_off"",""parameters"":{}}]",train,synthetic_template_v1,contains_no_real_user_data
SHC-0525,现在打开客厅电视吧,explicit,switch,explicit_control,客厅,media.television,客厅电视,media,"[{""device_id"":""media.television"",""action"":""turn_on"",""parameters"":{}}]",train,synthetic_template_v1,contains_no_real_user_data
SHC-0526,麻烦锁上智能门锁现在就执行,explicit,switch,explicit_control,玄关,security.front_door,智能门锁,security,"[{""device_id"":""security.front_door"",""action"":""lock"",""parameters"":{}}]",train,synthetic_template_v1,contains_no_real_user_data
SHC-0527,屋里太暗了，看不清东西,implicit,sensation,brighten,客厅,light.living_main,客厅主灯,lighting,"[{""device_id"":""light.living_main"",""action"":""set_brightness"",""parameters"":{""brightness"":75}}]",train,synthetic_template_v1,contains_no_real_user_data
SHC-0528,准备睡觉了，按平时的习惯来,implicit,scene,sleep_mode,客厅,light.living_ambient,客厅氛围灯,lighting,"[{""device_id"":""light.bedroom_main"",""action"":""turn_off"",""parameters"":{}},{""device_id"":""light.bedside"",""action"":""set_brightness"",""parameters"":{""brightness"":15}},{""device_id"":""curtain.bedroom"",""action"":""close"",""parameters"":{}},{""device_id"":""climate.bedroom_ac"",""action"":""set_temperature"",""parameters"":{""temperature"":25}}]",validation,synthetic_template_v1,contains_no_real_user_data
SHC-0529,光线有点暗，我要看书，能改善一下吗,implicit,sensation,brighten,餐厅,light.dining,餐厅吊灯,lighting,"[{""device_id"":""light.living_main"",""action"":""set_brightness"",""parameters"":{""brightness"":75}}]",test,synthetic_template_v1,contains_no_real_user_data
SHC-0530,晚安，我要休息了，帮我准备一下,implicit,scene,sleep_mode,厨房,light.kitchen,厨房顶灯,lighting,"[{""device_id"":""light.bedroom_main"",""action"":""turn_off"",""parameters"":{}},{""device_id"":""light.bedside"",""action"":""set_brightness"",""parameters"":{""brightness"":15}},{""device_id"":""curtain.bedroom"",""action"":""close"",""parameters"":{}},{""device_id"":""climate.bedroom_ac"",""action"":""set_temperature"",""parameters"":{""temperature"":25}}]",train,synthetic_template_v1,contains_no_real_user_data
SHC-0531,这里黑乎乎的，按平时的习惯来,implicit,scene,brighten,主卧,light.bedroom_main,主卧顶灯,lighting,"[{""device_id"":""light.living_main"",""action"":""set_brightness"",""parameters"":{""brightness"":75}}]",train,synthetic_template_v1,contains_no_real_user_data
SHC-0532,准备睡觉了，有点不舒服,implicit,sensation,sleep_mode,主卧,light.bedside,主卧床头灯,lighting,"[{""device_id"":""light.bedroom_main"",""action"":""turn_off"",""parameters"":{}},{""device_id"":""light.bedside"",""action"":""set_brightness"",""parameters"":{""brightness"":15}},{""device_id"":""curtain.bedroom"",""action"":""close"",""parameters"":{}},{""device_id"":""climate.bedroom_ac"",""action"":""set_temperature"",""parameters"":{""temperature"":25}}]",train,synthetic_template_v1,contains_no_real_user_data
SHC-0533,屋里太暗了，看不清东西,implicit,sensation,brighten,次卧,light.bedroom_second,次卧顶灯,lighting,"[{""device_id"":""light.living_main"",""action"":""set_brightness"",""parameters"":{""brightness"":75}}]",train,synthetic_template_v1,contains_no_real_user_data
SHC-0534,晚安，我要休息了，现在开始吧,implicit,scene,sleep_mode,书房,light.study,书房灯,lighting,"[{""device_id"":""light.bedroom_main"",""action"":""turn_off"",""parameters"":{}},{""device_id"":""light.bedside"",""action"":""set_brightness"",""parameters"":{""brightness"":15}},{""device_id"":""curtain.bedroom"",""action"":""close"",""parameters"":{}},{""device_id"":""climate.bedroom_ac"",""action"":""set_temperature"",""parameters"":{""temperature"":25}}]",train,synthetic_template_v1,contains_no_real_user_data
SHC-0535,光线有点暗，我要看书，现在开始吧,implicit,scene,brighten,卫生间,light.bathroom,卫生间灯,lighting,"[{""device_id"":""light.living_main"",""action"":""set_brightness"",""parameters"":{""brightness"":75}}]",train,synthetic_template_v1,contains_no_real_user_data
SHC-0536,准备睡觉了，按平时的习惯来,implicit,scene,sleep_mode,玄关,light.entry,玄关灯,lighting,"[{""device_id"":""light.bedroom_main"",""action"":""turn_off"",""parameters"":{}},{""device_id"":""light.bedside"",""action"":""set_brightness"",""parameters"":{""brightness"":15}},{""device_id"":""curtain.bedroom"",""action"":""close"",""parameters"":{}},{""device_id"":""climate.bedroom_ac"",""action"":""set_temperature"",""parameters"":{""temperature"":25}}]",train,synthetic_template_v1,contains_no_real_user_data
SHC-0537,这里黑乎乎的，帮我准备一下,implicit,scene,brighten,阳台,light.balcony,阳台灯,lighting,"[{""device_id"":""light.living_main"",""action"":""set_brightness"",""parameters"":{""brightness"":75}}]",train,synthetic_template_v1,contains_no_real_user_data
SHC-0538,晚安，我要休息了，能改善一下吗,implicit,sensation,sleep_mode,走廊,light.hallway,走廊灯,lighting,"[{""device_id"":""light.bedroom_main"",""action"":""turn_off"",""parameters"":{}},{""device_id"":""light.bedside"",""action"":""set_brightness"",""parameters"":{""brightness"":15}},{""device_id"":""curtain.bedroom"",""action"":""close"",""parameters"":{}},{""device_id"":""climate.bedroom_ac"",""action"":""set_temperature"",""parameters"":{""temperature"":25}}]",validation,synthetic_template_v1,contains_no_real_user_data
SHC-0539,屋里太暗了，看不清东西，家里有老人,implicit,health,brighten,衣帽间,light.cloakroom,衣帽间灯,lighting,"[{""device_id"":""light.living_main"",""action"":""set_brightness"",""parameters"":{""brightness"":75}}]",test,synthetic_template_v1,contains_no_real_user_data
SHC-0540,准备睡觉了，按平时的习惯来,implicit,scene,sleep_mode,儿童房,light.children,儿童房灯,lighting,"[{""device_id"":""light.bedroom_main"",""action"":""turn_off"",""parameters"":{}},{""device_id"":""light.bedside"",""action"":""set_brightness"",""parameters"":{""brightness"":15}},{""device_id"":""curtain.bedroom"",""action"":""close"",""parameters"":{}},{""device_id"":""climate.bedroom_ac"",""action"":""set_temperature"",""parameters"":{""temperature"":25}}]",train,synthetic_template_v1,contains_no_real_user_data
SHC-0541,光线有点暗，我要看书，帮我准备一下,implicit,scene,brighten,车库,light.garage,车库灯,lighting,"[{""device_id"":""light.living_main"",""action"":""set_brightness"",""parameters"":{""brightness"":75}}]",train,synthetic_template_v1,contains_no_real_user_data
SHC-0542,晚安，我要休息了，嗓子不太舒服,implicit,health,sleep_mode,客厅,light.living_main,客厅主灯,lighting,"[{""device_id"":""light.bedroom_main"",""action"":""turn_off"",""parameters"":{}},{""device_id"":""light.bedside"",""action"":""set_brightness"",""parameters"":{""brightness"":15}},{""device_id"":""curtain.bedroom"",""action"":""close"",""parameters"":{}},{""device_id"":""climate.bedroom_ac"",""action"":""set_temperature"",""parameters"":{""temperature"":25}}]",train,synthetic_template_v1,contains_no_real_user_data
SHC-0543,这里黑乎乎的，嗓子不太舒服,implicit,health,brighten,客厅,light.living_ambient,客厅氛围灯,lighting,"[{""device_id"":""light.living_main"",""action"":""set_brightness"",""parameters"":{""brightness"":75}}]",train,synthetic_template_v1,contains_no_real_user_data
SHC-0544,准备睡觉了，按平时的习惯来,implicit,scene,sleep_mode,餐厅,light.dining,餐厅吊灯,lighting,"[{""device_id"":""light.bedroom_main"",""action"":""turn_off"",""parameters"":{}},{""device_id"":""light.bedside"",""action"":""set_brightness"",""parameters"":{""brightness"":15}},{""device_id"":""curtain.bedroom"",""action"":""close"",""parameters"":{}},{""device_id"":""climate.bedroom_ac"",""action"":""set_temperature"",""parameters"":{""temperature"":25}}]",train,synthetic_template_v1,contains_no_real_user_data
SHC-0545,屋里太暗了，看不清东西，按平时的习惯来,implicit,scene,brighten,厨房,light.kitchen,厨房顶灯,lighting,"[{""device_id"":""light.living_main"",""action"":""set_brightness"",""parameters"":{""brightness"":75}}]",train,synthetic_template_v1,contains_no_real_user_data
SHC-0546,晚安，我要休息了，有点不舒服,implicit,sensation,sleep_mode,主卧,light.bedroom_main,主卧顶灯,lighting,"[{""device_id"":""light.bedroom_main"",""action"":""turn_off"",""parameters"":{}},{""device_id"":""light.bedside"",""action"":""set_brightness"",""parameters"":{""brightness"":15}},{""device_id"":""curtain.bedroom"",""action"":""close"",""parameters"":{}},{""device_id"":""climate.bedroom_ac"",""action"":""set_temperature"",""parameters"":{""temperature"":25}}]",train,synthetic_template_v1,contains_no_real_user_data
SHC-0547,光线有点暗，我要看书，能改善一下吗,implicit,sensation,brighten,主卧,light.bedside,主卧床头灯,lighting,"[{""device_id"":""light.living_main"",""action"":""set_brightness"",""parameters"":{""brightness"":75}}]",train,synthetic_template_v1,contains_no_real_user_data
SHC-0548,准备睡觉了，有点不舒服,implicit,sensation,sleep_mode,次卧,light.bedroom_second,次卧顶灯,lighting,"[{""device_id"":""light.bedroom_main"",""action"":""turn_off"",""parameters"":{}},{""device_id"":""light.bedside"",""action"":""set_brightness"",""parameters"":{""brightness"":15}},{""device_id"":""curtain.bedroom"",""action"":""close"",""parameters"":{}},{""device_id"":""climate.bedroom_ac"",""action"":""set_temperature"",""parameters"":{""temperature"":25}}]",validation,synthetic_template_v1,contains_no_real_user_data
SHC-0549,这里黑乎乎的，现在开始吧,implicit,scene,brighten,书房,light.study,书房灯,lighting,"[{""device_id"":""light.living_main"",""action"":""set_brightness"",""parameters"":{""brightness"":75}}]",test,synthetic_template_v1,contains_no_real_user_data
SHC-0550,晚安，我要休息了，现在开始吧,implicit,scene,sleep_mode,卫生间,light.bathroom,卫生间灯,lighting,"[{""device_id"":""light.bedroom_main"",""action"":""turn_off"",""parameters"":{}},{""device_id"":""light.bedside"",""action"":""set_brightness"",""parameters"":{""brightness"":15}},{""device_id"":""curtain.bedroom"",""action"":""close"",""parameters"":{}},{""device_id"":""climate.bedroom_ac"",""action"":""set_temperature"",""parameters"":{""temperature"":25}}]",train,synthetic_template_v1,contains_no_real_user_data
SHC-0551,屋里太暗了，看不清东西，有点不舒服,implicit,sensation,brighten,玄关,light.entry,玄关灯,lighting,"[{""device_id"":""light.living_main"",""action"":""set_brightness"",""parameters"":{""brightness"":75}}]",train,synthetic_template_v1,contains_no_real_user_data
SHC-0552,准备睡觉了，能改善一下吗,implicit,sensation,sleep_mode,阳台,light.balcony,阳台灯,lighting,"[{""device_id"":""light.bedroom_main"",""action"":""turn_off"",""parameters"":{}},{""device_id"":""light.bedside"",""action"":""set_brightness"",""parameters"":{""brightness"":15}},{""device_id"":""curtain.bedroom"",""action"":""close"",""parameters"":{}},{""device_id"":""climate.bedroom_ac"",""action"":""set_temperature"",""parameters"":{""temperature"":25}}]",train,synthetic_template_v1,contains_no_real_user_data
SHC-0553,光线有点暗，我要看书，现在开始吧,implicit,scene,brighten,走廊,light.hallway,走廊灯,lighting,"[{""device_id"":""light.living_main"",""action"":""set_brightness"",""parameters"":{""brightness"":75}}]",train,synthetic_template_v1,contains_no_real_user_data
SHC-0554,晚安，我要休息了，帮我准备一下,implicit,scene,sleep_mode,衣帽间,light.cloakroom,衣帽间灯,lighting,"[{""device_id"":""light.bedroom_main"",""action"":""turn_off"",""parameters"":{}},{""device_id"":""light.bedside"",""action"":""set_brightness"",""parameters"":{""brightness"":15}},{""device_id"":""curtain.bedroom"",""action"":""close"",""parameters"":{}},{""device_id"":""climate.bedroom_ac"",""action"":""set_temperature"",""parameters"":{""temperature"":25}}]",train,synthetic_template_v1,contains_no_real_user_data
SHC-0555,这里黑乎乎的，现在开始吧,implicit,scene,brighten,儿童房,light.children,儿童房灯,lighting,"[{""device_id"":""light.living_main"",""action"":""set_brightness"",""parameters"":{""brightness"":75}}]",train,synthetic_template_v1,contains_no_real_user_data
SHC-0556,准备睡觉了，我最近有点感冒,implicit,health,sleep_mode,车库,light.garage,车库灯,lighting,"[{""device_id"":""light.bedroom_main"",""action"":""turn_off"",""parameters"":{}},{""device_id"":""light.bedside"",""action"":""set_brightness"",""parameters"":{""brightness"":15}},{""device_id"":""curtain.bedroom"",""action"":""close"",""parameters"":{}},{""device_id"":""climate.bedroom_ac"",""action"":""set_temperature"",""parameters"":{""temperature"":25}}]",train,synthetic_template_v1,contains_no_real_user_data
SHC-0557,屋里太暗了，看不清东西，家里有老人,implicit,health,brighten,客厅,light.living_main,客厅主灯,lighting,"[{""device_id"":""light.living_main"",""action"":""set_brightness"",""parameters"":{""brightness"":75}}]",train,synthetic_template_v1,contains_no_real_user_data
SHC-0558,晚安，我要休息了,implicit,sensation,sleep_mode,客厅,light.living_ambient,客厅氛围灯,lighting,"[{""device_id"":""light.bedroom_main"",""action"":""turn_off"",""parameters"":{}},{""device_id"":""light.bedside"",""action"":""set_brightness"",""parameters"":{""brightness"":15}},{""device_id"":""curtain.bedroom"",""action"":""close"",""parameters"":{}},{""device_id"":""climate.bedroom_ac"",""action"":""set_temperature"",""parameters"":{""temperature"":25}}]",validation,synthetic_template_v1,contains_no_real_user_data
SHC-0559,光线有点暗，我要看书，我最近有点感冒,implicit,health,brighten,餐厅,light.dining,餐厅吊灯,lighting,"[{""device_id"":""light.living_main"",""action"":""set_brightness"",""parameters"":{""brightness"":75}}]",test,synthetic_template_v1,contains_no_real_user_data
SHC-0560,准备睡觉了，我最近有点感冒,implicit,health,sleep_mode,厨房,light.kitchen,厨房顶灯,lighting,"[{""device_id"":""light.bedroom_main"",""action"":""turn_off"",""parameters"":{}},{""device_id"":""light.bedside"",""action"":""set_brightness"",""parameters"":{""brightness"":15}},{""device_id"":""curtain.bedroom"",""action"":""close"",""parameters"":{}},{""device_id"":""climate.bedroom_ac"",""action"":""set_temperature"",""parameters"":{""temperature"":25}}]",train,synthetic_template_v1,contains_no_real_user_data
SHC-0561,这里黑乎乎的，有点不舒服,implicit,sensation,brighten,主卧,light.bedroom_main,主卧顶灯,lighting,"[{""device_id"":""light.living_main"",""action"":""set_brightness"",""parameters"":{""brightness"":75}}]",train,synthetic_template_v1,contains_no_real_user_data
SHC-0562,晚安，我要休息了，按平时的习惯来,implicit,scene,sleep_mode,主卧,light.bedside,主卧床头灯,lighting,"[{""device_id"":""light.bedroom_main"",""action"":""turn_off"",""parameters"":{}},{""device_id"":""light.bedside"",""action"":""set_brightness"",""parameters"":{""brightness"":15}},{""device_id"":""curtain.bedroom"",""action"":""close"",""parameters"":{}},{""device_id"":""climate.bedroom_ac"",""action"":""set_temperature"",""parameters"":{""temperature"":25}}]",train,synthetic_template_v1,contains_no_real_user_data
SHC-0563,屋里太暗了，看不清东西，现在开始吧,implicit,scene,brighten,次卧,light.bedroom_second,次卧顶灯,lighting,"[{""device_id"":""light.living_main"",""action"":""set_brightness"",""parameters"":{""brightness"":75}}]",train,synthetic_template_v1,contains_no_real_user_data
SHC-0564,准备睡觉了，有点不舒服,implicit,sensation,sleep_mode,书房,light.study,书房灯,lighting,"[{""device_id"":""light.bedroom_main"",""action"":""turn_off"",""parameters"":{}},{""device_id"":""light.bedside"",""action"":""set_brightness"",""parameters"":{""brightness"":15}},{""device_id"":""curtain.bedroom"",""action"":""close"",""parameters"":{}},{""device_id"":""climate.bedroom_ac"",""action"":""set_temperature"",""parameters"":{""temperature"":25}}]",train,synthetic_template_v1,contains_no_real_user_data
SHC-0565,光线有点暗，我要看书，嗓子不太舒服,implicit,health,brighten,卫生间,light.bathroom,卫生间灯,lighting,"[{""device_id"":""light.living_main"",""action"":""set_brightness"",""parameters"":{""brightness"":75}}]",train,synthetic_template_v1,contains_no_real_user_data
SHC-0566,晚安，我要休息了,implicit,sensation,sleep_mode,玄关,light.entry,玄关灯,lighting,"[{""device_id"":""light.bedroom_main"",""action"":""turn_off"",""parameters"":{}},{""device_id"":""light.bedside"",""action"":""set_brightness"",""parameters"":{""brightness"":15}},{""device_id"":""curtain.bedroom"",""action"":""close"",""parameters"":{}},{""device_id"":""climate.bedroom_ac"",""action"":""set_temperature"",""parameters"":{""temperature"":25}}]",train,synthetic_template_v1,contains_no_real_user_data
SHC-0567,这里黑乎乎的,implicit,sensation,brighten,阳台,light.balcony,阳台灯,lighting,"[{""device_id"":""light.living_main"",""action"":""set_brightness"",""parameters"":{""brightness"":75}}]",train,synthetic_template_v1,contains_no_real_user_data
SHC-0568,准备睡觉了,implicit,sensation,sleep_mode,走廊,light.hallway,走廊灯,lighting,"[{""device_id"":""light.bedroom_main"",""action"":""turn_off"",""parameters"":{}},{""device_id"":""light.bedside"",""action"":""set_brightness"",""parameters"":{""brightness"":15}},{""device_id"":""curtain.bedroom"",""action"":""close"",""parameters"":{}},{""device_id"":""climate.bedroom_ac"",""action"":""set_temperature"",""parameters"":{""temperature"":25}}]",validation,synthetic_template_v1,contains_no_real_user_data
SHC-0569,屋里太暗了，看不清东西，现在开始吧,implicit,scene,brighten,衣帽间,light.cloakroom,衣帽间灯,lighting,"[{""device_id"":""light.living_main"",""action"":""set_brightness"",""parameters"":{""brightness"":75}}]",test,synthetic_template_v1,contains_no_real_user_data
SHC-0570,晚安，我要休息了，现在开始吧,implicit,scene,sleep_mode,儿童房,light.children,儿童房灯,lighting,"[{""device_id"":""light.bedroom_main"",""action"":""turn_off"",""parameters"":{}},{""device_id"":""light.bedside"",""action"":""set_brightness"",""parameters"":{""brightness"":15}},{""device_id"":""curtain.bedroom"",""action"":""close"",""parameters"":{}},{""device_id"":""climate.bedroom_ac"",""action"":""set_temperature"",""parameters"":{""temperature"":25}}]",train,synthetic_template_v1,contains_no_real_user_data
SHC-0571,光线有点暗，我要看书,implicit,sensation,brighten,车库,light.garage,车库灯,lighting,"[{""device_id"":""light.living_main"",""action"":""set_brightness"",""parameters"":{""brightness"":75}}]",train,synthetic_template_v1,contains_no_real_user_data
SHC-0572,准备睡觉了，帮我准备一下,implicit,scene,sleep_mode,客厅,light.living_main,客厅主灯,lighting,"[{""device_id"":""light.bedroom_main"",""action"":""turn_off"",""parameters"":{}},{""device_id"":""light.bedside"",""action"":""set_brightness"",""parameters"":{""brightness"":15}},{""device_id"":""curtain.bedroom"",""action"":""close"",""parameters"":{}},{""device_id"":""climate.bedroom_ac"",""action"":""set_temperature"",""parameters"":{""temperature"":25}}]",train,synthetic_template_v1,contains_no_real_user_data
SHC-0573,这里黑乎乎的，能改善一下吗,implicit,sensation,brighten,客厅,light.living_ambient,客厅氛围灯,lighting,"[{""device_id"":""light.living_main"",""action"":""set_brightness"",""parameters"":{""brightness"":75}}]",train,synthetic_template_v1,contains_no_real_user_data
SHC-0574,晚安，我要休息了，我最近有点感冒,implicit,health,sleep_mode,餐厅,light.dining,餐厅吊灯,lighting,"[{""device_id"":""light.bedroom_main"",""action"":""turn_off"",""parameters"":{}},{""device_id"":""light.bedside"",""action"":""set_brightness"",""parameters"":{""brightness"":15}},{""device_id"":""curtain.bedroom"",""action"":""close"",""parameters"":{}},{""device_id"":""climate.bedroom_ac"",""action"":""set_temperature"",""parameters"":{""temperature"":25}}]",train,synthetic_template_v1,contains_no_real_user_data
SHC-0575,屋里太暗了，看不清东西,implicit,sensation,brighten,厨房,light.kitchen,厨房顶灯,lighting,"[{""device_id"":""light.living_main"",""action"":""set_brightness"",""parameters"":{""brightness"":75}}]",train,synthetic_template_v1,contains_no_real_user_data
SHC-0576,准备睡觉了，能改善一下吗,implicit,sensation,sleep_mode,主卧,light.bedroom_main,主卧顶灯,lighting,"[{""device_id"":""light.bedroom_main"",""action"":""turn_off"",""parameters"":{}},{""device_id"":""light.bedside"",""action"":""set_brightness"",""parameters"":{""brightness"":15}},{""device_id"":""curtain.bedroom"",""action"":""close"",""parameters"":{}},{""device_id"":""climate.bedroom_ac"",""action"":""set_temperature"",""parameters"":{""temperature"":25}}]",train,synthetic_template_v1,contains_no_real_user_data
SHC-0577,光线有点暗，我要看书，帮我准备一下,implicit,scene,brighten,主卧,light.bedside,主卧床头灯,lighting,"[{""device_id"":""light.living_main"",""action"":""set_brightness"",""parameters"":{""brightness"":75}}]",train,synthetic_template_v1,contains_no_real_user_data
SHC-0578,晚安，我要休息了，按平时的习惯来,implicit,scene,sleep_mode,次卧,light.bedroom_second,次卧顶灯,lighting,"[{""device_id"":""light.bedroom_main"",""action"":""turn_off"",""parameters"":{}},{""device_id"":""light.bedside"",""action"":""set_brightness"",""parameters"":{""brightness"":15}},{""device_id"":""curtain.bedroom"",""action"":""close"",""parameters"":{}},{""device_id"":""climate.bedroom_ac"",""action"":""set_temperature"",""parameters"":{""temperature"":25}}]",validation,synthetic_template_v1,contains_no_real_user_data
SHC-0579,这里黑乎乎的,implicit,sensation,brighten,书房,light.study,书房灯,lighting,"[{""device_id"":""light.living_main"",""action"":""set_brightness"",""parameters"":{""brightness"":75}}]",test,synthetic_template_v1,contains_no_real_user_data
SHC-0580,准备睡觉了，有点不舒服,implicit,sensation,sleep_mode,卫生间,light.bathroom,卫生间灯,lighting,"[{""device_id"":""light.bedroom_main"",""action"":""turn_off"",""parameters"":{}},{""device_id"":""light.bedside"",""action"":""set_brightness"",""parameters"":{""brightness"":15}},{""device_id"":""curtain.bedroom"",""action"":""close"",""parameters"":{}},{""device_id"":""climate.bedroom_ac"",""action"":""set_temperature"",""parameters"":{""temperature"":25}}]",train,synthetic_template_v1,contains_no_real_user_data
SHC-0581,屋里太暗了，看不清东西，有点不舒服,implicit,sensation,brighten,玄关,light.entry,玄关灯,lighting,"[{""device_id"":""light.living_main"",""action"":""set_brightness"",""parameters"":{""brightness"":75}}]",train,synthetic_template_v1,contains_no_real_user_data
SHC-0582,晚安，我要休息了，有点不舒服,implicit,sensation,sleep_mode,阳台,light.balcony,阳台灯,lighting,"[{""device_id"":""light.bedroom_main"",""action"":""turn_off"",""parameters"":{}},{""device_id"":""light.bedside"",""action"":""set_brightness"",""parameters"":{""brightness"":15}},{""device_id"":""curtain.bedroom"",""action"":""close"",""parameters"":{}},{""device_id"":""climate.bedroom_ac"",""action"":""set_temperature"",""parameters"":{""temperature"":25}}]",train,synthetic_template_v1,contains_no_real_user_data
SHC-0583,光线有点暗，我要看书，按平时的习惯来,implicit,scene,brighten,走廊,light.hallway,走廊灯,lighting,"[{""device_id"":""light.living_main"",""action"":""set_brightness"",""parameters"":{""brightness"":75}}]",train,synthetic_template_v1,contains_no_real_user_data
SHC-0584,准备睡觉了，帮我准备一下,implicit,scene,sleep_mode,衣帽间,light.cloakroom,衣帽间灯,lighting,"[{""device_id"":""light.bedroom_main"",""action"":""turn_off"",""parameters"":{}},{""device_id"":""light.bedside"",""action"":""set_brightness"",""parameters"":{""brightness"":15}},{""device_id"":""curtain.bedroom"",""action"":""close"",""parameters"":{}},{""device_id"":""climate.bedroom_ac"",""action"":""set_temperature"",""parameters"":{""temperature"":25}}]",train,synthetic_template_v1,contains_no_real_user_data
SHC-0585,这里黑乎乎的，帮我准备一下,implicit,scene,brighten,儿童房,light.children,儿童房灯,lighting,"[{""device_id"":""light.living_main"",""action"":""set_brightness"",""parameters"":{""brightness"":75}}]",train,synthetic_template_v1,contains_no_real_user_data
SHC-0586,晚安，我要休息了，嗓子不太舒服,implicit,health,sleep_mode,车库,light.garage,车库灯,lighting,"[{""device_id"":""light.bedroom_main"",""action"":""turn_off"",""parameters"":{}},{""device_id"":""light.bedside"",""action"":""set_brightness"",""parameters"":{""brightness"":15}},{""device_id"":""curtain.bedroom"",""action"":""close"",""parameters"":{}},{""device_id"":""climate.bedroom_ac"",""action"":""set_temperature"",""parameters"":{""temperature"":25}}]",train,synthetic_template_v1,contains_no_real_user_data
SHC-0587,屋里太暗了，看不清东西，现在开始吧,implicit,scene,brighten,客厅,light.living_main,客厅主灯,lighting,"[{""device_id"":""light.living_main"",""action"":""set_brightness"",""parameters"":{""brightness"":75}}]",train,synthetic_template_v1,contains_no_real_user_data
SHC-0588,准备睡觉了，按平时的习惯来,implicit,scene,sleep_mode,客厅,light.living_ambient,客厅氛围灯,lighting,"[{""device_id"":""light.bedroom_main"",""action"":""turn_off"",""parameters"":{}},{""device_id"":""light.bedside"",""action"":""set_brightness"",""parameters"":{""brightness"":15}},{""device_id"":""curtain.bedroom"",""action"":""close"",""parameters"":{}},{""device_id"":""climate.bedroom_ac"",""action"":""set_temperature"",""parameters"":{""temperature"":25}}]",validation,synthetic_template_v1,contains_no_real_user_data
SHC-0589,光线有点暗，我要看书，按平时的习惯来,implicit,scene,brighten,餐厅,light.dining,餐厅吊灯,lighting,"[{""device_id"":""light.living_main"",""action"":""set_brightness"",""parameters"":{""brightness"":75}}]",test,synthetic_template_v1,contains_no_real_user_data
SHC-0590,晚安，我要休息了,implicit,sensation,sleep_mode,厨房,light.kitchen,厨房顶灯,lighting,"[{""device_id"":""light.bedroom_main"",""action"":""turn_off"",""parameters"":{}},{""device_id"":""light.bedside"",""action"":""set_brightness"",""parameters"":{""brightness"":15}},{""device_id"":""curtain.bedroom"",""action"":""close"",""parameters"":{}},{""device_id"":""climate.bedroom_ac"",""action"":""set_temperature"",""parameters"":{""temperature"":25}}]",train,synthetic_template_v1,contains_no_real_user_data
SHC-0591,这里黑乎乎的，现在开始吧,implicit,scene,brighten,主卧,light.bedroom_main,主卧顶灯,lighting,"[{""device_id"":""light.living_main"",""action"":""set_brightness"",""parameters"":{""brightness"":75}}]",train,synthetic_template_v1,contains_no_real_user_data
SHC-0592,准备睡觉了，帮我准备一下,implicit,scene,sleep_mode,主卧,light.bedside,主卧床头灯,lighting,"[{""device_id"":""light.bedroom_main"",""action"":""turn_off"",""parameters"":{}},{""device_id"":""light.bedside"",""action"":""set_brightness"",""parameters"":{""brightness"":15}},{""device_id"":""curtain.bedroom"",""action"":""close"",""parameters"":{}},{""device_id"":""climate.bedroom_ac"",""action"":""set_temperature"",""parameters"":{""temperature"":25}}]",train,synthetic_template_v1,contains_no_real_user_data
SHC-0593,屋里太暗了，看不清东西，现在开始吧,implicit,scene,brighten,次卧,light.bedroom_second,次卧顶灯,lighting,"[{""device_id"":""light.living_main"",""action"":""set_brightness"",""parameters"":{""brightness"":75}}]",train,synthetic_template_v1,contains_no_real_user_data
SHC-0594,晚安，我要休息了，家里有老人,implicit,health,sleep_mode,书房,light.study,书房灯,lighting,"[{""device_id"":""light.bedroom_main"",""action"":""turn_off"",""parameters"":{}},{""device_id"":""light.bedside"",""action"":""set_brightness"",""parameters"":{""brightness"":15}},{""device_id"":""curtain.bedroom"",""action"":""close"",""parameters"":{}},{""device_id"":""climate.bedroom_ac"",""action"":""set_temperature"",""parameters"":{""temperature"":25}}]",train,synthetic_template_v1,contains_no_real_user_data
SHC-0595,光线有点暗，我要看书，按平时的习惯来,implicit,scene,brighten,卫生间,light.bathroom,卫生间灯,lighting,"[{""device_id"":""light.living_main"",""action"":""set_brightness"",""parameters"":{""brightness"":75}}]",train,synthetic_template_v1,contains_no_real_user_data
SHC-0596,准备睡觉了，能改善一下吗,implicit,sensation,sleep_mode,玄关,light.entry,玄关灯,lighting,"[{""device_id"":""light.bedroom_main"",""action"":""turn_off"",""parameters"":{}},{""device_id"":""light.bedside"",""action"":""set_brightness"",""parameters"":{""brightness"":15}},{""device_id"":""curtain.bedroom"",""action"":""close"",""parameters"":{}},{""device_id"":""climate.bedroom_ac"",""action"":""set_temperature"",""parameters"":{""temperature"":25}}]",train,synthetic_template_v1,contains_no_real_user_data
SHC-0597,这里黑乎乎的，按平时的习惯来,implicit,scene,brighten,阳台,light.balcony,阳台灯,lighting,"[{""device_id"":""light.living_main"",""action"":""set_brightness"",""parameters"":{""brightness"":75}}]",train,synthetic_template_v1,contains_no_real_user_data
SHC-0598,晚安，我要休息了，帮我准备一下,implicit,scene,sleep_mode,走廊,light.hallway,走廊灯,lighting,"[{""device_id"":""light.bedroom_main"",""action"":""turn_off"",""parameters"":{}},{""device_id"":""light.bedside"",""action"":""set_brightness"",""parameters"":{""brightness"":15}},{""device_id"":""curtain.bedroom"",""action"":""close"",""parameters"":{}},{""device_id"":""climate.bedroom_ac"",""action"":""set_temperature"",""parameters"":{""temperature"":25}}]",validation,synthetic_template_v1,contains_no_real_user_data
SHC-0599,屋里太暗了，看不清东西，能改善一下吗,implicit,sensation,brighten,衣帽间,light.cloakroom,衣帽间灯,lighting,"[{""device_id"":""light.living_main"",""action"":""set_brightness"",""parameters"":{""brightness"":75}}]",test,synthetic_template_v1,contains_no_real_user_data
SHC-0600,准备睡觉了，现在开始吧,implicit,scene,sleep_mode,儿童房,light.children,儿童房灯,lighting,"[{""device_id"":""light.bedroom_main"",""action"":""turn_off"",""parameters"":{}},{""device_id"":""light.bedside"",""action"":""set_brightness"",""parameters"":{""brightness"":15}},{""device_id"":""curtain.bedroom"",""action"":""close"",""parameters"":{}},{""device_id"":""climate.bedroom_ac"",""action"":""set_temperature"",""parameters"":{""temperature"":25}}]",train,synthetic_template_v1,contains_no_real_user_data
SHC-0601,光线有点暗，我要看书，现在开始吧,implicit,scene,brighten,车库,light.garage,车库灯,lighting,"[{""device_id"":""light.living_main"",""action"":""set_brightness"",""parameters"":{""brightness"":75}}]",train,synthetic_template_v1,contains_no_real_user_data
SHC-0602,晚安，我要休息了，有点不舒服,implicit,sensation,sleep_mode,客厅,light.living_main,客厅主灯,lighting,"[{""device_id"":""light.bedroom_main"",""action"":""turn_off"",""parameters"":{}},{""device_id"":""light.bedside"",""action"":""set_brightness"",""parameters"":{""brightness"":15}},{""device_id"":""curtain.bedroom"",""action"":""close"",""parameters"":{}},{""device_id"":""climate.bedroom_ac"",""action"":""set_temperature"",""parameters"":{""temperature"":25}}]",train,synthetic_template_v1,contains_no_real_user_data
SHC-0603,这里黑乎乎的，现在开始吧,implicit,scene,brighten,客厅,light.living_ambient,客厅氛围灯,lighting,"[{""device_id"":""light.living_main"",""action"":""set_brightness"",""parameters"":{""brightness"":75}}]",train,synthetic_template_v1,contains_no_real_user_data
SHC-0604,准备睡觉了，帮我准备一下,implicit,scene,sleep_mode,餐厅,light.dining,餐厅吊灯,lighting,"[{""device_id"":""light.bedroom_main"",""action"":""turn_off"",""parameters"":{}},{""device_id"":""light.bedside"",""action"":""set_brightness"",""parameters"":{""brightness"":15}},{""device_id"":""curtain.bedroom"",""action"":""close"",""parameters"":{}},{""device_id"":""climate.bedroom_ac"",""action"":""set_temperature"",""parameters"":{""temperature"":25}}]",train,synthetic_template_v1,contains_no_real_user_data
SHC-0605,屋里太暗了，看不清东西，帮我准备一下,implicit,scene,brighten,厨房,light.kitchen,厨房顶灯,lighting,"[{""device_id"":""light.living_main"",""action"":""set_brightness"",""parameters"":{""brightness"":75}}]",train,synthetic_template_v1,contains_no_real_user_data
SHC-0606,晚安，我要休息了，能改善一下吗,implicit,sensation,sleep_mode,主卧,light.bedroom_main,主卧顶灯,lighting,"[{""device_id"":""light.bedroom_main"",""action"":""turn_off"",""parameters"":{}},{""device_id"":""light.bedside"",""action"":""set_brightness"",""parameters"":{""brightness"":15}},{""device_id"":""curtain.bedroom"",""action"":""close"",""parameters"":{}},{""device_id"":""climate.bedroom_ac"",""action"":""set_temperature"",""parameters"":{""temperature"":25}}]",train,synthetic_template_v1,contains_no_real_user_data
SHC-0607,光线有点暗，我要看书，现在开始吧,implicit,scene,brighten,主卧,light.bedside,主卧床头灯,lighting,"[{""device_id"":""light.living_main"",""action"":""set_brightness"",""parameters"":{""brightness"":75}}]",train,synthetic_template_v1,contains_no_real_user_data
SHC-0608,准备睡觉了，我最近有点感冒,implicit,health,sleep_mode,次卧,light.bedroom_second,次卧顶灯,lighting,"[{""device_id"":""light.bedroom_main"",""action"":""turn_off"",""parameters"":{}},{""device_id"":""light.bedside"",""action"":""set_brightness"",""parameters"":{""brightness"":15}},{""device_id"":""curtain.bedroom"",""action"":""close"",""parameters"":{}},{""device_id"":""climate.bedroom_ac"",""action"":""set_temperature"",""parameters"":{""temperature"":25}}]",validation,synthetic_template_v1,contains_no_real_user_data
SHC-0609,这里黑乎乎的，能改善一下吗,implicit,sensation,brighten,书房,light.study,书房灯,lighting,"[{""device_id"":""light.living_main"",""action"":""set_brightness"",""parameters"":{""brightness"":75}}]",test,synthetic_template_v1,contains_no_real_user_data
SHC-0610,晚安，我要休息了，现在开始吧,implicit,scene,sleep_mode,卫生间,light.bathroom,卫生间灯,lighting,"[{""device_id"":""light.bedroom_main"",""action"":""turn_off"",""parameters"":{}},{""device_id"":""light.bedside"",""action"":""set_brightness"",""parameters"":{""brightness"":15}},{""device_id"":""curtain.bedroom"",""action"":""close"",""parameters"":{}},{""device_id"":""climate.bedroom_ac"",""action"":""set_temperature"",""parameters"":{""temperature"":25}}]",train,synthetic_template_v1,contains_no_real_user_data
SHC-0611,屋里太暗了，看不清东西,implicit,sensation,brighten,玄关,light.entry,玄关灯,lighting,"[{""device_id"":""light.living_main"",""action"":""set_brightness"",""parameters"":{""brightness"":75}}]",train,synthetic_template_v1,contains_no_real_user_data
SHC-0612,准备睡觉了，现在开始吧,implicit,scene,sleep_mode,阳台,light.balcony,阳台灯,lighting,"[{""device_id"":""light.bedroom_main"",""action"":""turn_off"",""parameters"":{}},{""device_id"":""light.bedside"",""action"":""set_brightness"",""parameters"":{""brightness"":15}},{""device_id"":""curtain.bedroom"",""action"":""close"",""parameters"":{}},{""device_id"":""climate.bedroom_ac"",""action"":""set_temperature"",""parameters"":{""temperature"":25}}]",train,synthetic_template_v1,contains_no_real_user_data
SHC-0613,光线有点暗，我要看书，家里有老人,implicit,health,brighten,走廊,light.hallway,走廊灯,lighting,"[{""device_id"":""light.living_main"",""action"":""set_brightness"",""parameters"":{""brightness"":75}}]",train,synthetic_template_v1,contains_no_real_user_data
SHC-0614,晚安，我要休息了，有点不舒服,implicit,sensation,sleep_mode,衣帽间,light.cloakroom,衣帽间灯,lighting,"[{""device_id"":""light.bedroom_main"",""action"":""turn_off"",""parameters"":{}},{""device_id"":""light.bedside"",""action"":""set_brightness"",""parameters"":{""brightness"":15}},{""device_id"":""curtain.bedroom"",""action"":""close"",""parameters"":{}},{""device_id"":""climate.bedroom_ac"",""action"":""set_temperature"",""parameters"":{""temperature"":25}}]",train,synthetic_template_v1,contains_no_real_user_data
SHC-0615,这里黑乎乎的，帮我准备一下,implicit,scene,brighten,儿童房,light.children,儿童房灯,lighting,"[{""device_id"":""light.living_main"",""action"":""set_brightness"",""parameters"":{""brightness"":75}}]",train,synthetic_template_v1,contains_no_real_user_data
SHC-0616,准备睡觉了，能改善一下吗,implicit,sensation,sleep_mode,车库,light.garage,车库灯,lighting,"[{""device_id"":""light.bedroom_main"",""action"":""turn_off"",""parameters"":{}},{""device_id"":""light.bedside"",""action"":""set_brightness"",""parameters"":{""brightness"":15}},{""device_id"":""curtain.bedroom"",""action"":""close"",""parameters"":{}},{""device_id"":""climate.bedroom_ac"",""action"":""set_temperature"",""parameters"":{""temperature"":25}}]",train,synthetic_template_v1,contains_no_real_user_data
SHC-0617,屋里太暗了，看不清东西，我最近有点感冒,implicit,health,brighten,客厅,light.living_main,客厅主灯,lighting,"[{""device_id"":""light.living_main"",""action"":""set_brightness"",""parameters"":{""brightness"":75}}]",train,synthetic_template_v1,contains_no_real_user_data
SHC-0618,晚安，我要休息了,implicit,sensation,sleep_mode,客厅,light.living_ambient,客厅氛围灯,lighting,"[{""device_id"":""light.bedroom_main"",""action"":""turn_off"",""parameters"":{}},{""device_id"":""light.bedside"",""action"":""set_brightness"",""parameters"":{""brightness"":15}},{""device_id"":""curtain.bedroom"",""action"":""close"",""parameters"":{}},{""device_id"":""climate.bedroom_ac"",""action"":""set_temperature"",""parameters"":{""temperature"":25}}]",validation,synthetic_template_v1,contains_no_real_user_data
SHC-0619,光线有点暗，我要看书，有点不舒服,implicit,sensation,brighten,餐厅,light.dining,餐厅吊灯,lighting,"[{""device_id"":""light.living_main"",""action"":""set_brightness"",""parameters"":{""brightness"":75}}]",test,synthetic_template_v1,contains_no_real_user_data
SHC-0620,准备睡觉了，有点不舒服,implicit,sensation,sleep_mode,厨房,light.kitchen,厨房顶灯,lighting,"[{""device_id"":""light.bedroom_main"",""action"":""turn_off"",""parameters"":{}},{""device_id"":""light.bedside"",""action"":""set_brightness"",""parameters"":{""brightness"":15}},{""device_id"":""curtain.bedroom"",""action"":""close"",""parameters"":{}},{""device_id"":""climate.bedroom_ac"",""action"":""set_temperature"",""parameters"":{""temperature"":25}}]",train,synthetic_template_v1,contains_no_real_user_data
SHC-0621,这里黑乎乎的，能改善一下吗,implicit,sensation,brighten,主卧,light.bedroom_main,主卧顶灯,lighting,"[{""device_id"":""light.living_main"",""action"":""set_brightness"",""parameters"":{""brightness"":75}}]",train,synthetic_template_v1,contains_no_real_user_data
SHC-0622,晚安，我要休息了，按平时的习惯来,implicit,scene,sleep_mode,主卧,light.bedside,主卧床头灯,lighting,"[{""device_id"":""light.bedroom_main"",""action"":""turn_off"",""parameters"":{}},{""device_id"":""light.bedside"",""action"":""set_brightness"",""parameters"":{""brightness"":15}},{""device_id"":""curtain.bedroom"",""action"":""close"",""parameters"":{}},{""device_id"":""climate.bedroom_ac"",""action"":""set_temperature"",""parameters"":{""temperature"":25}}]",train,synthetic_template_v1,contains_no_real_user_data
SHC-0623,屋里太暗了，看不清东西，能改善一下吗,implicit,sensation,brighten,次卧,light.bedroom_second,次卧顶灯,lighting,"[{""device_id"":""light.living_main"",""action"":""set_brightness"",""parameters"":{""brightness"":75}}]",train,synthetic_template_v1,contains_no_real_user_data
SHC-0624,准备睡觉了，能改善一下吗,implicit,sensation,sleep_mode,书房,light.study,书房灯,lighting,"[{""device_id"":""light.bedroom_main"",""action"":""turn_off"",""parameters"":{}},{""device_id"":""light.bedside"",""action"":""set_brightness"",""parameters"":{""brightness"":15}},{""device_id"":""curtain.bedroom"",""action"":""close"",""parameters"":{}},{""device_id"":""climate.bedroom_ac"",""action"":""set_temperature"",""parameters"":{""temperature"":25}}]",train,synthetic_template_v1,contains_no_real_user_data
SHC-0625,光线有点暗，我要看书,implicit,sensation,brighten,卫生间,light.bathroom,卫生间灯,lighting,"[{""device_id"":""light.living_main"",""action"":""set_brightness"",""parameters"":{""brightness"":75}}]",train,synthetic_template_v1,contains_no_real_user_data
SHC-0626,晚安，我要休息了，能改善一下吗,implicit,sensation,sleep_mode,玄关,light.entry,玄关灯,lighting,"[{""device_id"":""light.bedroom_main"",""action"":""turn_off"",""parameters"":{}},{""device_id"":""light.bedside"",""action"":""set_brightness"",""parameters"":{""brightness"":15}},{""device_id"":""curtain.bedroom"",""action"":""close"",""parameters"":{}},{""device_id"":""climate.bedroom_ac"",""action"":""set_temperature"",""parameters"":{""temperature"":25}}]",train,synthetic_template_v1,contains_no_real_user_data
SHC-0627,这里黑乎乎的，按平时的习惯来,implicit,scene,brighten,阳台,light.balcony,阳台灯,lighting,"[{""device_id"":""light.living_main"",""action"":""set_brightness"",""parameters"":{""brightness"":75}}]",train,synthetic_template_v1,contains_no_real_user_data
SHC-0628,准备睡觉了，能改善一下吗,implicit,sensation,sleep_mode,走廊,light.hallway,走廊灯,lighting,"[{""device_id"":""light.bedroom_main"",""action"":""turn_off"",""parameters"":{}},{""device_id"":""light.bedside"",""action"":""set_brightness"",""parameters"":{""brightness"":15}},{""device_id"":""curtain.bedroom"",""action"":""close"",""parameters"":{}},{""device_id"":""climate.bedroom_ac"",""action"":""set_temperature"",""parameters"":{""temperature"":25}}]",validation,synthetic_template_v1,contains_no_real_user_data
SHC-0629,屋里太暗了，看不清东西，家里有老人,implicit,health,brighten,衣帽间,light.cloakroom,衣帽间灯,lighting,"[{""device_id"":""light.living_main"",""action"":""set_brightness"",""parameters"":{""brightness"":75}}]",test,synthetic_template_v1,contains_no_real_user_data
SHC-0630,晚安，我要休息了，家里有老人,implicit,health,sleep_mode,儿童房,light.children,儿童房灯,lighting,"[{""device_id"":""light.bedroom_main"",""action"":""turn_off"",""parameters"":{}},{""device_id"":""light.bedside"",""action"":""set_brightness"",""parameters"":{""brightness"":15}},{""device_id"":""curtain.bedroom"",""action"":""close"",""parameters"":{}},{""device_id"":""climate.bedroom_ac"",""action"":""set_temperature"",""parameters"":{""temperature"":25}}]",train,synthetic_template_v1,contains_no_real_user_data
SHC-0631,光线有点暗，我要看书，能改善一下吗,implicit,sensation,brighten,车库,light.garage,车库灯,lighting,"[{""device_id"":""light.living_main"",""action"":""set_brightness"",""parameters"":{""brightness"":75}}]",train,synthetic_template_v1,contains_no_real_user_data
SHC-0632,准备睡觉了，能改善一下吗,implicit,sensation,sleep_mode,客厅,light.living_main,客厅主灯,lighting,"[{""device_id"":""light.bedroom_main"",""action"":""turn_off"",""parameters"":{}},{""device_id"":""light.bedside"",""action"":""set_brightness"",""parameters"":{""brightness"":15}},{""device_id"":""curtain.bedroom"",""action"":""close"",""parameters"":{}},{""device_id"":""climate.bedroom_ac"",""action"":""set_temperature"",""parameters"":{""temperature"":25}}]",train,synthetic_template_v1,contains_no_real_user_data
SHC-0633,这里黑乎乎的，按平时的习惯来,implicit,scene,brighten,客厅,light.living_ambient,客厅氛围灯,lighting,"[{""device_id"":""light.living_main"",""action"":""set_brightness"",""parameters"":{""brightness"":75}}]",train,synthetic_template_v1,contains_no_real_user_data
SHC-0634,晚安，我要休息了，帮我准备一下,implicit,scene,sleep_mode,餐厅,light.dining,餐厅吊灯,lighting,"[{""device_id"":""light.bedroom_main"",""action"":""turn_off"",""parameters"":{}},{""device_id"":""light.bedside"",""action"":""set_brightness"",""parameters"":{""brightness"":15}},{""device_id"":""curtain.bedroom"",""action"":""close"",""parameters"":{}},{""device_id"":""climate.bedroom_ac"",""action"":""set_temperature"",""parameters"":{""temperature"":25}}]",train,synthetic_template_v1,contains_no_real_user_data
SHC-0635,屋里太暗了，看不清东西，能改善一下吗,implicit,sensation,brighten,厨房,light.kitchen,厨房顶灯,lighting,"[{""device_id"":""light.living_main"",""action"":""set_brightness"",""parameters"":{""brightness"":75}}]",train,synthetic_template_v1,contains_no_real_user_data
SHC-0636,准备睡觉了，现在开始吧,implicit,scene,sleep_mode,主卧,light.bedroom_main,主卧顶灯,lighting,"[{""device_id"":""light.bedroom_main"",""action"":""turn_off"",""parameters"":{}},{""device_id"":""light.bedside"",""action"":""set_brightness"",""parameters"":{""brightness"":15}},{""device_id"":""curtain.bedroom"",""action"":""close"",""parameters"":{}},{""device_id"":""climate.bedroom_ac"",""action"":""set_temperature"",""parameters"":{""temperature"":25}}]",train,synthetic_template_v1,contains_no_real_user_data
SHC-0637,光线有点暗，我要看书，有点不舒服,implicit,sensation,brighten,主卧,light.bedside,主卧床头灯,lighting,"[{""device_id"":""light.living_main"",""action"":""set_brightness"",""parameters"":{""brightness"":75}}]",train,synthetic_template_v1,contains_no_real_user_data
SHC-0638,晚安，我要休息了，有点不舒服,implicit,sensation,sleep_mode,次卧,light.bedroom_second,次卧顶灯,lighting,"[{""device_id"":""light.bedroom_main"",""action"":""turn_off"",""parameters"":{}},{""device_id"":""light.bedside"",""action"":""set_brightness"",""parameters"":{""brightness"":15}},{""device_id"":""curtain.bedroom"",""action"":""close"",""parameters"":{}},{""device_id"":""climate.bedroom_ac"",""action"":""set_temperature"",""parameters"":{""temperature"":25}}]",validation,synthetic_template_v1,contains_no_real_user_data
SHC-0639,这里黑乎乎的,implicit,sensation,brighten,书房,light.study,书房灯,lighting,"[{""device_id"":""light.living_main"",""action"":""set_brightness"",""parameters"":{""brightness"":75}}]",test,synthetic_template_v1,contains_no_real_user_data
SHC-0640,准备睡觉了,implicit,sensation,sleep_mode,卫生间,light.bathroom,卫生间灯,lighting,"[{""device_id"":""light.bedroom_main"",""action"":""turn_off"",""parameters"":{}},{""device_id"":""light.bedside"",""action"":""set_brightness"",""parameters"":{""brightness"":15}},{""device_id"":""curtain.bedroom"",""action"":""close"",""parameters"":{}},{""device_id"":""climate.bedroom_ac"",""action"":""set_temperature"",""parameters"":{""temperature"":25}}]",train,synthetic_template_v1,contains_no_real_user_data
SHC-0641,屋里太暗了，看不清东西,implicit,sensation,brighten,玄关,light.entry,玄关灯,lighting,"[{""device_id"":""light.living_main"",""action"":""set_brightness"",""parameters"":{""brightness"":75}}]",train,synthetic_template_v1,contains_no_real_user_data
SHC-0642,晚安，我要休息了,implicit,sensation,sleep_mode,阳台,light.balcony,阳台灯,lighting,"[{""device_id"":""light.bedroom_main"",""action"":""turn_off"",""parameters"":{}},{""device_id"":""light.bedside"",""action"":""set_brightness"",""parameters"":{""brightness"":15}},{""device_id"":""curtain.bedroom"",""action"":""close"",""parameters"":{}},{""device_id"":""climate.bedroom_ac"",""action"":""set_temperature"",""parameters"":{""temperature"":25}}]",train,synthetic_template_v1,contains_no_real_user_data
SHC-0643,光线有点暗，我要看书，按平时的习惯来,implicit,scene,brighten,走廊,light.hallway,走廊灯,lighting,"[{""device_id"":""light.living_main"",""action"":""set_brightness"",""parameters"":{""brightness"":75}}]",train,synthetic_template_v1,contains_no_real_user_data
SHC-0644,准备睡觉了，按平时的习惯来,implicit,scene,sleep_mode,衣帽间,light.cloakroom,衣帽间灯,lighting,"[{""device_id"":""light.bedroom_main"",""action"":""turn_off"",""parameters"":{}},{""device_id"":""light.bedside"",""action"":""set_brightness"",""parameters"":{""brightness"":15}},{""device_id"":""curtain.bedroom"",""action"":""close"",""parameters"":{}},{""device_id"":""climate.bedroom_ac"",""action"":""set_temperature"",""parameters"":{""temperature"":25}}]",train,synthetic_template_v1,contains_no_real_user_data
SHC-0645,这里黑乎乎的，现在开始吧,implicit,scene,brighten,儿童房,light.children,儿童房灯,lighting,"[{""device_id"":""light.living_main"",""action"":""set_brightness"",""parameters"":{""brightness"":75}}]",train,synthetic_template_v1,contains_no_real_user_data
SHC-0646,晚安，我要休息了，能改善一下吗,implicit,sensation,sleep_mode,车库,light.garage,车库灯,lighting,"[{""device_id"":""light.bedroom_main"",""action"":""turn_off"",""parameters"":{}},{""device_id"":""light.bedside"",""action"":""set_brightness"",""parameters"":{""brightness"":15}},{""device_id"":""curtain.bedroom"",""action"":""close"",""parameters"":{}},{""device_id"":""climate.bedroom_ac"",""action"":""set_temperature"",""parameters"":{""temperature"":25}}]",train,synthetic_template_v1,contains_no_real_user_data
SHC-0647,屋里太暗了，看不清东西,implicit,sensation,brighten,客厅,light.living_main,客厅主灯,lighting,"[{""device_id"":""light.living_main"",""action"":""set_brightness"",""parameters"":{""brightness"":75}}]",train,synthetic_template_v1,contains_no_real_user_data
SHC-0648,准备睡觉了，能改善一下吗,implicit,sensation,sleep_mode,客厅,light.living_ambient,客厅氛围灯,lighting,"[{""device_id"":""light.bedroom_main"",""action"":""turn_off"",""parameters"":{}},{""device_id"":""light.bedside"",""action"":""set_brightness"",""parameters"":{""brightness"":15}},{""device_id"":""curtain.bedroom"",""action"":""close"",""parameters"":{}},{""device_id"":""climate.bedroom_ac"",""action"":""set_temperature"",""parameters"":{""temperature"":25}}]",validation,synthetic_template_v1,contains_no_real_user_data
SHC-0649,光线有点暗，我要看书，按平时的习惯来,implicit,scene,brighten,餐厅,light.dining,餐厅吊灯,lighting,"[{""device_id"":""light.living_main"",""action"":""set_brightness"",""parameters"":{""brightness"":75}}]",test,synthetic_template_v1,contains_no_real_user_data
SHC-0650,晚安，我要休息了，能改善一下吗,implicit,sensation,sleep_mode,厨房,light.kitchen,厨房顶灯,lighting,"[{""device_id"":""light.bedroom_main"",""action"":""turn_off"",""parameters"":{}},{""device_id"":""light.bedside"",""action"":""set_brightness"",""parameters"":{""brightness"":15}},{""device_id"":""curtain.bedroom"",""action"":""close"",""parameters"":{}},{""device_id"":""climate.bedroom_ac"",""action"":""set_temperature"",""parameters"":{""temperature"":25}}]",train,synthetic_template_v1,contains_no_real_user_data
SHC-0651,这里黑乎乎的，能改善一下吗,implicit,sensation,brighten,主卧,light.bedroom_main,主卧顶灯,lighting,"[{""device_id"":""light.living_main"",""action"":""set_brightness"",""parameters"":{""brightness"":75}}]",train,synthetic_template_v1,contains_no_real_user_data
SHC-0652,准备睡觉了，帮我准备一下,implicit,scene,sleep_mode,主卧,light.bedside,主卧床头灯,lighting,"[{""device_id"":""light.bedroom_main"",""action"":""turn_off"",""parameters"":{}},{""device_id"":""light.bedside"",""action"":""set_brightness"",""parameters"":{""brightness"":15}},{""device_id"":""curtain.bedroom"",""action"":""close"",""parameters"":{}},{""device_id"":""climate.bedroom_ac"",""action"":""set_temperature"",""parameters"":{""temperature"":25}}]",train,synthetic_template_v1,contains_no_real_user_data
SHC-0653,屋里太暗了，看不清东西，现在开始吧,implicit,scene,brighten,次卧,light.bedroom_second,次卧顶灯,lighting,"[{""device_id"":""light.living_main"",""action"":""set_brightness"",""parameters"":{""brightness"":75}}]",train,synthetic_template_v1,contains_no_real_user_data
SHC-0654,晚安，我要休息了，家里有老人,implicit,health,sleep_mode,书房,light.study,书房灯,lighting,"[{""device_id"":""light.bedroom_main"",""action"":""turn_off"",""parameters"":{}},{""device_id"":""light.bedside"",""action"":""set_brightness"",""parameters"":{""brightness"":15}},{""device_id"":""curtain.bedroom"",""action"":""close"",""parameters"":{}},{""device_id"":""climate.bedroom_ac"",""action"":""set_temperature"",""parameters"":{""temperature"":25}}]",train,synthetic_template_v1,contains_no_real_user_data
SHC-0655,光线有点暗，我要看书，有点不舒服,implicit,sensation,brighten,卫生间,light.bathroom,卫生间灯,lighting,"[{""device_id"":""light.living_main"",""action"":""set_brightness"",""parameters"":{""brightness"":75}}]",train,synthetic_template_v1,contains_no_real_user_data
SHC-0656,准备睡觉了，家里有老人,implicit,health,sleep_mode,玄关,light.entry,玄关灯,lighting,"[{""device_id"":""light.bedroom_main"",""action"":""turn_off"",""parameters"":{}},{""device_id"":""light.bedside"",""action"":""set_brightness"",""parameters"":{""brightness"":15}},{""device_id"":""curtain.bedroom"",""action"":""close"",""parameters"":{}},{""device_id"":""climate.bedroom_ac"",""action"":""set_temperature"",""parameters"":{""temperature"":25}}]",train,synthetic_template_v1,contains_no_real_user_data
SHC-0657,这里黑乎乎的，帮我准备一下,implicit,scene,brighten,阳台,light.balcony,阳台灯,lighting,"[{""device_id"":""light.living_main"",""action"":""set_brightness"",""parameters"":{""brightness"":75}}]",train,synthetic_template_v1,contains_no_real_user_data
SHC-0658,晚安，我要休息了，有点不舒服,implicit,sensation,sleep_mode,走廊,light.hallway,走廊灯,lighting,"[{""device_id"":""light.bedroom_main"",""action"":""turn_off"",""parameters"":{}},{""device_id"":""light.bedside"",""action"":""set_brightness"",""parameters"":{""brightness"":15}},{""device_id"":""curtain.bedroom"",""action"":""close"",""parameters"":{}},{""device_id"":""climate.bedroom_ac"",""action"":""set_temperature"",""parameters"":{""temperature"":25}}]",validation,synthetic_template_v1,contains_no_real_user_data
SHC-0659,屋里太暗了，看不清东西，现在开始吧,implicit,scene,brighten,衣帽间,light.cloakroom,衣帽间灯,lighting,"[{""device_id"":""light.living_main"",""action"":""set_brightness"",""parameters"":{""brightness"":75}}]",test,synthetic_template_v1,contains_no_real_user_data
SHC-0660,准备睡觉了，能改善一下吗,implicit,sensation,sleep_mode,儿童房,light.children,儿童房灯,lighting,"[{""device_id"":""light.bedroom_main"",""action"":""turn_off"",""parameters"":{}},{""device_id"":""light.bedside"",""action"":""set_brightness"",""parameters"":{""brightness"":15}},{""device_id"":""curtain.bedroom"",""action"":""close"",""parameters"":{}},{""device_id"":""climate.bedroom_ac"",""action"":""set_temperature"",""parameters"":{""temperature"":25}}]",train,synthetic_template_v1,contains_no_real_user_data
SHC-0661,光线有点暗，我要看书,implicit,sensation,brighten,车库,light.garage,车库灯,lighting,"[{""device_id"":""light.living_main"",""action"":""set_brightness"",""parameters"":{""brightness"":75}}]",train,synthetic_template_v1,contains_no_real_user_data
SHC-0662,晚安，我要休息了，能改善一下吗,implicit,sensation,sleep_mode,客厅,light.living_main,客厅主灯,lighting,"[{""device_id"":""light.bedroom_main"",""action"":""turn_off"",""parameters"":{}},{""device_id"":""light.bedside"",""action"":""set_brightness"",""parameters"":{""brightness"":15}},{""device_id"":""curtain.bedroom"",""action"":""close"",""parameters"":{}},{""device_id"":""climate.bedroom_ac"",""action"":""set_temperature"",""parameters"":{""temperature"":25}}]",train,synthetic_template_v1,contains_no_real_user_data
SHC-0663,这里黑乎乎的,implicit,sensation,brighten,客厅,light.living_ambient,客厅氛围灯,lighting,"[{""device_id"":""light.living_main"",""action"":""set_brightness"",""parameters"":{""brightness"":75}}]",train,synthetic_template_v1,contains_no_real_user_data
SHC-0664,准备睡觉了，能改善一下吗,implicit,sensation,sleep_mode,餐厅,light.dining,餐厅吊灯,lighting,"[{""device_id"":""light.bedroom_main"",""action"":""turn_off"",""parameters"":{}},{""device_id"":""light.bedside"",""action"":""set_brightness"",""parameters"":{""brightness"":15}},{""device_id"":""curtain.bedroom"",""action"":""close"",""parameters"":{}},{""device_id"":""climate.bedroom_ac"",""action"":""set_temperature"",""parameters"":{""temperature"":25}}]",train,synthetic_template_v1,contains_no_real_user_data
SHC-0665,屋里太暗了，看不清东西，嗓子不太舒服,implicit,health,brighten,厨房,light.kitchen,厨房顶灯,lighting,"[{""device_id"":""light.living_main"",""action"":""set_brightness"",""parameters"":{""brightness"":75}}]",train,synthetic_template_v1,contains_no_real_user_data
SHC-0666,晚安，我要休息了，现在开始吧,implicit,scene,sleep_mode,主卧,light.bedroom_main,主卧顶灯,lighting,"[{""device_id"":""light.bedroom_main"",""action"":""turn_off"",""parameters"":{}},{""device_id"":""light.bedside"",""action"":""set_brightness"",""parameters"":{""brightness"":15}},{""device_id"":""curtain.bedroom"",""action"":""close"",""parameters"":{}},{""device_id"":""climate.bedroom_ac"",""action"":""set_temperature"",""parameters"":{""temperature"":25}}]",train,synthetic_template_v1,contains_no_real_user_data
SHC-0667,光线有点暗，我要看书，按平时的习惯来,implicit,scene,brighten,主卧,light.bedside,主卧床头灯,lighting,"[{""device_id"":""light.living_main"",""action"":""set_brightness"",""parameters"":{""brightness"":75}}]",train,synthetic_template_v1,contains_no_real_user_data
SHC-0668,准备睡觉了，能改善一下吗,implicit,sensation,sleep_mode,次卧,light.bedroom_second,次卧顶灯,lighting,"[{""device_id"":""light.bedroom_main"",""action"":""turn_off"",""parameters"":{}},{""device_id"":""light.bedside"",""action"":""set_brightness"",""parameters"":{""brightness"":15}},{""device_id"":""curtain.bedroom"",""action"":""close"",""parameters"":{}},{""device_id"":""climate.bedroom_ac"",""action"":""set_temperature"",""parameters"":{""temperature"":25}}]",validation,synthetic_template_v1,contains_no_real_user_data
SHC-0669,这里黑乎乎的，能改善一下吗,implicit,sensation,brighten,书房,light.study,书房灯,lighting,"[{""device_id"":""light.living_main"",""action"":""set_brightness"",""parameters"":{""brightness"":75}}]",test,synthetic_template_v1,contains_no_real_user_data
SHC-0670,晚安，我要休息了，家里有老人,implicit,health,sleep_mode,卫生间,light.bathroom,卫生间灯,lighting,"[{""device_id"":""light.bedroom_main"",""action"":""turn_off"",""parameters"":{}},{""device_id"":""light.bedside"",""action"":""set_brightness"",""parameters"":{""brightness"":15}},{""device_id"":""curtain.bedroom"",""action"":""close"",""parameters"":{}},{""device_id"":""climate.bedroom_ac"",""action"":""set_temperature"",""parameters"":{""temperature"":25}}]",train,synthetic_template_v1,contains_no_real_user_data
SHC-0671,屋里太暗了，看不清东西，现在开始吧,implicit,scene,brighten,玄关,light.entry,玄关灯,lighting,"[{""device_id"":""light.living_main"",""action"":""set_brightness"",""parameters"":{""brightness"":75}}]",train,synthetic_template_v1,contains_no_real_user_data
SHC-0672,准备睡觉了,implicit,sensation,sleep_mode,阳台,light.balcony,阳台灯,lighting,"[{""device_id"":""light.bedroom_main"",""action"":""turn_off"",""parameters"":{}},{""device_id"":""light.bedside"",""action"":""set_brightness"",""parameters"":{""brightness"":15}},{""device_id"":""curtain.bedroom"",""action"":""close"",""parameters"":{}},{""device_id"":""climate.bedroom_ac"",""action"":""set_temperature"",""parameters"":{""temperature"":25}}]",train,synthetic_template_v1,contains_no_real_user_data
SHC-0673,光线有点暗，我要看书，帮我准备一下,implicit,scene,brighten,走廊,light.hallway,走廊灯,lighting,"[{""device_id"":""light.living_main"",""action"":""set_brightness"",""parameters"":{""brightness"":75}}]",train,synthetic_template_v1,contains_no_real_user_data
SHC-0674,晚安，我要休息了，能改善一下吗,implicit,sensation,sleep_mode,衣帽间,light.cloakroom,衣帽间灯,lighting,"[{""device_id"":""light.bedroom_main"",""action"":""turn_off"",""parameters"":{}},{""device_id"":""light.bedside"",""action"":""set_brightness"",""parameters"":{""brightness"":15}},{""device_id"":""curtain.bedroom"",""action"":""close"",""parameters"":{}},{""device_id"":""climate.bedroom_ac"",""action"":""set_temperature"",""parameters"":{""temperature"":25}}]",train,synthetic_template_v1,contains_no_real_user_data
SHC-0675,这里黑乎乎的，能改善一下吗,implicit,sensation,brighten,儿童房,light.children,儿童房灯,lighting,"[{""device_id"":""light.living_main"",""action"":""set_brightness"",""parameters"":{""brightness"":75}}]",train,synthetic_template_v1,contains_no_real_user_data
SHC-0676,准备睡觉了，现在开始吧,implicit,scene,sleep_mode,车库,light.garage,车库灯,lighting,"[{""device_id"":""light.bedroom_main"",""action"":""turn_off"",""parameters"":{}},{""device_id"":""light.bedside"",""action"":""set_brightness"",""parameters"":{""brightness"":15}},{""device_id"":""curtain.bedroom"",""action"":""close"",""parameters"":{}},{""device_id"":""climate.bedroom_ac"",""action"":""set_temperature"",""parameters"":{""temperature"":25}}]",train,synthetic_template_v1,contains_no_real_user_data
SHC-0677,屋里太暗了，看不清东西,implicit,sensation,brighten,客厅,light.living_main,客厅主灯,lighting,"[{""device_id"":""light.living_main"",""action"":""set_brightness"",""parameters"":{""brightness"":75}}]",train,synthetic_template_v1,contains_no_real_user_data
SHC-0678,晚安，我要休息了，帮我准备一下,implicit,scene,sleep_mode,客厅,light.living_ambient,客厅氛围灯,lighting,"[{""device_id"":""light.bedroom_main"",""action"":""turn_off"",""parameters"":{}},{""device_id"":""light.bedside"",""action"":""set_brightness"",""parameters"":{""brightness"":15}},{""device_id"":""curtain.bedroom"",""action"":""close"",""parameters"":{}},{""device_id"":""climate.bedroom_ac"",""action"":""set_temperature"",""parameters"":{""temperature"":25}}]",validation,synthetic_template_v1,contains_no_real_user_data
SHC-0679,光线有点暗，我要看书，有点不舒服,implicit,sensation,brighten,餐厅,light.dining,餐厅吊灯,lighting,"[{""device_id"":""light.living_main"",""action"":""set_brightness"",""parameters"":{""brightness"":75}}]",test,synthetic_template_v1,contains_no_real_user_data
SHC-0680,准备睡觉了，现在开始吧,implicit,scene,sleep_mode,厨房,light.kitchen,厨房顶灯,lighting,"[{""device_id"":""light.bedroom_main"",""action"":""turn_off"",""parameters"":{}},{""device_id"":""light.bedside"",""action"":""set_brightness"",""parameters"":{""brightness"":15}},{""device_id"":""curtain.bedroom"",""action"":""close"",""parameters"":{}},{""device_id"":""climate.bedroom_ac"",""action"":""set_temperature"",""parameters"":{""temperature"":25}}]",train,synthetic_template_v1,contains_no_real_user_data
SHC-0681,这里黑乎乎的,implicit,sensation,brighten,主卧,light.bedroom_main,主卧顶灯,lighting,"[{""device_id"":""light.living_main"",""action"":""set_brightness"",""parameters"":{""brightness"":75}}]",train,synthetic_template_v1,contains_no_real_user_data
SHC-0682,晚安，我要休息了，帮我准备一下,implicit,scene,sleep_mode,主卧,light.bedside,主卧床头灯,lighting,"[{""device_id"":""light.bedroom_main"",""action"":""turn_off"",""parameters"":{}},{""device_id"":""light.bedside"",""action"":""set_brightness"",""parameters"":{""brightness"":15}},{""device_id"":""curtain.bedroom"",""action"":""close"",""parameters"":{}},{""device_id"":""climate.bedroom_ac"",""action"":""set_temperature"",""parameters"":{""temperature"":25}}]",train,synthetic_template_v1,contains_no_real_user_data
SHC-0683,屋里太暗了，看不清东西,implicit,sensation,brighten,次卧,light.bedroom_second,次卧顶灯,lighting,"[{""device_id"":""light.living_main"",""action"":""set_brightness"",""parameters"":{""brightness"":75}}]",train,synthetic_template_v1,contains_no_real_user_data
SHC-0684,准备睡觉了,implicit,sensation,sleep_mode,书房,light.study,书房灯,lighting,"[{""device_id"":""light.bedroom_main"",""action"":""turn_off"",""parameters"":{}},{""device_id"":""light.bedside"",""action"":""set_brightness"",""parameters"":{""brightness"":15}},{""device_id"":""curtain.bedroom"",""action"":""close"",""parameters"":{}},{""device_id"":""climate.bedroom_ac"",""action"":""set_temperature"",""parameters"":{""temperature"":25}}]",train,synthetic_template_v1,contains_no_real_user_data
SHC-0685,光线有点暗，我要看书,implicit,sensation,brighten,卫生间,light.bathroom,卫生间灯,lighting,"[{""device_id"":""light.living_main"",""action"":""set_brightness"",""parameters"":{""brightness"":75}}]",train,synthetic_template_v1,contains_no_real_user_data
SHC-0686,晚安，我要休息了，我最近有点感冒,implicit,health,sleep_mode,玄关,light.entry,玄关灯,lighting,"[{""device_id"":""light.bedroom_main"",""action"":""turn_off"",""parameters"":{}},{""device_id"":""light.bedside"",""action"":""set_brightness"",""parameters"":{""brightness"":15}},{""device_id"":""curtain.bedroom"",""action"":""close"",""parameters"":{}},{""device_id"":""climate.bedroom_ac"",""action"":""set_temperature"",""parameters"":{""temperature"":25}}]",train,synthetic_template_v1,contains_no_real_user_data
SHC-0687,这里黑乎乎的,implicit,sensation,brighten,阳台,light.balcony,阳台灯,lighting,"[{""device_id"":""light.living_main"",""action"":""set_brightness"",""parameters"":{""brightness"":75}}]",train,synthetic_template_v1,contains_no_real_user_data
SHC-0688,准备睡觉了,implicit,sensation,sleep_mode,走廊,light.hallway,走廊灯,lighting,"[{""device_id"":""light.bedroom_main"",""action"":""turn_off"",""parameters"":{}},{""device_id"":""light.bedside"",""action"":""set_brightness"",""parameters"":{""brightness"":15}},{""device_id"":""curtain.bedroom"",""action"":""close"",""parameters"":{}},{""device_id"":""climate.bedroom_ac"",""action"":""set_temperature"",""parameters"":{""temperature"":25}}]",validation,synthetic_template_v1,contains_no_real_user_data
SHC-0689,屋里太暗了，看不清东西，帮我准备一下,implicit,scene,brighten,衣帽间,light.cloakroom,衣帽间灯,lighting,"[{""device_id"":""light.living_main"",""action"":""set_brightness"",""parameters"":{""brightness"":75}}]",test,synthetic_template_v1,contains_no_real_user_data
SHC-0690,晚安，我要休息了,implicit,sensation,sleep_mode,儿童房,light.children,儿童房灯,lighting,"[{""device_id"":""light.bedroom_main"",""action"":""turn_off"",""parameters"":{}},{""device_id"":""light.bedside"",""action"":""set_brightness"",""parameters"":{""brightness"":15}},{""device_id"":""curtain.bedroom"",""action"":""close"",""parameters"":{}},{""device_id"":""climate.bedroom_ac"",""action"":""set_temperature"",""parameters"":{""temperature"":25}}]",train,synthetic_template_v1,contains_no_real_user_data
SHC-0691,光线有点暗，我要看书，能改善一下吗,implicit,sensation,brighten,车库,light.garage,车库灯,lighting,"[{""device_id"":""light.living_main"",""action"":""set_brightness"",""parameters"":{""brightness"":75}}]",train,synthetic_template_v1,contains_no_real_user_data
SHC-0692,准备睡觉了，现在开始吧,implicit,scene,sleep_mode,客厅,light.living_main,客厅主灯,lighting,"[{""device_id"":""light.bedroom_main"",""action"":""turn_off"",""parameters"":{}},{""device_id"":""light.bedside"",""action"":""set_brightness"",""parameters"":{""brightness"":15}},{""device_id"":""curtain.bedroom"",""action"":""close"",""parameters"":{}},{""device_id"":""climate.bedroom_ac"",""action"":""set_temperature"",""parameters"":{""temperature"":25}}]",train,synthetic_template_v1,contains_no_real_user_data
SHC-0693,这里黑乎乎的，有点不舒服,implicit,sensation,brighten,客厅,light.living_ambient,客厅氛围灯,lighting,"[{""device_id"":""light.living_main"",""action"":""set_brightness"",""parameters"":{""brightness"":75}}]",train,synthetic_template_v1,contains_no_real_user_data
SHC-0694,晚安，我要休息了，帮我准备一下,implicit,scene,sleep_mode,餐厅,light.dining,餐厅吊灯,lighting,"[{""device_id"":""light.bedroom_main"",""action"":""turn_off"",""parameters"":{}},{""device_id"":""light.bedside"",""action"":""set_brightness"",""parameters"":{""brightness"":15}},{""device_id"":""curtain.bedroom"",""action"":""close"",""parameters"":{}},{""device_id"":""climate.bedroom_ac"",""action"":""set_temperature"",""parameters"":{""temperature"":25}}]",train,synthetic_template_v1,contains_no_real_user_data
SHC-0695,屋里太暗了，看不清东西，我最近有点感冒,implicit,health,brighten,厨房,light.kitchen,厨房顶灯,lighting,"[{""device_id"":""light.living_main"",""action"":""set_brightness"",""parameters"":{""brightness"":75}}]",train,synthetic_template_v1,contains_no_real_user_data
SHC-0696,准备睡觉了，按平时的习惯来,implicit,scene,sleep_mode,主卧,light.bedroom_main,主卧顶灯,lighting,"[{""device_id"":""light.bedroom_main"",""action"":""turn_off"",""parameters"":{}},{""device_id"":""light.bedside"",""action"":""set_brightness"",""parameters"":{""brightness"":15}},{""device_id"":""curtain.bedroom"",""action"":""close"",""parameters"":{}},{""device_id"":""climate.bedroom_ac"",""action"":""set_temperature"",""parameters"":{""temperature"":25}}]",train,synthetic_template_v1,contains_no_real_user_data
SHC-0697,光线有点暗，我要看书，我最近有点感冒,implicit,health,brighten,主卧,light.bedside,主卧床头灯,lighting,"[{""device_id"":""light.living_main"",""action"":""set_brightness"",""parameters"":{""brightness"":75}}]",train,synthetic_template_v1,contains_no_real_user_data
SHC-0698,我要洗澡了，按平时的习惯来,implicit,scene,bath_preparation,卫生间,kitchen_bath.water_heater,卫生间热水器,kitchen_bath,"[{""device_id"":""kitchen_bath.water_heater"",""action"":""turn_on"",""parameters"":{}},{""device_id"":""light.bathroom"",""action"":""turn_on"",""parameters"":{}},{""device_id"":""kitchen_bath.bath_heater"",""action"":""turn_on"",""parameters"":{}}]",validation,synthetic_template_v1,contains_no_real_user_data
SHC-0699,准备做饭了，帮我准备一下,implicit,scene,cooking_mode,厨房,kitchen_bath.range_hood,厨房油烟机,kitchen_bath,"[{""device_id"":""light.kitchen"",""action"":""turn_on"",""parameters"":{}},{""device_id"":""kitchen_bath.range_hood"",""action"":""turn_on"",""parameters"":{}}]",test,synthetic_template_v1,contains_no_real_user_data
SHC-0700,准备冲个热水澡，能改善一下吗,implicit,sensation,bath_preparation,厨房,kitchen_bath.dishwasher,厨房洗碗机,kitchen_bath,"[{""device_id"":""kitchen_bath.water_heater"",""action"":""turn_on"",""parameters"":{}},{""device_id"":""light.bathroom"",""action"":""turn_on"",""parameters"":{}},{""device_id"":""kitchen_bath.bath_heater"",""action"":""turn_on"",""parameters"":{}}]",train,synthetic_template_v1,contains_no_real_user_data
SHC-0701,我要开始炒菜，能改善一下吗,implicit,sensation,cooking_mode,厨房,kitchen_bath.water_purifier,厨房净水器,kitchen_bath,"[{""device_id"":""light.kitchen"",""action"":""turn_on"",""parameters"":{}},{""device_id"":""kitchen_bath.range_hood"",""action"":""turn_on"",""parameters"":{}}]",train,synthetic_template_v1,contains_no_real_user_data
SHC-0702,下班了想先沐浴，帮我准备一下,implicit,scene,bath_preparation,厨房,kitchen_bath.rice_cooker,电饭煲,kitchen_bath,"[{""device_id"":""kitchen_bath.water_heater"",""action"":""turn_on"",""parameters"":{}},{""device_id"":""light.bathroom"",""action"":""turn_on"",""parameters"":{}},{""device_id"":""kitchen_bath.bath_heater"",""action"":""turn_on"",""parameters"":{}}]",train,synthetic_template_v1,contains_no_real_user_data
SHC-0703,晚餐时间到了，嗓子不太舒服,implicit,health,cooking_mode,厨房,kitchen_bath.oven,烤箱,kitchen_bath,"[{""device_id"":""light.kitchen"",""action"":""turn_on"",""parameters"":{}},{""device_id"":""kitchen_bath.range_hood"",""action"":""turn_on"",""parameters"":{}}]",train,synthetic_template_v1,contains_no_real_user_data
SHC-0704,我要洗澡了，家里有老人,implicit,health,bath_preparation,厨房,kitchen_bath.microwave,微波炉,kitchen_bath,"[{""device_id"":""kitchen_bath.water_heater"",""action"":""turn_on"",""parameters"":{}},{""device_id"":""light.bathroom"",""action"":""turn_on"",""parameters"":{}},{""device_id"":""kitchen_bath.bath_heater"",""action"":""turn_on"",""parameters"":{}}]",train,synthetic_template_v1,contains_no_real_user_data
SHC-0705,准备做饭了，帮我准备一下,implicit,scene,cooking_mode,厨房,kitchen_bath.coffee,咖啡机,kitchen_bath,"[{""device_id"":""light.kitchen"",""action"":""turn_on"",""parameters"":{}},{""device_id"":""kitchen_bath.range_hood"",""action"":""turn_on"",""parameters"":{}}]",train,synthetic_template_v1,contains_no_real_user_data
SHC-0706,准备冲个热水澡，有点不舒服,implicit,sensation,bath_preparation,卫生间,kitchen_bath.bath_heater,浴霸,kitchen_bath,"[{""device_id"":""kitchen_bath.water_heater"",""action"":""turn_on"",""parameters"":{}},{""device_id"":""light.bathroom"",""action"":""turn_on"",""parameters"":{}},{""device_id"":""kitchen_bath.bath_heater"",""action"":""turn_on"",""parameters"":{}}]",train,synthetic_template_v1,contains_no_real_user_data
SHC-0707,我要开始炒菜，帮我准备一下,implicit,scene,cooking_mode,厨房,kitchen_bath.water_valve,厨房水阀,kitchen_bath,"[{""device_id"":""light.kitchen"",""action"":""turn_on"",""parameters"":{}},{""device_id"":""kitchen_bath.range_hood"",""action"":""turn_on"",""parameters"":{}}]",train,synthetic_template_v1,contains_no_real_user_data
SHC-0708,下班了想先沐浴，现在开始吧,implicit,scene,bath_preparation,卫生间,kitchen_bath.exhaust,卫生间排风扇,kitchen_bath,"[{""device_id"":""kitchen_bath.water_heater"",""action"":""turn_on"",""parameters"":{}},{""device_id"":""light.bathroom"",""action"":""turn_on"",""parameters"":{}},{""device_id"":""kitchen_bath.bath_heater"",""action"":""turn_on"",""parameters"":{}}]",validation,synthetic_template_v1,contains_no_real_user_data
SHC-0709,晚餐时间到了，有点不舒服,implicit,sensation,cooking_mode,卫生间,kitchen_bath.water_heater,卫生间热水器,kitchen_bath,"[{""device_id"":""light.kitchen"",""action"":""turn_on"",""parameters"":{}},{""device_id"":""kitchen_bath.range_hood"",""action"":""turn_on"",""parameters"":{}}]",test,synthetic_template_v1,contains_no_real_user_data
SHC-0710,我要洗澡了，有点不舒服,implicit,sensation,bath_preparation,厨房,kitchen_bath.range_hood,厨房油烟机,kitchen_bath,"[{""device_id"":""kitchen_bath.water_heater"",""action"":""turn_on"",""parameters"":{}},{""device_id"":""light.bathroom"",""action"":""turn_on"",""parameters"":{}},{""device_id"":""kitchen_bath.bath_heater"",""action"":""turn_on"",""parameters"":{}}]",train,synthetic_template_v1,contains_no_real_user_data
SHC-0711,准备做饭了,implicit,sensation,cooking_mode,厨房,kitchen_bath.dishwasher,厨房洗碗机,kitchen_bath,"[{""device_id"":""light.kitchen"",""action"":""turn_on"",""parameters"":{}},{""device_id"":""kitchen_bath.range_hood"",""action"":""turn_on"",""parameters"":{}}]",train,synthetic_template_v1,contains_no_real_user_data
SHC-0712,准备冲个热水澡，有点不舒服,implicit,sensation,bath_preparation,厨房,kitchen_bath.water_purifier,厨房净水器,kitchen_bath,"[{""device_id"":""kitchen_bath.water_heater"",""action"":""turn_on"",""parameters"":{}},{""device_id"":""light.bathroom"",""action"":""turn_on"",""parameters"":{}},{""device_id"":""kitchen_bath.bath_heater"",""action"":""turn_on"",""parameters"":{}}]",train,synthetic_template_v1,contains_no_real_user_data
SHC-0713,我要开始炒菜，按平时的习惯来,implicit,scene,cooking_mode,厨房,kitchen_bath.rice_cooker,电饭煲,kitchen_bath,"[{""device_id"":""light.kitchen"",""action"":""turn_on"",""parameters"":{}},{""device_id"":""kitchen_bath.range_hood"",""action"":""turn_on"",""parameters"":{}}]",train,synthetic_template_v1,contains_no_real_user_data
SHC-0714,下班了想先沐浴，按平时的习惯来,implicit,scene,bath_preparation,厨房,kitchen_bath.oven,烤箱,kitchen_bath,"[{""device_id"":""kitchen_bath.water_heater"",""action"":""turn_on"",""parameters"":{}},{""device_id"":""light.bathroom"",""action"":""turn_on"",""parameters"":{}},{""device_id"":""kitchen_bath.bath_heater"",""action"":""turn_on"",""parameters"":{}}]",train,synthetic_template_v1,contains_no_real_user_data
SHC-0715,晚餐时间到了，现在开始吧,implicit,scene,cooking_mode,厨房,kitchen_bath.microwave,微波炉,kitchen_bath,"[{""device_id"":""light.kitchen"",""action"":""turn_on"",""parameters"":{}},{""device_id"":""kitchen_bath.range_hood"",""action"":""turn_on"",""parameters"":{}}]",train,synthetic_template_v1,contains_no_real_user_data
SHC-0716,我要洗澡了,implicit,sensation,bath_preparation,厨房,kitchen_bath.coffee,咖啡机,kitchen_bath,"[{""device_id"":""kitchen_bath.water_heater"",""action"":""turn_on"",""parameters"":{}},{""device_id"":""light.bathroom"",""action"":""turn_on"",""parameters"":{}},{""device_id"":""kitchen_bath.bath_heater"",""action"":""turn_on"",""parameters"":{}}]",train,synthetic_template_v1,contains_no_real_user_data
SHC-0717,准备做饭了,implicit,sensation,cooking_mode,卫生间,kitchen_bath.bath_heater,浴霸,kitchen_bath,"[{""device_id"":""light.kitchen"",""action"":""turn_on"",""parameters"":{}},{""device_id"":""kitchen_bath.range_hood"",""action"":""turn_on"",""parameters"":{}}]",train,synthetic_template_v1,contains_no_real_user_data
SHC-0718,准备冲个热水澡,implicit,sensation,bath_preparation,厨房,kitchen_bath.water_valve,厨房水阀,kitchen_bath,"[{""device_id"":""kitchen_bath.water_heater"",""action"":""turn_on"",""parameters"":{}},{""device_id"":""light.bathroom"",""action"":""turn_on"",""parameters"":{}},{""device_id"":""kitchen_bath.bath_heater"",""action"":""turn_on"",""parameters"":{}}]",validation,synthetic_template_v1,contains_no_real_user_data
SHC-0719,我要开始炒菜，帮我准备一下,implicit,scene,cooking_mode,卫生间,kitchen_bath.exhaust,卫生间排风扇,kitchen_bath,"[{""device_id"":""light.kitchen"",""action"":""turn_on"",""parameters"":{}},{""device_id"":""kitchen_bath.range_hood"",""action"":""turn_on"",""parameters"":{}}]",test,synthetic_template_v1,contains_no_real_user_data
SHC-0720,下班了想先沐浴，现在开始吧,implicit,scene,bath_preparation,卫生间,kitchen_bath.water_heater,卫生间热水器,kitchen_bath,"[{""device_id"":""kitchen_bath.water_heater"",""action"":""turn_on"",""parameters"":{}},{""device_id"":""light.bathroom"",""action"":""turn_on"",""parameters"":{}},{""device_id"":""kitchen_bath.bath_heater"",""action"":""turn_on"",""parameters"":{}}]",train,synthetic_template_v1,contains_no_real_user_data
SHC-0721,晚餐时间到了,implicit,sensation,cooking_mode,厨房,kitchen_bath.range_hood,厨房油烟机,kitchen_bath,"[{""device_id"":""light.kitchen"",""action"":""turn_on"",""parameters"":{}},{""device_id"":""kitchen_bath.range_hood"",""action"":""turn_on"",""parameters"":{}}]",train,synthetic_template_v1,contains_no_real_user_data
SHC-0722,我要洗澡了，帮我准备一下,implicit,scene,bath_preparation,厨房,kitchen_bath.dishwasher,厨房洗碗机,kitchen_bath,"[{""device_id"":""kitchen_bath.water_heater"",""action"":""turn_on"",""parameters"":{}},{""device_id"":""light.bathroom"",""action"":""turn_on"",""parameters"":{}},{""device_id"":""kitchen_bath.bath_heater"",""action"":""turn_on"",""parameters"":{}}]",train,synthetic_template_v1,contains_no_real_user_data
SHC-0723,准备做饭了，按平时的习惯来,implicit,scene,cooking_mode,厨房,kitchen_bath.water_purifier,厨房净水器,kitchen_bath,"[{""device_id"":""light.kitchen"",""action"":""turn_on"",""parameters"":{}},{""device_id"":""kitchen_bath.range_hood"",""action"":""turn_on"",""parameters"":{}}]",train,synthetic_template_v1,contains_no_real_user_data
SHC-0724,准备冲个热水澡，有点不舒服,implicit,sensation,bath_preparation,厨房,kitchen_bath.rice_cooker,电饭煲,kitchen_bath,"[{""device_id"":""kitchen_bath.water_heater"",""action"":""turn_on"",""parameters"":{}},{""device_id"":""light.bathroom"",""action"":""turn_on"",""parameters"":{}},{""device_id"":""kitchen_bath.bath_heater"",""action"":""turn_on"",""parameters"":{}}]",train,synthetic_template_v1,contains_no_real_user_data
SHC-0725,我要开始炒菜，现在开始吧,implicit,scene,cooking_mode,厨房,kitchen_bath.oven,烤箱,kitchen_bath,"[{""device_id"":""light.kitchen"",""action"":""turn_on"",""parameters"":{}},{""device_id"":""kitchen_bath.range_hood"",""action"":""turn_on"",""parameters"":{}}]",train,synthetic_template_v1,contains_no_real_user_data
SHC-0726,下班了想先沐浴,implicit,sensation,bath_preparation,厨房,kitchen_bath.microwave,微波炉,kitchen_bath,"[{""device_id"":""kitchen_bath.water_heater"",""action"":""turn_on"",""parameters"":{}},{""device_id"":""light.bathroom"",""action"":""turn_on"",""parameters"":{}},{""device_id"":""kitchen_bath.bath_heater"",""action"":""turn_on"",""parameters"":{}}]",train,synthetic_template_v1,contains_no_real_user_data
SHC-0727,晚餐时间到了，按平时的习惯来,implicit,scene,cooking_mode,厨房,kitchen_bath.coffee,咖啡机,kitchen_bath,"[{""device_id"":""light.kitchen"",""action"":""turn_on"",""parameters"":{}},{""device_id"":""kitchen_bath.range_hood"",""action"":""turn_on"",""parameters"":{}}]",train,synthetic_template_v1,contains_no_real_user_data
SHC-0728,我要洗澡了，现在开始吧,implicit,scene,bath_preparation,卫生间,kitchen_bath.bath_heater,浴霸,kitchen_bath,"[{""device_id"":""kitchen_bath.water_heater"",""action"":""turn_on"",""parameters"":{}},{""device_id"":""light.bathroom"",""action"":""turn_on"",""parameters"":{}},{""device_id"":""kitchen_bath.bath_heater"",""action"":""turn_on"",""parameters"":{}}]",validation,synthetic_template_v1,contains_no_real_user_data
SHC-0729,准备做饭了，能改善一下吗,implicit,sensation,cooking_mode,厨房,kitchen_bath.water_valve,厨房水阀,kitchen_bath,"[{""device_id"":""light.kitchen"",""action"":""turn_on"",""parameters"":{}},{""device_id"":""kitchen_bath.range_hood"",""action"":""turn_on"",""parameters"":{}}]",test,synthetic_template_v1,contains_no_real_user_data
SHC-0730,准备冲个热水澡，帮我准备一下,implicit,scene,bath_preparation,卫生间,kitchen_bath.exhaust,卫生间排风扇,kitchen_bath,"[{""device_id"":""kitchen_bath.water_heater"",""action"":""turn_on"",""parameters"":{}},{""device_id"":""light.bathroom"",""action"":""turn_on"",""parameters"":{}},{""device_id"":""kitchen_bath.bath_heater"",""action"":""turn_on"",""parameters"":{}}]",train,synthetic_template_v1,contains_no_real_user_data
SHC-0731,我要开始炒菜，能改善一下吗,implicit,sensation,cooking_mode,卫生间,kitchen_bath.water_heater,卫生间热水器,kitchen_bath,"[{""device_id"":""light.kitchen"",""action"":""turn_on"",""parameters"":{}},{""device_id"":""kitchen_bath.range_hood"",""action"":""turn_on"",""parameters"":{}}]",train,synthetic_template_v1,contains_no_real_user_data
SHC-0732,下班了想先沐浴，有点不舒服,implicit,sensation,bath_preparation,厨房,kitchen_bath.range_hood,厨房油烟机,kitchen_bath,"[{""device_id"":""kitchen_bath.water_heater"",""action"":""turn_on"",""parameters"":{}},{""device_id"":""light.bathroom"",""action"":""turn_on"",""parameters"":{}},{""device_id"":""kitchen_bath.bath_heater"",""action"":""turn_on"",""parameters"":{}}]",train,synthetic_template_v1,contains_no_real_user_data
SHC-0733,晚餐时间到了,implicit,sensation,cooking_mode,厨房,kitchen_bath.dishwasher,厨房洗碗机,kitchen_bath,"[{""device_id"":""light.kitchen"",""action"":""turn_on"",""parameters"":{}},{""device_id"":""kitchen_bath.range_hood"",""action"":""turn_on"",""parameters"":{}}]",train,synthetic_template_v1,contains_no_real_user_data
SHC-0734,我要洗澡了，帮我准备一下,implicit,scene,bath_preparation,厨房,kitchen_bath.water_purifier,厨房净水器,kitchen_bath,"[{""device_id"":""kitchen_bath.water_heater"",""action"":""turn_on"",""parameters"":{}},{""device_id"":""light.bathroom"",""action"":""turn_on"",""parameters"":{}},{""device_id"":""kitchen_bath.bath_heater"",""action"":""turn_on"",""parameters"":{}}]",train,synthetic_template_v1,contains_no_real_user_data
SHC-0735,准备做饭了，帮我准备一下,implicit,scene,cooking_mode,厨房,kitchen_bath.rice_cooker,电饭煲,kitchen_bath,"[{""device_id"":""light.kitchen"",""action"":""turn_on"",""parameters"":{}},{""device_id"":""kitchen_bath.range_hood"",""action"":""turn_on"",""parameters"":{}}]",train,synthetic_template_v1,contains_no_real_user_data
SHC-0736,准备冲个热水澡，现在开始吧,implicit,scene,bath_preparation,厨房,kitchen_bath.oven,烤箱,kitchen_bath,"[{""device_id"":""kitchen_bath.water_heater"",""action"":""turn_on"",""parameters"":{}},{""device_id"":""light.bathroom"",""action"":""turn_on"",""parameters"":{}},{""device_id"":""kitchen_bath.bath_heater"",""action"":""turn_on"",""parameters"":{}}]",train,synthetic_template_v1,contains_no_real_user_data
SHC-0737,我要开始炒菜，有点不舒服,implicit,sensation,cooking_mode,厨房,kitchen_bath.microwave,微波炉,kitchen_bath,"[{""device_id"":""light.kitchen"",""action"":""turn_on"",""parameters"":{}},{""device_id"":""kitchen_bath.range_hood"",""action"":""turn_on"",""parameters"":{}}]",train,synthetic_template_v1,contains_no_real_user_data
SHC-0738,下班了想先沐浴,implicit,sensation,bath_preparation,厨房,kitchen_bath.coffee,咖啡机,kitchen_bath,"[{""device_id"":""kitchen_bath.water_heater"",""action"":""turn_on"",""parameters"":{}},{""device_id"":""light.bathroom"",""action"":""turn_on"",""parameters"":{}},{""device_id"":""kitchen_bath.bath_heater"",""action"":""turn_on"",""parameters"":{}}]",validation,synthetic_template_v1,contains_no_real_user_data
SHC-0739,晚餐时间到了，有点不舒服,implicit,sensation,cooking_mode,卫生间,kitchen_bath.bath_heater,浴霸,kitchen_bath,"[{""device_id"":""light.kitchen"",""action"":""turn_on"",""parameters"":{}},{""device_id"":""kitchen_bath.range_hood"",""action"":""turn_on"",""parameters"":{}}]",test,synthetic_template_v1,contains_no_real_user_data
SHC-0740,我要洗澡了，有点不舒服,implicit,sensation,bath_preparation,厨房,kitchen_bath.water_valve,厨房水阀,kitchen_bath,"[{""device_id"":""kitchen_bath.water_heater"",""action"":""turn_on"",""parameters"":{}},{""device_id"":""light.bathroom"",""action"":""turn_on"",""parameters"":{}},{""device_id"":""kitchen_bath.bath_heater"",""action"":""turn_on"",""parameters"":{}}]",train,synthetic_template_v1,contains_no_real_user_data
SHC-0741,准备做饭了，现在开始吧,implicit,scene,cooking_mode,卫生间,kitchen_bath.exhaust,卫生间排风扇,kitchen_bath,"[{""device_id"":""light.kitchen"",""action"":""turn_on"",""parameters"":{}},{""device_id"":""kitchen_bath.range_hood"",""action"":""turn_on"",""parameters"":{}}]",train,synthetic_template_v1,contains_no_real_user_data
SHC-0742,准备冲个热水澡，有点不舒服,implicit,sensation,bath_preparation,卫生间,kitchen_bath.water_heater,卫生间热水器,kitchen_bath,"[{""device_id"":""kitchen_bath.water_heater"",""action"":""turn_on"",""parameters"":{}},{""device_id"":""light.bathroom"",""action"":""turn_on"",""parameters"":{}},{""device_id"":""kitchen_bath.bath_heater"",""action"":""turn_on"",""parameters"":{}}]",train,synthetic_template_v1,contains_no_real_user_data
SHC-0743,我要开始炒菜，能改善一下吗,implicit,sensation,cooking_mode,厨房,kitchen_bath.range_hood,厨房油烟机,kitchen_bath,"[{""device_id"":""light.kitchen"",""action"":""turn_on"",""parameters"":{}},{""device_id"":""kitchen_bath.range_hood"",""action"":""turn_on"",""parameters"":{}}]",train,synthetic_template_v1,contains_no_real_user_data
SHC-0744,下班了想先沐浴，有点不舒服,implicit,sensation,bath_preparation,厨房,kitchen_bath.dishwasher,厨房洗碗机,kitchen_bath,"[{""device_id"":""kitchen_bath.water_heater"",""action"":""turn_on"",""parameters"":{}},{""device_id"":""light.bathroom"",""action"":""turn_on"",""parameters"":{}},{""device_id"":""kitchen_bath.bath_heater"",""action"":""turn_on"",""parameters"":{}}]",train,synthetic_template_v1,contains_no_real_user_data
SHC-0745,晚餐时间到了，能改善一下吗,implicit,sensation,cooking_mode,厨房,kitchen_bath.water_purifier,厨房净水器,kitchen_bath,"[{""device_id"":""light.kitchen"",""action"":""turn_on"",""parameters"":{}},{""device_id"":""kitchen_bath.range_hood"",""action"":""turn_on"",""parameters"":{}}]",train,synthetic_template_v1,contains_no_real_user_data
SHC-0746,我要洗澡了，能改善一下吗,implicit,sensation,bath_preparation,厨房,kitchen_bath.rice_cooker,电饭煲,kitchen_bath,"[{""device_id"":""kitchen_bath.water_heater"",""action"":""turn_on"",""parameters"":{}},{""device_id"":""light.bathroom"",""action"":""turn_on"",""parameters"":{}},{""device_id"":""kitchen_bath.bath_heater"",""action"":""turn_on"",""parameters"":{}}]",train,synthetic_template_v1,contains_no_real_user_data
SHC-0747,准备做饭了，帮我准备一下,implicit,scene,cooking_mode,厨房,kitchen_bath.oven,烤箱,kitchen_bath,"[{""device_id"":""light.kitchen"",""action"":""turn_on"",""parameters"":{}},{""device_id"":""kitchen_bath.range_hood"",""action"":""turn_on"",""parameters"":{}}]",train,synthetic_template_v1,contains_no_real_user_data
SHC-0748,准备冲个热水澡，帮我准备一下,implicit,scene,bath_preparation,厨房,kitchen_bath.microwave,微波炉,kitchen_bath,"[{""device_id"":""kitchen_bath.water_heater"",""action"":""turn_on"",""parameters"":{}},{""device_id"":""light.bathroom"",""action"":""turn_on"",""parameters"":{}},{""device_id"":""kitchen_bath.bath_heater"",""action"":""turn_on"",""parameters"":{}}]",validation,synthetic_template_v1,contains_no_real_user_data
SHC-0749,我要开始炒菜，家里有老人,implicit,health,cooking_mode,厨房,kitchen_bath.coffee,咖啡机,kitchen_bath,"[{""device_id"":""light.kitchen"",""action"":""turn_on"",""parameters"":{}},{""device_id"":""kitchen_bath.range_hood"",""action"":""turn_on"",""parameters"":{}}]",test,synthetic_template_v1,contains_no_real_user_data
SHC-0750,下班了想先沐浴，能改善一下吗,implicit,sensation,bath_preparation,卫生间,kitchen_bath.bath_heater,浴霸,kitchen_bath,"[{""device_id"":""kitchen_bath.water_heater"",""action"":""turn_on"",""parameters"":{}},{""device_id"":""light.bathroom"",""action"":""turn_on"",""parameters"":{}},{""device_id"":""kitchen_bath.bath_heater"",""action"":""turn_on"",""parameters"":{}}]",train,synthetic_template_v1,contains_no_real_user_data
SHC-0751,晚餐时间到了，现在开始吧,implicit,scene,cooking_mode,厨房,kitchen_bath.water_valve,厨房水阀,kitchen_bath,"[{""device_id"":""light.kitchen"",""action"":""turn_on"",""parameters"":{}},{""device_id"":""kitchen_bath.range_hood"",""action"":""turn_on"",""parameters"":{}}]",train,synthetic_template_v1,contains_no_real_user_data
SHC-0752,我要洗澡了，现在开始吧,implicit,scene,bath_preparation,卫生间,kitchen_bath.exhaust,卫生间排风扇,kitchen_bath,"[{""device_id"":""kitchen_bath.water_heater"",""action"":""turn_on"",""parameters"":{}},{""device_id"":""light.bathroom"",""action"":""turn_on"",""parameters"":{}},{""device_id"":""kitchen_bath.bath_heater"",""action"":""turn_on"",""parameters"":{}}]",train,synthetic_template_v1,contains_no_real_user_data
SHC-0753,准备做饭了，帮我准备一下,implicit,scene,cooking_mode,卫生间,kitchen_bath.water_heater,卫生间热水器,kitchen_bath,"[{""device_id"":""light.kitchen"",""action"":""turn_on"",""parameters"":{}},{""device_id"":""kitchen_bath.range_hood"",""action"":""turn_on"",""parameters"":{}}]",train,synthetic_template_v1,contains_no_real_user_data
SHC-0754,准备冲个热水澡，家里有老人,implicit,health,bath_preparation,厨房,kitchen_bath.range_hood,厨房油烟机,kitchen_bath,"[{""device_id"":""kitchen_bath.water_heater"",""action"":""turn_on"",""parameters"":{}},{""device_id"":""light.bathroom"",""action"":""turn_on"",""parameters"":{}},{""device_id"":""kitchen_bath.bath_heater"",""action"":""turn_on"",""parameters"":{}}]",train,synthetic_template_v1,contains_no_real_user_data
SHC-0755,我要开始炒菜,implicit,sensation,cooking_mode,厨房,kitchen_bath.dishwasher,厨房洗碗机,kitchen_bath,"[{""device_id"":""light.kitchen"",""action"":""turn_on"",""parameters"":{}},{""device_id"":""kitchen_bath.range_hood"",""action"":""turn_on"",""parameters"":{}}]",train,synthetic_template_v1,contains_no_real_user_data
SHC-0756,下班了想先沐浴，有点不舒服,implicit,sensation,bath_preparation,厨房,kitchen_bath.water_purifier,厨房净水器,kitchen_bath,"[{""device_id"":""kitchen_bath.water_heater"",""action"":""turn_on"",""parameters"":{}},{""device_id"":""light.bathroom"",""action"":""turn_on"",""parameters"":{}},{""device_id"":""kitchen_bath.bath_heater"",""action"":""turn_on"",""parameters"":{}}]",train,synthetic_template_v1,contains_no_real_user_data
SHC-0757,晚餐时间到了，有点不舒服,implicit,sensation,cooking_mode,厨房,kitchen_bath.rice_cooker,电饭煲,kitchen_bath,"[{""device_id"":""light.kitchen"",""action"":""turn_on"",""parameters"":{}},{""device_id"":""kitchen_bath.range_hood"",""action"":""turn_on"",""parameters"":{}}]",train,synthetic_template_v1,contains_no_real_user_data
SHC-0758,我要洗澡了，嗓子不太舒服,implicit,health,bath_preparation,厨房,kitchen_bath.oven,烤箱,kitchen_bath,"[{""device_id"":""kitchen_bath.water_heater"",""action"":""turn_on"",""parameters"":{}},{""device_id"":""light.bathroom"",""action"":""turn_on"",""parameters"":{}},{""device_id"":""kitchen_bath.bath_heater"",""action"":""turn_on"",""parameters"":{}}]",validation,synthetic_template_v1,contains_no_real_user_data
SHC-0759,准备做饭了，现在开始吧,implicit,scene,cooking_mode,厨房,kitchen_bath.microwave,微波炉,kitchen_bath,"[{""device_id"":""light.kitchen"",""action"":""turn_on"",""parameters"":{}},{""device_id"":""kitchen_bath.range_hood"",""action"":""turn_on"",""parameters"":{}}]",test,synthetic_template_v1,contains_no_real_user_data
SHC-0760,准备冲个热水澡，现在开始吧,implicit,scene,bath_preparation,厨房,kitchen_bath.coffee,咖啡机,kitchen_bath,"[{""device_id"":""kitchen_bath.water_heater"",""action"":""turn_on"",""parameters"":{}},{""device_id"":""light.bathroom"",""action"":""turn_on"",""parameters"":{}},{""device_id"":""kitchen_bath.bath_heater"",""action"":""turn_on"",""parameters"":{}}]",train,synthetic_template_v1,contains_no_real_user_data
SHC-0761,我要开始炒菜，能改善一下吗,implicit,sensation,cooking_mode,卫生间,kitchen_bath.bath_heater,浴霸,kitchen_bath,"[{""device_id"":""light.kitchen"",""action"":""turn_on"",""parameters"":{}},{""device_id"":""kitchen_bath.range_hood"",""action"":""turn_on"",""parameters"":{}}]",train,synthetic_template_v1,contains_no_real_user_data
SHC-0762,下班了想先沐浴，现在开始吧,implicit,scene,bath_preparation,厨房,kitchen_bath.water_valve,厨房水阀,kitchen_bath,"[{""device_id"":""kitchen_bath.water_heater"",""action"":""turn_on"",""parameters"":{}},{""device_id"":""light.bathroom"",""action"":""turn_on"",""parameters"":{}},{""device_id"":""kitchen_bath.bath_heater"",""action"":""turn_on"",""parameters"":{}}]",train,synthetic_template_v1,contains_no_real_user_data
SHC-0763,晚餐时间到了，有点不舒服,implicit,sensation,cooking_mode,卫生间,kitchen_bath.exhaust,卫生间排风扇,kitchen_bath,"[{""device_id"":""light.kitchen"",""action"":""turn_on"",""parameters"":{}},{""device_id"":""kitchen_bath.range_hood"",""action"":""turn_on"",""parameters"":{}}]",train,synthetic_template_v1,contains_no_real_user_data
SHC-0764,我要洗澡了，嗓子不太舒服,implicit,health,bath_preparation,卫生间,kitchen_bath.water_heater,卫生间热水器,kitchen_bath,"[{""device_id"":""kitchen_bath.water_heater"",""action"":""turn_on"",""parameters"":{}},{""device_id"":""light.bathroom"",""action"":""turn_on"",""parameters"":{}},{""device_id"":""kitchen_bath.bath_heater"",""action"":""turn_on"",""parameters"":{}}]",train,synthetic_template_v1,contains_no_real_user_data
SHC-0765,准备做饭了,implicit,sensation,cooking_mode,厨房,kitchen_bath.range_hood,厨房油烟机,kitchen_bath,"[{""device_id"":""light.kitchen"",""action"":""turn_on"",""parameters"":{}},{""device_id"":""kitchen_bath.range_hood"",""action"":""turn_on"",""parameters"":{}}]",train,synthetic_template_v1,contains_no_real_user_data
SHC-0766,准备冲个热水澡，按平时的习惯来,implicit,scene,bath_preparation,厨房,kitchen_bath.dishwasher,厨房洗碗机,kitchen_bath,"[{""device_id"":""kitchen_bath.water_heater"",""action"":""turn_on"",""parameters"":{}},{""device_id"":""light.bathroom"",""action"":""turn_on"",""parameters"":{}},{""device_id"":""kitchen_bath.bath_heater"",""action"":""turn_on"",""parameters"":{}}]",train,synthetic_template_v1,contains_no_real_user_data
SHC-0767,我要开始炒菜，能改善一下吗,implicit,sensation,cooking_mode,厨房,kitchen_bath.water_purifier,厨房净水器,kitchen_bath,"[{""device_id"":""light.kitchen"",""action"":""turn_on"",""parameters"":{}},{""device_id"":""kitchen_bath.range_hood"",""action"":""turn_on"",""parameters"":{}}]",train,synthetic_template_v1,contains_no_real_user_data
SHC-0768,下班了想先沐浴，有点不舒服,implicit,sensation,bath_preparation,厨房,kitchen_bath.rice_cooker,电饭煲,kitchen_bath,"[{""device_id"":""kitchen_bath.water_heater"",""action"":""turn_on"",""parameters"":{}},{""device_id"":""light.bathroom"",""action"":""turn_on"",""parameters"":{}},{""device_id"":""kitchen_bath.bath_heater"",""action"":""turn_on"",""parameters"":{}}]",validation,synthetic_template_v1,contains_no_real_user_data
SHC-0769,晚餐时间到了，现在开始吧,implicit,scene,cooking_mode,厨房,kitchen_bath.oven,烤箱,kitchen_bath,"[{""device_id"":""light.kitchen"",""action"":""turn_on"",""parameters"":{}},{""device_id"":""kitchen_bath.range_hood"",""action"":""turn_on"",""parameters"":{}}]",test,synthetic_template_v1,contains_no_real_user_data
SHC-0770,我要洗澡了，有点不舒服,implicit,sensation,bath_preparation,厨房,kitchen_bath.microwave,微波炉,kitchen_bath,"[{""device_id"":""kitchen_bath.water_heater"",""action"":""turn_on"",""parameters"":{}},{""device_id"":""light.bathroom"",""action"":""turn_on"",""parameters"":{}},{""device_id"":""kitchen_bath.bath_heater"",""action"":""turn_on"",""parameters"":{}}]",train,synthetic_template_v1,contains_no_real_user_data
SHC-0771,准备做饭了，按平时的习惯来,implicit,scene,cooking_mode,厨房,kitchen_bath.coffee,咖啡机,kitchen_bath,"[{""device_id"":""light.kitchen"",""action"":""turn_on"",""parameters"":{}},{""device_id"":""kitchen_bath.range_hood"",""action"":""turn_on"",""parameters"":{}}]",train,synthetic_template_v1,contains_no_real_user_data
SHC-0772,准备冲个热水澡，能改善一下吗,implicit,sensation,bath_preparation,卫生间,kitchen_bath.bath_heater,浴霸,kitchen_bath,"[{""device_id"":""kitchen_bath.water_heater"",""action"":""turn_on"",""parameters"":{}},{""device_id"":""light.bathroom"",""action"":""turn_on"",""parameters"":{}},{""device_id"":""kitchen_bath.bath_heater"",""action"":""turn_on"",""parameters"":{}}]",train,synthetic_template_v1,contains_no_real_user_data
SHC-0773,我要开始炒菜，按平时的习惯来,implicit,scene,cooking_mode,厨房,kitchen_bath.water_valve,厨房水阀,kitchen_bath,"[{""device_id"":""light.kitchen"",""action"":""turn_on"",""parameters"":{}},{""device_id"":""kitchen_bath.range_hood"",""action"":""turn_on"",""parameters"":{}}]",train,synthetic_template_v1,contains_no_real_user_data
SHC-0774,下班了想先沐浴，嗓子不太舒服,implicit,health,bath_preparation,卫生间,kitchen_bath.exhaust,卫生间排风扇,kitchen_bath,"[{""device_id"":""kitchen_bath.water_heater"",""action"":""turn_on"",""parameters"":{}},{""device_id"":""light.bathroom"",""action"":""turn_on"",""parameters"":{}},{""device_id"":""kitchen_bath.bath_heater"",""action"":""turn_on"",""parameters"":{}}]",train,synthetic_template_v1,contains_no_real_user_data
SHC-0775,晚餐时间到了，现在开始吧,implicit,scene,cooking_mode,卫生间,kitchen_bath.water_heater,卫生间热水器,kitchen_bath,"[{""device_id"":""light.kitchen"",""action"":""turn_on"",""parameters"":{}},{""device_id"":""kitchen_bath.range_hood"",""action"":""turn_on"",""parameters"":{}}]",train,synthetic_template_v1,contains_no_real_user_data
SHC-0776,我要洗澡了，按平时的习惯来,implicit,scene,bath_preparation,厨房,kitchen_bath.range_hood,厨房油烟机,kitchen_bath,"[{""device_id"":""kitchen_bath.water_heater"",""action"":""turn_on"",""parameters"":{}},{""device_id"":""light.bathroom"",""action"":""turn_on"",""parameters"":{}},{""device_id"":""kitchen_bath.bath_heater"",""action"":""turn_on"",""parameters"":{}}]",train,synthetic_template_v1,contains_no_real_user_data
SHC-0777,准备做饭了，有点不舒服,implicit,sensation,cooking_mode,厨房,kitchen_bath.dishwasher,厨房洗碗机,kitchen_bath,"[{""device_id"":""light.kitchen"",""action"":""turn_on"",""parameters"":{}},{""device_id"":""kitchen_bath.range_hood"",""action"":""turn_on"",""parameters"":{}}]",train,synthetic_template_v1,contains_no_real_user_data
SHC-0778,准备冲个热水澡，有点不舒服,implicit,sensation,bath_preparation,厨房,kitchen_bath.water_purifier,厨房净水器,kitchen_bath,"[{""device_id"":""kitchen_bath.water_heater"",""action"":""turn_on"",""parameters"":{}},{""device_id"":""light.bathroom"",""action"":""turn_on"",""parameters"":{}},{""device_id"":""kitchen_bath.bath_heater"",""action"":""turn_on"",""parameters"":{}}]",validation,synthetic_template_v1,contains_no_real_user_data
SHC-0779,我要开始炒菜，帮我准备一下,implicit,scene,cooking_mode,厨房,kitchen_bath.rice_cooker,电饭煲,kitchen_bath,"[{""device_id"":""light.kitchen"",""action"":""turn_on"",""parameters"":{}},{""device_id"":""kitchen_bath.range_hood"",""action"":""turn_on"",""parameters"":{}}]",test,synthetic_template_v1,contains_no_real_user_data
SHC-0780,下班了想先沐浴,implicit,sensation,bath_preparation,厨房,kitchen_bath.oven,烤箱,kitchen_bath,"[{""device_id"":""kitchen_bath.water_heater"",""action"":""turn_on"",""parameters"":{}},{""device_id"":""light.bathroom"",""action"":""turn_on"",""parameters"":{}},{""device_id"":""kitchen_bath.bath_heater"",""action"":""turn_on"",""parameters"":{}}]",train,synthetic_template_v1,contains_no_real_user_data
SHC-0781,晚餐时间到了，能改善一下吗,implicit,sensation,cooking_mode,厨房,kitchen_bath.microwave,微波炉,kitchen_bath,"[{""device_id"":""light.kitchen"",""action"":""turn_on"",""parameters"":{}},{""device_id"":""kitchen_bath.range_hood"",""action"":""turn_on"",""parameters"":{}}]",train,synthetic_template_v1,contains_no_real_user_data
SHC-0782,我要洗澡了，能改善一下吗,implicit,sensation,bath_preparation,厨房,kitchen_bath.coffee,咖啡机,kitchen_bath,"[{""device_id"":""kitchen_bath.water_heater"",""action"":""turn_on"",""parameters"":{}},{""device_id"":""light.bathroom"",""action"":""turn_on"",""parameters"":{}},{""device_id"":""kitchen_bath.bath_heater"",""action"":""turn_on"",""parameters"":{}}]",train,synthetic_template_v1,contains_no_real_user_data
SHC-0783,准备做饭了，能改善一下吗,implicit,sensation,cooking_mode,卫生间,kitchen_bath.bath_heater,浴霸,kitchen_bath,"[{""device_id"":""light.kitchen"",""action"":""turn_on"",""parameters"":{}},{""device_id"":""kitchen_bath.range_hood"",""action"":""turn_on"",""parameters"":{}}]",train,synthetic_template_v1,contains_no_real_user_data
SHC-0784,准备冲个热水澡，现在开始吧,implicit,scene,bath_preparation,厨房,kitchen_bath.water_valve,厨房水阀,kitchen_bath,"[{""device_id"":""kitchen_bath.water_heater"",""action"":""turn_on"",""parameters"":{}},{""device_id"":""light.bathroom"",""action"":""turn_on"",""parameters"":{}},{""device_id"":""kitchen_bath.bath_heater"",""action"":""turn_on"",""parameters"":{}}]",train,synthetic_template_v1,contains_no_real_user_data
SHC-0785,我要开始炒菜，帮我准备一下,implicit,scene,cooking_mode,卫生间,kitchen_bath.exhaust,卫生间排风扇,kitchen_bath,"[{""device_id"":""light.kitchen"",""action"":""turn_on"",""parameters"":{}},{""device_id"":""kitchen_bath.range_hood"",""action"":""turn_on"",""parameters"":{}}]",train,synthetic_template_v1,contains_no_real_user_data
SHC-0786,下班了想先沐浴，现在开始吧,implicit,scene,bath_preparation,卫生间,kitchen_bath.water_heater,卫生间热水器,kitchen_bath,"[{""device_id"":""kitchen_bath.water_heater"",""action"":""turn_on"",""parameters"":{}},{""device_id"":""light.bathroom"",""action"":""turn_on"",""parameters"":{}},{""device_id"":""kitchen_bath.bath_heater"",""action"":""turn_on"",""parameters"":{}}]",train,synthetic_template_v1,contains_no_real_user_data
SHC-0787,晚餐时间到了，帮我准备一下,implicit,scene,cooking_mode,厨房,kitchen_bath.range_hood,厨房油烟机,kitchen_bath,"[{""device_id"":""light.kitchen"",""action"":""turn_on"",""parameters"":{}},{""device_id"":""kitchen_bath.range_hood"",""action"":""turn_on"",""parameters"":{}}]",train,synthetic_template_v1,contains_no_real_user_data
SHC-0788,我要洗澡了，帮我准备一下,implicit,scene,bath_preparation,厨房,kitchen_bath.dishwasher,厨房洗碗机,kitchen_bath,"[{""device_id"":""kitchen_bath.water_heater"",""action"":""turn_on"",""parameters"":{}},{""device_id"":""light.bathroom"",""action"":""turn_on"",""parameters"":{}},{""device_id"":""kitchen_bath.bath_heater"",""action"":""turn_on"",""parameters"":{}}]",validation,synthetic_template_v1,contains_no_real_user_data
SHC-0789,准备做饭了，按平时的习惯来,implicit,scene,cooking_mode,厨房,kitchen_bath.water_purifier,厨房净水器,kitchen_bath,"[{""device_id"":""light.kitchen"",""action"":""turn_on"",""parameters"":{}},{""device_id"":""kitchen_bath.range_hood"",""action"":""turn_on"",""parameters"":{}}]",test,synthetic_template_v1,contains_no_real_user_data
SHC-0790,准备冲个热水澡，帮我准备一下,implicit,scene,bath_preparation,厨房,kitchen_bath.rice_cooker,电饭煲,kitchen_bath,"[{""device_id"":""kitchen_bath.water_heater"",""action"":""turn_on"",""parameters"":{}},{""device_id"":""light.bathroom"",""action"":""turn_on"",""parameters"":{}},{""device_id"":""kitchen_bath.bath_heater"",""action"":""turn_on"",""parameters"":{}}]",train,synthetic_template_v1,contains_no_real_user_data
SHC-0791,我要开始炒菜,implicit,sensation,cooking_mode,厨房,kitchen_bath.oven,烤箱,kitchen_bath,"[{""device_id"":""light.kitchen"",""action"":""turn_on"",""parameters"":{}},{""device_id"":""kitchen_bath.range_hood"",""action"":""turn_on"",""parameters"":{}}]",train,synthetic_template_v1,contains_no_real_user_data
SHC-0792,下班了想先沐浴,implicit,sensation,bath_preparation,厨房,kitchen_bath.microwave,微波炉,kitchen_bath,"[{""device_id"":""kitchen_bath.water_heater"",""action"":""turn_on"",""parameters"":{}},{""device_id"":""light.bathroom"",""action"":""turn_on"",""parameters"":{}},{""device_id"":""kitchen_bath.bath_heater"",""action"":""turn_on"",""parameters"":{}}]",train,synthetic_template_v1,contains_no_real_user_data
SHC-0793,晚餐时间到了，按平时的习惯来,implicit,scene,cooking_mode,厨房,kitchen_bath.coffee,咖啡机,kitchen_bath,"[{""device_id"":""light.kitchen"",""action"":""turn_on"",""parameters"":{}},{""device_id"":""kitchen_bath.range_hood"",""action"":""turn_on"",""parameters"":{}}]",train,synthetic_template_v1,contains_no_real_user_data
SHC-0794,我要洗澡了，有点不舒服,implicit,sensation,bath_preparation,卫生间,kitchen_bath.bath_heater,浴霸,kitchen_bath,"[{""device_id"":""kitchen_bath.water_heater"",""action"":""turn_on"",""parameters"":{}},{""device_id"":""light.bathroom"",""action"":""turn_on"",""parameters"":{}},{""device_id"":""kitchen_bath.bath_heater"",""action"":""turn_on"",""parameters"":{}}]",train,synthetic_template_v1,contains_no_real_user_data
SHC-0795,准备做饭了，帮我准备一下,implicit,scene,cooking_mode,厨房,kitchen_bath.water_valve,厨房水阀,kitchen_bath,"[{""device_id"":""light.kitchen"",""action"":""turn_on"",""parameters"":{}},{""device_id"":""kitchen_bath.range_hood"",""action"":""turn_on"",""parameters"":{}}]",train,synthetic_template_v1,contains_no_real_user_data
SHC-0796,准备冲个热水澡，能改善一下吗,implicit,sensation,bath_preparation,卫生间,kitchen_bath.exhaust,卫生间排风扇,kitchen_bath,"[{""device_id"":""kitchen_bath.water_heater"",""action"":""turn_on"",""parameters"":{}},{""device_id"":""light.bathroom"",""action"":""turn_on"",""parameters"":{}},{""device_id"":""kitchen_bath.bath_heater"",""action"":""turn_on"",""parameters"":{}}]",train,synthetic_template_v1,contains_no_real_user_data
SHC-0797,我要开始炒菜，家里有老人,implicit,health,cooking_mode,卫生间,kitchen_bath.water_heater,卫生间热水器,kitchen_bath,"[{""device_id"":""light.kitchen"",""action"":""turn_on"",""parameters"":{}},{""device_id"":""kitchen_bath.range_hood"",""action"":""turn_on"",""parameters"":{}}]",train,synthetic_template_v1,contains_no_real_user_data
SHC-0798,下班了想先沐浴，能改善一下吗,implicit,sensation,bath_preparation,厨房,kitchen_bath.range_hood,厨房油烟机,kitchen_bath,"[{""device_id"":""kitchen_bath.water_heater"",""action"":""turn_on"",""parameters"":{}},{""device_id"":""light.bathroom"",""action"":""turn_on"",""parameters"":{}},{""device_id"":""kitchen_bath.bath_heater"",""action"":""turn_on"",""parameters"":{}}]",validation,synthetic_template_v1,contains_no_real_user_data
SHC-0799,晚餐时间到了,implicit,sensation,cooking_mode,厨房,kitchen_bath.dishwasher,厨房洗碗机,kitchen_bath,"[{""device_id"":""light.kitchen"",""action"":""turn_on"",""parameters"":{}},{""device_id"":""kitchen_bath.range_hood"",""action"":""turn_on"",""parameters"":{}}]",test,synthetic_template_v1,contains_no_real_user_data
SHC-0800,我要洗澡了,implicit,sensation,bath_preparation,厨房,kitchen_bath.water_purifier,厨房净水器,kitchen_bath,"[{""device_id"":""kitchen_bath.water_heater"",""action"":""turn_on"",""parameters"":{}},{""device_id"":""light.bathroom"",""action"":""turn_on"",""parameters"":{}},{""device_id"":""kitchen_bath.bath_heater"",""action"":""turn_on"",""parameters"":{}}]",train,synthetic_template_v1,contains_no_real_user_data
SHC-0801,准备做饭了，能改善一下吗,implicit,sensation,cooking_mode,厨房,kitchen_bath.rice_cooker,电饭煲,kitchen_bath,"[{""device_id"":""light.kitchen"",""action"":""turn_on"",""parameters"":{}},{""device_id"":""kitchen_bath.range_hood"",""action"":""turn_on"",""parameters"":{}}]",train,synthetic_template_v1,contains_no_real_user_data
SHC-0802,准备冲个热水澡，帮我准备一下,implicit,scene,bath_preparation,厨房,kitchen_bath.oven,烤箱,kitchen_bath,"[{""device_id"":""kitchen_bath.water_heater"",""action"":""turn_on"",""parameters"":{}},{""device_id"":""light.bathroom"",""action"":""turn_on"",""parameters"":{}},{""device_id"":""kitchen_bath.bath_heater"",""action"":""turn_on"",""parameters"":{}}]",train,synthetic_template_v1,contains_no_real_user_data
SHC-0803,我要开始炒菜，按平时的习惯来,implicit,scene,cooking_mode,厨房,kitchen_bath.microwave,微波炉,kitchen_bath,"[{""device_id"":""light.kitchen"",""action"":""turn_on"",""parameters"":{}},{""device_id"":""kitchen_bath.range_hood"",""action"":""turn_on"",""parameters"":{}}]",train,synthetic_template_v1,contains_no_real_user_data
SHC-0804,下班了想先沐浴，有点不舒服,implicit,sensation,bath_preparation,厨房,kitchen_bath.coffee,咖啡机,kitchen_bath,"[{""device_id"":""kitchen_bath.water_heater"",""action"":""turn_on"",""parameters"":{}},{""device_id"":""light.bathroom"",""action"":""turn_on"",""parameters"":{}},{""device_id"":""kitchen_bath.bath_heater"",""action"":""turn_on"",""parameters"":{}}]",train,synthetic_template_v1,contains_no_real_user_data
SHC-0805,晚餐时间到了，能改善一下吗,implicit,sensation,cooking_mode,卫生间,kitchen_bath.bath_heater,浴霸,kitchen_bath,"[{""device_id"":""light.kitchen"",""action"":""turn_on"",""parameters"":{}},{""device_id"":""kitchen_bath.range_hood"",""action"":""turn_on"",""parameters"":{}}]",train,synthetic_template_v1,contains_no_real_user_data
SHC-0806,我要洗澡了，按平时的习惯来,implicit,scene,bath_preparation,厨房,kitchen_bath.water_valve,厨房水阀,kitchen_bath,"[{""device_id"":""kitchen_bath.water_heater"",""action"":""turn_on"",""parameters"":{}},{""device_id"":""light.bathroom"",""action"":""turn_on"",""parameters"":{}},{""device_id"":""kitchen_bath.bath_heater"",""action"":""turn_on"",""parameters"":{}}]",train,synthetic_template_v1,contains_no_real_user_data
SHC-0807,准备做饭了，有点不舒服,implicit,sensation,cooking_mode,卫生间,kitchen_bath.exhaust,卫生间排风扇,kitchen_bath,"[{""device_id"":""light.kitchen"",""action"":""turn_on"",""parameters"":{}},{""device_id"":""kitchen_bath.range_hood"",""action"":""turn_on"",""parameters"":{}}]",train,synthetic_template_v1,contains_no_real_user_data
SHC-0808,准备冲个热水澡，我最近有点感冒,implicit,health,bath_preparation,卫生间,kitchen_bath.water_heater,卫生间热水器,kitchen_bath,"[{""device_id"":""kitchen_bath.water_heater"",""action"":""turn_on"",""parameters"":{}},{""device_id"":""light.bathroom"",""action"":""turn_on"",""parameters"":{}},{""device_id"":""kitchen_bath.bath_heater"",""action"":""turn_on"",""parameters"":{}}]",validation,synthetic_template_v1,contains_no_real_user_data
SHC-0809,我要开始炒菜,implicit,sensation,cooking_mode,厨房,kitchen_bath.range_hood,厨房油烟机,kitchen_bath,"[{""device_id"":""light.kitchen"",""action"":""turn_on"",""parameters"":{}},{""device_id"":""kitchen_bath.range_hood"",""action"":""turn_on"",""parameters"":{}}]",test,synthetic_template_v1,contains_no_real_user_data
SHC-0810,下班了想先沐浴，按平时的习惯来,implicit,scene,bath_preparation,厨房,kitchen_bath.dishwasher,厨房洗碗机,kitchen_bath,"[{""device_id"":""kitchen_bath.water_heater"",""action"":""turn_on"",""parameters"":{}},{""device_id"":""light.bathroom"",""action"":""turn_on"",""parameters"":{}},{""device_id"":""kitchen_bath.bath_heater"",""action"":""turn_on"",""parameters"":{}}]",train,synthetic_template_v1,contains_no_real_user_data
SHC-0811,晚餐时间到了，有点不舒服,implicit,sensation,cooking_mode,厨房,kitchen_bath.water_purifier,厨房净水器,kitchen_bath,"[{""device_id"":""light.kitchen"",""action"":""turn_on"",""parameters"":{}},{""device_id"":""kitchen_bath.range_hood"",""action"":""turn_on"",""parameters"":{}}]",train,synthetic_template_v1,contains_no_real_user_data
SHC-0812,我要洗澡了，能改善一下吗,implicit,sensation,bath_preparation,厨房,kitchen_bath.rice_cooker,电饭煲,kitchen_bath,"[{""device_id"":""kitchen_bath.water_heater"",""action"":""turn_on"",""parameters"":{}},{""device_id"":""light.bathroom"",""action"":""turn_on"",""parameters"":{}},{""device_id"":""kitchen_bath.bath_heater"",""action"":""turn_on"",""parameters"":{}}]",train,synthetic_template_v1,contains_no_real_user_data
SHC-0813,准备做饭了，能改善一下吗,implicit,sensation,cooking_mode,厨房,kitchen_bath.oven,烤箱,kitchen_bath,"[{""device_id"":""light.kitchen"",""action"":""turn_on"",""parameters"":{}},{""device_id"":""kitchen_bath.range_hood"",""action"":""turn_on"",""parameters"":{}}]",train,synthetic_template_v1,contains_no_real_user_data
SHC-0814,准备冲个热水澡，有点不舒服,implicit,sensation,bath_preparation,厨房,kitchen_bath.microwave,微波炉,kitchen_bath,"[{""device_id"":""kitchen_bath.water_heater"",""action"":""turn_on"",""parameters"":{}},{""device_id"":""light.bathroom"",""action"":""turn_on"",""parameters"":{}},{""device_id"":""kitchen_bath.bath_heater"",""action"":""turn_on"",""parameters"":{}}]",train,synthetic_template_v1,contains_no_real_user_data
SHC-0815,我要开始炒菜,implicit,sensation,cooking_mode,厨房,kitchen_bath.coffee,咖啡机,kitchen_bath,"[{""device_id"":""light.kitchen"",""action"":""turn_on"",""parameters"":{}},{""device_id"":""kitchen_bath.range_hood"",""action"":""turn_on"",""parameters"":{}}]",train,synthetic_template_v1,contains_no_real_user_data
SHC-0816,下班了想先沐浴，我最近有点感冒,implicit,health,bath_preparation,卫生间,kitchen_bath.bath_heater,浴霸,kitchen_bath,"[{""device_id"":""kitchen_bath.water_heater"",""action"":""turn_on"",""parameters"":{}},{""device_id"":""light.bathroom"",""action"":""turn_on"",""parameters"":{}},{""device_id"":""kitchen_bath.bath_heater"",""action"":""turn_on"",""parameters"":{}}]",train,synthetic_template_v1,contains_no_real_user_data
SHC-0817,晚餐时间到了，我最近有点感冒,implicit,health,cooking_mode,厨房,kitchen_bath.water_valve,厨房水阀,kitchen_bath,"[{""device_id"":""light.kitchen"",""action"":""turn_on"",""parameters"":{}},{""device_id"":""kitchen_bath.range_hood"",""action"":""turn_on"",""parameters"":{}}]",train,synthetic_template_v1,contains_no_real_user_data
SHC-0818,我要洗澡了，能改善一下吗,implicit,sensation,bath_preparation,卫生间,kitchen_bath.exhaust,卫生间排风扇,kitchen_bath,"[{""device_id"":""kitchen_bath.water_heater"",""action"":""turn_on"",""parameters"":{}},{""device_id"":""light.bathroom"",""action"":""turn_on"",""parameters"":{}},{""device_id"":""kitchen_bath.bath_heater"",""action"":""turn_on"",""parameters"":{}}]",validation,synthetic_template_v1,contains_no_real_user_data
SHC-0819,准备做饭了,implicit,sensation,cooking_mode,卫生间,kitchen_bath.water_heater,卫生间热水器,kitchen_bath,"[{""device_id"":""light.kitchen"",""action"":""turn_on"",""parameters"":{}},{""device_id"":""kitchen_bath.range_hood"",""action"":""turn_on"",""parameters"":{}}]",test,synthetic_template_v1,contains_no_real_user_data
SHC-0820,准备冲个热水澡,implicit,sensation,bath_preparation,厨房,kitchen_bath.range_hood,厨房油烟机,kitchen_bath,"[{""device_id"":""kitchen_bath.water_heater"",""action"":""turn_on"",""parameters"":{}},{""device_id"":""light.bathroom"",""action"":""turn_on"",""parameters"":{}},{""device_id"":""kitchen_bath.bath_heater"",""action"":""turn_on"",""parameters"":{}}]",train,synthetic_template_v1,contains_no_real_user_data
SHC-0821,我要开始炒菜，嗓子不太舒服,implicit,health,cooking_mode,厨房,kitchen_bath.dishwasher,厨房洗碗机,kitchen_bath,"[{""device_id"":""light.kitchen"",""action"":""turn_on"",""parameters"":{}},{""device_id"":""kitchen_bath.range_hood"",""action"":""turn_on"",""parameters"":{}}]",train,synthetic_template_v1,contains_no_real_user_data
SHC-0822,下班了想先沐浴，能改善一下吗,implicit,sensation,bath_preparation,厨房,kitchen_bath.water_purifier,厨房净水器,kitchen_bath,"[{""device_id"":""kitchen_bath.water_heater"",""action"":""turn_on"",""parameters"":{}},{""device_id"":""light.bathroom"",""action"":""turn_on"",""parameters"":{}},{""device_id"":""kitchen_bath.bath_heater"",""action"":""turn_on"",""parameters"":{}}]",train,synthetic_template_v1,contains_no_real_user_data
SHC-0823,晚餐时间到了，按平时的习惯来,implicit,scene,cooking_mode,厨房,kitchen_bath.rice_cooker,电饭煲,kitchen_bath,"[{""device_id"":""light.kitchen"",""action"":""turn_on"",""parameters"":{}},{""device_id"":""kitchen_bath.range_hood"",""action"":""turn_on"",""parameters"":{}}]",train,synthetic_template_v1,contains_no_real_user_data
SHC-0824,我要洗澡了，能改善一下吗,implicit,sensation,bath_preparation,厨房,kitchen_bath.oven,烤箱,kitchen_bath,"[{""device_id"":""kitchen_bath.water_heater"",""action"":""turn_on"",""parameters"":{}},{""device_id"":""light.bathroom"",""action"":""turn_on"",""parameters"":{}},{""device_id"":""kitchen_bath.bath_heater"",""action"":""turn_on"",""parameters"":{}}]",train,synthetic_template_v1,contains_no_real_user_data
SHC-0825,准备做饭了，能改善一下吗,implicit,sensation,cooking_mode,厨房,kitchen_bath.microwave,微波炉,kitchen_bath,"[{""device_id"":""light.kitchen"",""action"":""turn_on"",""parameters"":{}},{""device_id"":""kitchen_bath.range_hood"",""action"":""turn_on"",""parameters"":{}}]",train,synthetic_template_v1,contains_no_real_user_data
SHC-0826,准备冲个热水澡，能改善一下吗,implicit,sensation,bath_preparation,厨房,kitchen_bath.coffee,咖啡机,kitchen_bath,"[{""device_id"":""kitchen_bath.water_heater"",""action"":""turn_on"",""parameters"":{}},{""device_id"":""light.bathroom"",""action"":""turn_on"",""parameters"":{}},{""device_id"":""kitchen_bath.bath_heater"",""action"":""turn_on"",""parameters"":{}}]",train,synthetic_template_v1,contains_no_real_user_data
SHC-0827,我要开始炒菜,implicit,sensation,cooking_mode,卫生间,kitchen_bath.bath_heater,浴霸,kitchen_bath,"[{""device_id"":""light.kitchen"",""action"":""turn_on"",""parameters"":{}},{""device_id"":""kitchen_bath.range_hood"",""action"":""turn_on"",""parameters"":{}}]",train,synthetic_template_v1,contains_no_real_user_data
SHC-0828,下班了想先沐浴，有点不舒服,implicit,sensation,bath_preparation,厨房,kitchen_bath.water_valve,厨房水阀,kitchen_bath,"[{""device_id"":""kitchen_bath.water_heater"",""action"":""turn_on"",""parameters"":{}},{""device_id"":""light.bathroom"",""action"":""turn_on"",""parameters"":{}},{""device_id"":""kitchen_bath.bath_heater"",""action"":""turn_on"",""parameters"":{}}]",validation,synthetic_template_v1,contains_no_real_user_data
SHC-0829,晚餐时间到了,implicit,sensation,cooking_mode,卫生间,kitchen_bath.exhaust,卫生间排风扇,kitchen_bath,"[{""device_id"":""light.kitchen"",""action"":""turn_on"",""parameters"":{}},{""device_id"":""kitchen_bath.range_hood"",""action"":""turn_on"",""parameters"":{}}]",test,synthetic_template_v1,contains_no_real_user_data
SHC-0830,我要洗澡了，能改善一下吗,implicit,sensation,bath_preparation,卫生间,kitchen_bath.water_heater,卫生间热水器,kitchen_bath,"[{""device_id"":""kitchen_bath.water_heater"",""action"":""turn_on"",""parameters"":{}},{""device_id"":""light.bathroom"",""action"":""turn_on"",""parameters"":{}},{""device_id"":""kitchen_bath.bath_heater"",""action"":""turn_on"",""parameters"":{}}]",train,synthetic_template_v1,contains_no_real_user_data
SHC-0831,准备做饭了，现在开始吧,implicit,scene,cooking_mode,厨房,kitchen_bath.range_hood,厨房油烟机,kitchen_bath,"[{""device_id"":""light.kitchen"",""action"":""turn_on"",""parameters"":{}},{""device_id"":""kitchen_bath.range_hood"",""action"":""turn_on"",""parameters"":{}}]",train,synthetic_template_v1,contains_no_real_user_data
SHC-0832,准备冲个热水澡，我最近有点感冒,implicit,health,bath_preparation,厨房,kitchen_bath.dishwasher,厨房洗碗机,kitchen_bath,"[{""device_id"":""kitchen_bath.water_heater"",""action"":""turn_on"",""parameters"":{}},{""device_id"":""light.bathroom"",""action"":""turn_on"",""parameters"":{}},{""device_id"":""kitchen_bath.bath_heater"",""action"":""turn_on"",""parameters"":{}}]",train,synthetic_template_v1,contains_no_real_user_data
SHC-0833,我要开始炒菜，能改善一下吗,implicit,sensation,cooking_mode,厨房,kitchen_bath.water_purifier,厨房净水器,kitchen_bath,"[{""device_id"":""light.kitchen"",""action"":""turn_on"",""parameters"":{}},{""device_id"":""kitchen_bath.range_hood"",""action"":""turn_on"",""parameters"":{}}]",train,synthetic_template_v1,contains_no_real_user_data
SHC-0834,下班了想先沐浴，按平时的习惯来,implicit,scene,bath_preparation,厨房,kitchen_bath.rice_cooker,电饭煲,kitchen_bath,"[{""device_id"":""kitchen_bath.water_heater"",""action"":""turn_on"",""parameters"":{}},{""device_id"":""light.bathroom"",""action"":""turn_on"",""parameters"":{}},{""device_id"":""kitchen_bath.bath_heater"",""action"":""turn_on"",""parameters"":{}}]",train,synthetic_template_v1,contains_no_real_user_data
SHC-0835,晚餐时间到了，现在开始吧,implicit,scene,cooking_mode,厨房,kitchen_bath.oven,烤箱,kitchen_bath,"[{""device_id"":""light.kitchen"",""action"":""turn_on"",""parameters"":{}},{""device_id"":""kitchen_bath.range_hood"",""action"":""turn_on"",""parameters"":{}}]",train,synthetic_template_v1,contains_no_real_user_data
SHC-0836,我要洗澡了，嗓子不太舒服,implicit,health,bath_preparation,厨房,kitchen_bath.microwave,微波炉,kitchen_bath,"[{""device_id"":""kitchen_bath.water_heater"",""action"":""turn_on"",""parameters"":{}},{""device_id"":""light.bathroom"",""action"":""turn_on"",""parameters"":{}},{""device_id"":""kitchen_bath.bath_heater"",""action"":""turn_on"",""parameters"":{}}]",train,synthetic_template_v1,contains_no_real_user_data
SHC-0837,准备做饭了，我最近有点感冒,implicit,health,cooking_mode,厨房,kitchen_bath.coffee,咖啡机,kitchen_bath,"[{""device_id"":""light.kitchen"",""action"":""turn_on"",""parameters"":{}},{""device_id"":""kitchen_bath.range_hood"",""action"":""turn_on"",""parameters"":{}}]",train,synthetic_template_v1,contains_no_real_user_data
SHC-0838,准备冲个热水澡,implicit,sensation,bath_preparation,卫生间,kitchen_bath.bath_heater,浴霸,kitchen_bath,"[{""device_id"":""kitchen_bath.water_heater"",""action"":""turn_on"",""parameters"":{}},{""device_id"":""light.bathroom"",""action"":""turn_on"",""parameters"":{}},{""device_id"":""kitchen_bath.bath_heater"",""action"":""turn_on"",""parameters"":{}}]",validation,synthetic_template_v1,contains_no_real_user_data
SHC-0839,我要开始炒菜，家里有老人,implicit,health,cooking_mode,厨房,kitchen_bath.water_valve,厨房水阀,kitchen_bath,"[{""device_id"":""light.kitchen"",""action"":""turn_on"",""parameters"":{}},{""device_id"":""kitchen_bath.range_hood"",""action"":""turn_on"",""parameters"":{}}]",test,synthetic_template_v1,contains_no_real_user_data
SHC-0840,下班了想先沐浴，嗓子不太舒服,implicit,health,bath_preparation,卫生间,kitchen_bath.exhaust,卫生间排风扇,kitchen_bath,"[{""device_id"":""kitchen_bath.water_heater"",""action"":""turn_on"",""parameters"":{}},{""device_id"":""light.bathroom"",""action"":""turn_on"",""parameters"":{}},{""device_id"":""kitchen_bath.bath_heater"",""action"":""turn_on"",""parameters"":{}}]",train,synthetic_template_v1,contains_no_real_user_data
SHC-0841,晚餐时间到了，现在开始吧,implicit,scene,cooking_mode,卫生间,kitchen_bath.water_heater,卫生间热水器,kitchen_bath,"[{""device_id"":""light.kitchen"",""action"":""turn_on"",""parameters"":{}},{""device_id"":""kitchen_bath.range_hood"",""action"":""turn_on"",""parameters"":{}}]",train,synthetic_template_v1,contains_no_real_user_data
SHC-0842,我要洗澡了，能改善一下吗,implicit,sensation,bath_preparation,厨房,kitchen_bath.range_hood,厨房油烟机,kitchen_bath,"[{""device_id"":""kitchen_bath.water_heater"",""action"":""turn_on"",""parameters"":{}},{""device_id"":""light.bathroom"",""action"":""turn_on"",""parameters"":{}},{""device_id"":""kitchen_bath.bath_heater"",""action"":""turn_on"",""parameters"":{}}]",train,synthetic_template_v1,contains_no_real_user_data
SHC-0843,准备做饭了,implicit,sensation,cooking_mode,厨房,kitchen_bath.dishwasher,厨房洗碗机,kitchen_bath,"[{""device_id"":""light.kitchen"",""action"":""turn_on"",""parameters"":{}},{""device_id"":""kitchen_bath.range_hood"",""action"":""turn_on"",""parameters"":{}}]",train,synthetic_template_v1,contains_no_real_user_data
SHC-0844,准备冲个热水澡，能改善一下吗,implicit,sensation,bath_preparation,厨房,kitchen_bath.water_purifier,厨房净水器,kitchen_bath,"[{""device_id"":""kitchen_bath.water_heater"",""action"":""turn_on"",""parameters"":{}},{""device_id"":""light.bathroom"",""action"":""turn_on"",""parameters"":{}},{""device_id"":""kitchen_bath.bath_heater"",""action"":""turn_on"",""parameters"":{}}]",train,synthetic_template_v1,contains_no_real_user_data
SHC-0845,我要开始炒菜,implicit,sensation,cooking_mode,厨房,kitchen_bath.rice_cooker,电饭煲,kitchen_bath,"[{""device_id"":""light.kitchen"",""action"":""turn_on"",""parameters"":{}},{""device_id"":""kitchen_bath.range_hood"",""action"":""turn_on"",""parameters"":{}}]",train,synthetic_template_v1,contains_no_real_user_data
SHC-0846,下班了想先沐浴，按平时的习惯来,implicit,scene,bath_preparation,厨房,kitchen_bath.oven,烤箱,kitchen_bath,"[{""device_id"":""kitchen_bath.water_heater"",""action"":""turn_on"",""parameters"":{}},{""device_id"":""light.bathroom"",""action"":""turn_on"",""parameters"":{}},{""device_id"":""kitchen_bath.bath_heater"",""action"":""turn_on"",""parameters"":{}}]",train,synthetic_template_v1,contains_no_real_user_data
SHC-0847,晚餐时间到了，我最近有点感冒,implicit,health,cooking_mode,厨房,kitchen_bath.microwave,微波炉,kitchen_bath,"[{""device_id"":""light.kitchen"",""action"":""turn_on"",""parameters"":{}},{""device_id"":""kitchen_bath.range_hood"",""action"":""turn_on"",""parameters"":{}}]",train,synthetic_template_v1,contains_no_real_user_data
SHC-0848,我要洗澡了，嗓子不太舒服,implicit,health,bath_preparation,厨房,kitchen_bath.coffee,咖啡机,kitchen_bath,"[{""device_id"":""kitchen_bath.water_heater"",""action"":""turn_on"",""parameters"":{}},{""device_id"":""light.bathroom"",""action"":""turn_on"",""parameters"":{}},{""device_id"":""kitchen_bath.bath_heater"",""action"":""turn_on"",""parameters"":{}}]",validation,synthetic_template_v1,contains_no_real_user_data
SHC-0849,准备做饭了，家里有老人,implicit,health,cooking_mode,卫生间,kitchen_bath.bath_heater,浴霸,kitchen_bath,"[{""device_id"":""light.kitchen"",""action"":""turn_on"",""parameters"":{}},{""device_id"":""kitchen_bath.range_hood"",""action"":""turn_on"",""parameters"":{}}]",test,synthetic_template_v1,contains_no_real_user_data
SHC-0850,准备冲个热水澡，按平时的习惯来,implicit,scene,bath_preparation,厨房,kitchen_bath.water_valve,厨房水阀,kitchen_bath,"[{""device_id"":""kitchen_bath.water_heater"",""action"":""turn_on"",""parameters"":{}},{""device_id"":""light.bathroom"",""action"":""turn_on"",""parameters"":{}},{""device_id"":""kitchen_bath.bath_heater"",""action"":""turn_on"",""parameters"":{}}]",train,synthetic_template_v1,contains_no_real_user_data
SHC-0851,我要开始炒菜，有点不舒服,implicit,sensation,cooking_mode,卫生间,kitchen_bath.exhaust,卫生间排风扇,kitchen_bath,"[{""device_id"":""light.kitchen"",""action"":""turn_on"",""parameters"":{}},{""device_id"":""kitchen_bath.range_hood"",""action"":""turn_on"",""parameters"":{}}]",train,synthetic_template_v1,contains_no_real_user_data
SHC-0852,下班了想先沐浴，帮我准备一下,implicit,scene,bath_preparation,卫生间,kitchen_bath.water_heater,卫生间热水器,kitchen_bath,"[{""device_id"":""kitchen_bath.water_heater"",""action"":""turn_on"",""parameters"":{}},{""device_id"":""light.bathroom"",""action"":""turn_on"",""parameters"":{}},{""device_id"":""kitchen_bath.bath_heater"",""action"":""turn_on"",""parameters"":{}}]",train,synthetic_template_v1,contains_no_real_user_data
SHC-0853,晚餐时间到了，家里有老人,implicit,health,cooking_mode,厨房,kitchen_bath.range_hood,厨房油烟机,kitchen_bath,"[{""device_id"":""light.kitchen"",""action"":""turn_on"",""parameters"":{}},{""device_id"":""kitchen_bath.range_hood"",""action"":""turn_on"",""parameters"":{}}]",train,synthetic_template_v1,contains_no_real_user_data
SHC-0854,我要洗澡了,implicit,sensation,bath_preparation,厨房,kitchen_bath.dishwasher,厨房洗碗机,kitchen_bath,"[{""device_id"":""kitchen_bath.water_heater"",""action"":""turn_on"",""parameters"":{}},{""device_id"":""light.bathroom"",""action"":""turn_on"",""parameters"":{}},{""device_id"":""kitchen_bath.bath_heater"",""action"":""turn_on"",""parameters"":{}}]",train,synthetic_template_v1,contains_no_real_user_data
SHC-0855,准备做饭了，有点不舒服,implicit,sensation,cooking_mode,厨房,kitchen_bath.water_purifier,厨房净水器,kitchen_bath,"[{""device_id"":""light.kitchen"",""action"":""turn_on"",""parameters"":{}},{""device_id"":""kitchen_bath.range_hood"",""action"":""turn_on"",""parameters"":{}}]",train,synthetic_template_v1,contains_no_real_user_data
SHC-0856,准备冲个热水澡，按平时的习惯来,implicit,scene,bath_preparation,厨房,kitchen_bath.rice_cooker,电饭煲,kitchen_bath,"[{""device_id"":""kitchen_bath.water_heater"",""action"":""turn_on"",""parameters"":{}},{""device_id"":""light.bathroom"",""action"":""turn_on"",""parameters"":{}},{""device_id"":""kitchen_bath.bath_heater"",""action"":""turn_on"",""parameters"":{}}]",train,synthetic_template_v1,contains_no_real_user_data
SHC-0857,我要开始炒菜，有点不舒服,implicit,sensation,cooking_mode,厨房,kitchen_bath.oven,烤箱,kitchen_bath,"[{""device_id"":""light.kitchen"",""action"":""turn_on"",""parameters"":{}},{""device_id"":""kitchen_bath.range_hood"",""action"":""turn_on"",""parameters"":{}}]",train,synthetic_template_v1,contains_no_real_user_data
SHC-0858,下班了想先沐浴，能改善一下吗,implicit,sensation,bath_preparation,厨房,kitchen_bath.microwave,微波炉,kitchen_bath,"[{""device_id"":""kitchen_bath.water_heater"",""action"":""turn_on"",""parameters"":{}},{""device_id"":""light.bathroom"",""action"":""turn_on"",""parameters"":{}},{""device_id"":""kitchen_bath.bath_heater"",""action"":""turn_on"",""parameters"":{}}]",validation,synthetic_template_v1,contains_no_real_user_data
SHC-0859,晚餐时间到了，能改善一下吗,implicit,sensation,cooking_mode,厨房,kitchen_bath.coffee,咖啡机,kitchen_bath,"[{""device_id"":""light.kitchen"",""action"":""turn_on"",""parameters"":{}},{""device_id"":""kitchen_bath.range_hood"",""action"":""turn_on"",""parameters"":{}}]",test,synthetic_template_v1,contains_no_real_user_data
SHC-0860,我要洗澡了，现在开始吧,implicit,scene,bath_preparation,卫生间,kitchen_bath.bath_heater,浴霸,kitchen_bath,"[{""device_id"":""kitchen_bath.water_heater"",""action"":""turn_on"",""parameters"":{}},{""device_id"":""light.bathroom"",""action"":""turn_on"",""parameters"":{}},{""device_id"":""kitchen_bath.bath_heater"",""action"":""turn_on"",""parameters"":{}}]",train,synthetic_template_v1,contains_no_real_user_data
SHC-0861,准备做饭了，能改善一下吗,implicit,sensation,cooking_mode,厨房,kitchen_bath.water_valve,厨房水阀,kitchen_bath,"[{""device_id"":""light.kitchen"",""action"":""turn_on"",""parameters"":{}},{""device_id"":""kitchen_bath.range_hood"",""action"":""turn_on"",""parameters"":{}}]",train,synthetic_template_v1,contains_no_real_user_data
SHC-0862,准备冲个热水澡，能改善一下吗,implicit,sensation,bath_preparation,卫生间,kitchen_bath.exhaust,卫生间排风扇,kitchen_bath,"[{""device_id"":""kitchen_bath.water_heater"",""action"":""turn_on"",""parameters"":{}},{""device_id"":""light.bathroom"",""action"":""turn_on"",""parameters"":{}},{""device_id"":""kitchen_bath.bath_heater"",""action"":""turn_on"",""parameters"":{}}]",train,synthetic_template_v1,contains_no_real_user_data
SHC-0863,我要开始炒菜，帮我准备一下,implicit,scene,cooking_mode,卫生间,kitchen_bath.water_heater,卫生间热水器,kitchen_bath,"[{""device_id"":""light.kitchen"",""action"":""turn_on"",""parameters"":{}},{""device_id"":""kitchen_bath.range_hood"",""action"":""turn_on"",""parameters"":{}}]",train,synthetic_template_v1,contains_no_real_user_data
SHC-0864,下班了想先沐浴，嗓子不太舒服,implicit,health,bath_preparation,厨房,kitchen_bath.range_hood,厨房油烟机,kitchen_bath,"[{""device_id"":""kitchen_bath.water_heater"",""action"":""turn_on"",""parameters"":{}},{""device_id"":""light.bathroom"",""action"":""turn_on"",""parameters"":{}},{""device_id"":""kitchen_bath.bath_heater"",""action"":""turn_on"",""parameters"":{}}]",train,synthetic_template_v1,contains_no_real_user_data
SHC-0865,晚餐时间到了，能改善一下吗,implicit,sensation,cooking_mode,厨房,kitchen_bath.dishwasher,厨房洗碗机,kitchen_bath,"[{""device_id"":""light.kitchen"",""action"":""turn_on"",""parameters"":{}},{""device_id"":""kitchen_bath.range_hood"",""action"":""turn_on"",""parameters"":{}}]",train,synthetic_template_v1,contains_no_real_user_data
SHC-0866,我要洗澡了，我最近有点感冒,implicit,health,bath_preparation,厨房,kitchen_bath.water_purifier,厨房净水器,kitchen_bath,"[{""device_id"":""kitchen_bath.water_heater"",""action"":""turn_on"",""parameters"":{}},{""device_id"":""light.bathroom"",""action"":""turn_on"",""parameters"":{}},{""device_id"":""kitchen_bath.bath_heater"",""action"":""turn_on"",""parameters"":{}}]",train,synthetic_template_v1,contains_no_real_user_data
SHC-0867,准备做饭了，帮我准备一下,implicit,scene,cooking_mode,厨房,kitchen_bath.rice_cooker,电饭煲,kitchen_bath,"[{""device_id"":""light.kitchen"",""action"":""turn_on"",""parameters"":{}},{""device_id"":""kitchen_bath.range_hood"",""action"":""turn_on"",""parameters"":{}}]",train,synthetic_template_v1,contains_no_real_user_data
SHC-0868,准备冲个热水澡,implicit,sensation,bath_preparation,厨房,kitchen_bath.oven,烤箱,kitchen_bath,"[{""device_id"":""kitchen_bath.water_heater"",""action"":""turn_on"",""parameters"":{}},{""device_id"":""light.bathroom"",""action"":""turn_on"",""parameters"":{}},{""device_id"":""kitchen_bath.bath_heater"",""action"":""turn_on"",""parameters"":{}}]",validation,synthetic_template_v1,contains_no_real_user_data
SHC-0869,我要开始炒菜，现在开始吧,implicit,scene,cooking_mode,厨房,kitchen_bath.microwave,微波炉,kitchen_bath,"[{""device_id"":""light.kitchen"",""action"":""turn_on"",""parameters"":{}},{""device_id"":""kitchen_bath.range_hood"",""action"":""turn_on"",""parameters"":{}}]",test,synthetic_template_v1,contains_no_real_user_data
SHC-0870,下班了想先沐浴,implicit,sensation,bath_preparation,厨房,kitchen_bath.coffee,咖啡机,kitchen_bath,"[{""device_id"":""kitchen_bath.water_heater"",""action"":""turn_on"",""parameters"":{}},{""device_id"":""light.bathroom"",""action"":""turn_on"",""parameters"":{}},{""device_id"":""kitchen_bath.bath_heater"",""action"":""turn_on"",""parameters"":{}}]",train,synthetic_template_v1,contains_no_real_user_data
SHC-0871,晚餐时间到了，现在开始吧,implicit,scene,cooking_mode,卫生间,kitchen_bath.bath_heater,浴霸,kitchen_bath,"[{""device_id"":""light.kitchen"",""action"":""turn_on"",""parameters"":{}},{""device_id"":""kitchen_bath.range_hood"",""action"":""turn_on"",""parameters"":{}}]",train,synthetic_template_v1,contains_no_real_user_data
SHC-0872,我要洗澡了，有点不舒服,implicit,sensation,bath_preparation,厨房,kitchen_bath.water_valve,厨房水阀,kitchen_bath,"[{""device_id"":""kitchen_bath.water_heater"",""action"":""turn_on"",""parameters"":{}},{""device_id"":""light.bathroom"",""action"":""turn_on"",""parameters"":{}},{""device_id"":""kitchen_bath.bath_heater"",""action"":""turn_on"",""parameters"":{}}]",train,synthetic_template_v1,contains_no_real_user_data
SHC-0873,准备做饭了，帮我准备一下,implicit,scene,cooking_mode,卫生间,kitchen_bath.exhaust,卫生间排风扇,kitchen_bath,"[{""device_id"":""light.kitchen"",""action"":""turn_on"",""parameters"":{}},{""device_id"":""kitchen_bath.range_hood"",""action"":""turn_on"",""parameters"":{}}]",train,synthetic_template_v1,contains_no_real_user_data
SHC-0874,准备冲个热水澡，按平时的习惯来,implicit,scene,bath_preparation,卫生间,kitchen_bath.water_heater,卫生间热水器,kitchen_bath,"[{""device_id"":""kitchen_bath.water_heater"",""action"":""turn_on"",""parameters"":{}},{""device_id"":""light.bathroom"",""action"":""turn_on"",""parameters"":{}},{""device_id"":""kitchen_bath.bath_heater"",""action"":""turn_on"",""parameters"":{}}]",train,synthetic_template_v1,contains_no_real_user_data
SHC-0875,我要开始炒菜，现在开始吧,implicit,scene,cooking_mode,厨房,kitchen_bath.range_hood,厨房油烟机,kitchen_bath,"[{""device_id"":""light.kitchen"",""action"":""turn_on"",""parameters"":{}},{""device_id"":""kitchen_bath.range_hood"",""action"":""turn_on"",""parameters"":{}}]",train,synthetic_template_v1,contains_no_real_user_data
SHC-0876,下班了想先沐浴，家里有老人,implicit,health,bath_preparation,厨房,kitchen_bath.dishwasher,厨房洗碗机,kitchen_bath,"[{""device_id"":""kitchen_bath.water_heater"",""action"":""turn_on"",""parameters"":{}},{""device_id"":""light.bathroom"",""action"":""turn_on"",""parameters"":{}},{""device_id"":""kitchen_bath.bath_heater"",""action"":""turn_on"",""parameters"":{}}]",train,synthetic_template_v1,contains_no_real_user_data
SHC-0877,晚餐时间到了，能改善一下吗,implicit,sensation,cooking_mode,厨房,kitchen_bath.water_purifier,厨房净水器,kitchen_bath,"[{""device_id"":""light.kitchen"",""action"":""turn_on"",""parameters"":{}},{""device_id"":""kitchen_bath.range_hood"",""action"":""turn_on"",""parameters"":{}}]",train,synthetic_template_v1,contains_no_real_user_data
SHC-0878,我要洗澡了，我最近有点感冒,implicit,health,bath_preparation,厨房,kitchen_bath.rice_cooker,电饭煲,kitchen_bath,"[{""device_id"":""kitchen_bath.water_heater"",""action"":""turn_on"",""parameters"":{}},{""device_id"":""light.bathroom"",""action"":""turn_on"",""parameters"":{}},{""device_id"":""kitchen_bath.bath_heater"",""action"":""turn_on"",""parameters"":{}}]",validation,synthetic_template_v1,contains_no_real_user_data
SHC-0879,准备做饭了,implicit,sensation,cooking_mode,厨房,kitchen_bath.oven,烤箱,kitchen_bath,"[{""device_id"":""light.kitchen"",""action"":""turn_on"",""parameters"":{}},{""device_id"":""kitchen_bath.range_hood"",""action"":""turn_on"",""parameters"":{}}]",test,synthetic_template_v1,contains_no_real_user_data
SHC-0880,准备冲个热水澡,implicit,sensation,bath_preparation,厨房,kitchen_bath.microwave,微波炉,kitchen_bath,"[{""device_id"":""kitchen_bath.water_heater"",""action"":""turn_on"",""parameters"":{}},{""device_id"":""light.bathroom"",""action"":""turn_on"",""parameters"":{}},{""device_id"":""kitchen_bath.bath_heater"",""action"":""turn_on"",""parameters"":{}}]",train,synthetic_template_v1,contains_no_real_user_data
SHC-0881,我要开始炒菜,implicit,sensation,cooking_mode,厨房,kitchen_bath.coffee,咖啡机,kitchen_bath,"[{""device_id"":""light.kitchen"",""action"":""turn_on"",""parameters"":{}},{""device_id"":""kitchen_bath.range_hood"",""action"":""turn_on"",""parameters"":{}}]",train,synthetic_template_v1,contains_no_real_user_data
SHC-0882,下班了想先沐浴，帮我准备一下,implicit,scene,bath_preparation,卫生间,kitchen_bath.bath_heater,浴霸,kitchen_bath,"[{""device_id"":""kitchen_bath.water_heater"",""action"":""turn_on"",""parameters"":{}},{""device_id"":""light.bathroom"",""action"":""turn_on"",""parameters"":{}},{""device_id"":""kitchen_bath.bath_heater"",""action"":""turn_on"",""parameters"":{}}]",train,synthetic_template_v1,contains_no_real_user_data
SHC-0883,晚餐时间到了，帮我准备一下,implicit,scene,cooking_mode,厨房,kitchen_bath.water_valve,厨房水阀,kitchen_bath,"[{""device_id"":""light.kitchen"",""action"":""turn_on"",""parameters"":{}},{""device_id"":""kitchen_bath.range_hood"",""action"":""turn_on"",""parameters"":{}}]",train,synthetic_template_v1,contains_no_real_user_data
SHC-0884,我要洗澡了，按平时的习惯来,implicit,scene,bath_preparation,卫生间,kitchen_bath.exhaust,卫生间排风扇,kitchen_bath,"[{""device_id"":""kitchen_bath.water_heater"",""action"":""turn_on"",""parameters"":{}},{""device_id"":""light.bathroom"",""action"":""turn_on"",""parameters"":{}},{""device_id"":""kitchen_bath.bath_heater"",""action"":""turn_on"",""parameters"":{}}]",train,synthetic_template_v1,contains_no_real_user_data
SHC-0885,准备做饭了,implicit,sensation,cooking_mode,卫生间,kitchen_bath.water_heater,卫生间热水器,kitchen_bath,"[{""device_id"":""light.kitchen"",""action"":""turn_on"",""parameters"":{}},{""device_id"":""kitchen_bath.range_hood"",""action"":""turn_on"",""parameters"":{}}]",train,synthetic_template_v1,contains_no_real_user_data
SHC-0886,今天好热，有点不舒服,implicit,sensation,cool_down,客厅,climate.living_ac,客厅空调,climate,"[{""device_id"":""climate.living_ac"",""action"":""set_temperature"",""parameters"":{""temperature"":24}}]",train,synthetic_template_v1,contains_no_real_user_data
SHC-0887,我好冷，有点不舒服,implicit,sensation,warm_up,主卧,climate.bedroom_ac,主卧空调,climate,"[{""device_id"":""climate.living_ac"",""action"":""set_temperature"",""parameters"":{""temperature"":27}}]",train,synthetic_template_v1,contains_no_real_user_data
SHC-0888,屋里有点闷热，帮我准备一下,implicit,scene,cool_down,次卧,climate.second_ac,次卧空调,climate,"[{""device_id"":""climate.living_ac"",""action"":""set_temperature"",""parameters"":{""temperature"":24}}]",validation,synthetic_template_v1,contains_no_real_user_data
SHC-0889,屋里冷飕飕的,implicit,sensation,warm_up,全屋,climate.fresh_air,新风系统,climate,"[{""device_id"":""climate.living_ac"",""action"":""set_temperature"",""parameters"":{""temperature"":27}}]",test,synthetic_template_v1,contains_no_real_user_data
SHC-0890,想凉快一点，按平时的习惯来,implicit,scene,cool_down,客厅,climate.living_ac,客厅空调,climate,"[{""device_id"":""climate.living_ac"",""action"":""set_temperature"",""parameters"":{""temperature"":24}}]",train,synthetic_template_v1,contains_no_real_user_data
SHC-0891,想暖和一点，帮我准备一下,implicit,scene,warm_up,主卧,climate.bedroom_ac,主卧空调,climate,"[{""device_id"":""climate.living_ac"",""action"":""set_temperature"",""parameters"":{""temperature"":27}}]",train,synthetic_template_v1,contains_no_real_user_data
SHC-0892,今天好热，有点不舒服,implicit,sensation,cool_down,次卧,climate.second_ac,次卧空调,climate,"[{""device_id"":""climate.living_ac"",""action"":""set_temperature"",""parameters"":{""temperature"":24}}]",train,synthetic_template_v1,contains_no_real_user_data
SHC-0893,我好冷，按平时的习惯来,implicit,scene,warm_up,全屋,climate.fresh_air,新风系统,climate,"[{""device_id"":""climate.living_ac"",""action"":""set_temperature"",""parameters"":{""temperature"":27}}]",train,synthetic_template_v1,contains_no_real_user_data
SHC-0894,屋里有点闷热，能改善一下吗,implicit,sensation,cool_down,客厅,climate.living_ac,客厅空调,climate,"[{""device_id"":""climate.living_ac"",""action"":""set_temperature"",""parameters"":{""temperature"":24}}]",train,synthetic_template_v1,contains_no_real_user_data
SHC-0895,屋里冷飕飕的，按平时的习惯来,implicit,scene,warm_up,主卧,climate.bedroom_ac,主卧空调,climate,"[{""device_id"":""climate.living_ac"",""action"":""set_temperature"",""parameters"":{""temperature"":27}}]",train,synthetic_template_v1,contains_no_real_user_data
SHC-0896,想凉快一点,implicit,sensation,cool_down,次卧,climate.second_ac,次卧空调,climate,"[{""device_id"":""climate.living_ac"",""action"":""set_temperature"",""parameters"":{""temperature"":24}}]",train,synthetic_template_v1,contains_no_real_user_data
SHC-0897,想暖和一点，按平时的习惯来,implicit,scene,warm_up,全屋,climate.fresh_air,新风系统,climate,"[{""device_id"":""climate.living_ac"",""action"":""set_temperature"",""parameters"":{""temperature"":27}}]",train,synthetic_template_v1,contains_no_real_user_data
SHC-0898,今天好热，帮我准备一下,implicit,scene,cool_down,客厅,climate.living_ac,客厅空调,climate,"[{""device_id"":""climate.living_ac"",""action"":""set_temperature"",""parameters"":{""temperature"":24}}]",validation,synthetic_template_v1,contains_no_real_user_data
SHC-0899,我好冷,implicit,sensation,warm_up,主卧,climate.bedroom_ac,主卧空调,climate,"[{""device_id"":""climate.living_ac"",""action"":""set_temperature"",""parameters"":{""temperature"":27}}]",test,synthetic_template_v1,contains_no_real_user_data
SHC-0900,屋里有点闷热，现在开始吧,implicit,scene,cool_down,次卧,climate.second_ac,次卧空调,climate,"[{""device_id"":""climate.living_ac"",""action"":""set_temperature"",""parameters"":{""temperature"":24}}]",train,synthetic_template_v1,contains_no_real_user_data
SHC-0901,屋里冷飕飕的，按平时的习惯来,implicit,scene,warm_up,全屋,climate.fresh_air,新风系统,climate,"[{""device_id"":""climate.living_ac"",""action"":""set_temperature"",""parameters"":{""temperature"":27}}]",train,synthetic_template_v1,contains_no_real_user_data
SHC-0902,想凉快一点，现在开始吧,implicit,scene,cool_down,客厅,climate.living_ac,客厅空调,climate,"[{""device_id"":""climate.living_ac"",""action"":""set_temperature"",""parameters"":{""temperature"":24}}]",train,synthetic_template_v1,contains_no_real_user_data
SHC-0903,想暖和一点，按平时的习惯来,implicit,scene,warm_up,主卧,climate.bedroom_ac,主卧空调,climate,"[{""device_id"":""climate.living_ac"",""action"":""set_temperature"",""parameters"":{""temperature"":27}}]",train,synthetic_template_v1,contains_no_real_user_data
SHC-0904,今天好热,implicit,sensation,cool_down,次卧,climate.second_ac,次卧空调,climate,"[{""device_id"":""climate.living_ac"",""action"":""set_temperature"",""parameters"":{""temperature"":24}}]",train,synthetic_template_v1,contains_no_real_user_data
SHC-0905,我好冷,implicit,sensation,warm_up,全屋,climate.fresh_air,新风系统,climate,"[{""device_id"":""climate.living_ac"",""action"":""set_temperature"",""parameters"":{""temperature"":27}}]",train,synthetic_template_v1,contains_no_real_user_data
SHC-0906,屋里有点闷热，帮我准备一下,implicit,scene,cool_down,客厅,climate.living_ac,客厅空调,climate,"[{""device_id"":""climate.living_ac"",""action"":""set_temperature"",""parameters"":{""temperature"":24}}]",train,synthetic_template_v1,contains_no_real_user_data
SHC-0907,屋里冷飕飕的，现在开始吧,implicit,scene,warm_up,主卧,climate.bedroom_ac,主卧空调,climate,"[{""device_id"":""climate.living_ac"",""action"":""set_temperature"",""parameters"":{""temperature"":27}}]",train,synthetic_template_v1,contains_no_real_user_data
SHC-0908,想凉快一点，按平时的习惯来,implicit,scene,cool_down,次卧,climate.second_ac,次卧空调,climate,"[{""device_id"":""climate.living_ac"",""action"":""set_temperature"",""parameters"":{""temperature"":24}}]",validation,synthetic_template_v1,contains_no_real_user_data
SHC-0909,想暖和一点，帮我准备一下,implicit,scene,warm_up,全屋,climate.fresh_air,新风系统,climate,"[{""device_id"":""climate.living_ac"",""action"":""set_temperature"",""parameters"":{""temperature"":27}}]",test,synthetic_template_v1,contains_no_real_user_data
SHC-0910,今天好热，按平时的习惯来,implicit,scene,cool_down,客厅,climate.living_ac,客厅空调,climate,"[{""device_id"":""climate.living_ac"",""action"":""set_temperature"",""parameters"":{""temperature"":24}}]",train,synthetic_template_v1,contains_no_real_user_data
SHC-0911,我好冷，我最近有点感冒,implicit,health,warm_up,主卧,climate.bedroom_ac,主卧空调,climate,"[{""device_id"":""climate.living_ac"",""action"":""set_temperature"",""parameters"":{""temperature"":27}}]",train,synthetic_template_v1,contains_no_real_user_data
SHC-0912,屋里有点闷热，帮我准备一下,implicit,scene,cool_down,次卧,climate.second_ac,次卧空调,climate,"[{""device_id"":""climate.living_ac"",""action"":""set_temperature"",""parameters"":{""temperature"":24}}]",train,synthetic_template_v1,contains_no_real_user_data
SHC-0913,屋里冷飕飕的，按平时的习惯来,implicit,scene,warm_up,全屋,climate.fresh_air,新风系统,climate,"[{""device_id"":""climate.living_ac"",""action"":""set_temperature"",""parameters"":{""temperature"":27}}]",train,synthetic_template_v1,contains_no_real_user_data
SHC-0914,想凉快一点,implicit,sensation,cool_down,客厅,climate.living_ac,客厅空调,climate,"[{""device_id"":""climate.living_ac"",""action"":""set_temperature"",""parameters"":{""temperature"":24}}]",train,synthetic_template_v1,contains_no_real_user_data
SHC-0915,想暖和一点,implicit,sensation,warm_up,主卧,climate.bedroom_ac,主卧空调,climate,"[{""device_id"":""climate.living_ac"",""action"":""set_temperature"",""parameters"":{""temperature"":27}}]",train,synthetic_template_v1,contains_no_real_user_data
SHC-0916,今天好热，有点不舒服,implicit,sensation,cool_down,次卧,climate.second_ac,次卧空调,climate,"[{""device_id"":""climate.living_ac"",""action"":""set_temperature"",""parameters"":{""temperature"":24}}]",train,synthetic_template_v1,contains_no_real_user_data
SHC-0917,我好冷，有点不舒服,implicit,sensation,warm_up,全屋,climate.fresh_air,新风系统,climate,"[{""device_id"":""climate.living_ac"",""action"":""set_temperature"",""parameters"":{""temperature"":27}}]",train,synthetic_template_v1,contains_no_real_user_data
SHC-0918,屋里有点闷热，有点不舒服,implicit,sensation,cool_down,客厅,climate.living_ac,客厅空调,climate,"[{""device_id"":""climate.living_ac"",""action"":""set_temperature"",""parameters"":{""temperature"":24}}]",validation,synthetic_template_v1,contains_no_real_user_data
SHC-0919,屋里冷飕飕的，家里有老人,implicit,health,warm_up,主卧,climate.bedroom_ac,主卧空调,climate,"[{""device_id"":""climate.living_ac"",""action"":""set_temperature"",""parameters"":{""temperature"":27}}]",test,synthetic_template_v1,contains_no_real_user_data
SHC-0920,想凉快一点，有点不舒服,implicit,sensation,cool_down,次卧,climate.second_ac,次卧空调,climate,"[{""device_id"":""climate.living_ac"",""action"":""set_temperature"",""parameters"":{""temperature"":24}}]",train,synthetic_template_v1,contains_no_real_user_data
SHC-0921,想暖和一点，有点不舒服,implicit,sensation,warm_up,全屋,climate.fresh_air,新风系统,climate,"[{""device_id"":""climate.living_ac"",""action"":""set_temperature"",""parameters"":{""temperature"":27}}]",train,synthetic_template_v1,contains_no_real_user_data
SHC-0922,今天好热，按平时的习惯来,implicit,scene,cool_down,客厅,climate.living_ac,客厅空调,climate,"[{""device_id"":""climate.living_ac"",""action"":""set_temperature"",""parameters"":{""temperature"":24}}]",train,synthetic_template_v1,contains_no_real_user_data
SHC-0923,我好冷，能改善一下吗,implicit,sensation,warm_up,主卧,climate.bedroom_ac,主卧空调,climate,"[{""device_id"":""climate.living_ac"",""action"":""set_temperature"",""parameters"":{""temperature"":27}}]",train,synthetic_template_v1,contains_no_real_user_data
SHC-0924,屋里有点闷热，帮我准备一下,implicit,scene,cool_down,次卧,climate.second_ac,次卧空调,climate,"[{""device_id"":""climate.living_ac"",""action"":""set_temperature"",""parameters"":{""temperature"":24}}]",train,synthetic_template_v1,contains_no_real_user_data
SHC-0925,屋里冷飕飕的，我最近有点感冒,implicit,health,warm_up,全屋,climate.fresh_air,新风系统,climate,"[{""device_id"":""climate.living_ac"",""action"":""set_temperature"",""parameters"":{""temperature"":27}}]",train,synthetic_template_v1,contains_no_real_user_data
SHC-0926,想凉快一点，有点不舒服,implicit,sensation,cool_down,客厅,climate.living_ac,客厅空调,climate,"[{""device_id"":""climate.living_ac"",""action"":""set_temperature"",""parameters"":{""temperature"":24}}]",train,synthetic_template_v1,contains_no_real_user_data
SHC-0927,想暖和一点，帮我准备一下,implicit,scene,warm_up,主卧,climate.bedroom_ac,主卧空调,climate,"[{""device_id"":""climate.living_ac"",""action"":""set_temperature"",""parameters"":{""temperature"":27}}]",train,synthetic_template_v1,contains_no_real_user_data
SHC-0928,今天好热，现在开始吧,implicit,scene,cool_down,次卧,climate.second_ac,次卧空调,climate,"[{""device_id"":""climate.living_ac"",""action"":""set_temperature"",""parameters"":{""temperature"":24}}]",validation,synthetic_template_v1,contains_no_real_user_data
SHC-0929,我好冷，帮我准备一下,implicit,scene,warm_up,全屋,climate.fresh_air,新风系统,climate,"[{""device_id"":""climate.living_ac"",""action"":""set_temperature"",""parameters"":{""temperature"":27}}]",test,synthetic_template_v1,contains_no_real_user_data
SHC-0930,屋里有点闷热,implicit,sensation,cool_down,客厅,climate.living_ac,客厅空调,climate,"[{""device_id"":""climate.living_ac"",""action"":""set_temperature"",""parameters"":{""temperature"":24}}]",train,synthetic_template_v1,contains_no_real_user_data
SHC-0931,屋里冷飕飕的,implicit,sensation,warm_up,主卧,climate.bedroom_ac,主卧空调,climate,"[{""device_id"":""climate.living_ac"",""action"":""set_temperature"",""parameters"":{""temperature"":27}}]",train,synthetic_template_v1,contains_no_real_user_data
SHC-0932,想凉快一点，现在开始吧,implicit,scene,cool_down,次卧,climate.second_ac,次卧空调,climate,"[{""device_id"":""climate.living_ac"",""action"":""set_temperature"",""parameters"":{""temperature"":24}}]",train,synthetic_template_v1,contains_no_real_user_data
SHC-0933,想暖和一点，家里有老人,implicit,health,warm_up,全屋,climate.fresh_air,新风系统,climate,"[{""device_id"":""climate.living_ac"",""action"":""set_temperature"",""parameters"":{""temperature"":27}}]",train,synthetic_template_v1,contains_no_real_user_data
SHC-0934,今天好热,implicit,sensation,cool_down,客厅,climate.living_ac,客厅空调,climate,"[{""device_id"":""climate.living_ac"",""action"":""set_temperature"",""parameters"":{""temperature"":24}}]",train,synthetic_template_v1,contains_no_real_user_data
SHC-0935,我好冷，帮我准备一下,implicit,scene,warm_up,主卧,climate.bedroom_ac,主卧空调,climate,"[{""device_id"":""climate.living_ac"",""action"":""set_temperature"",""parameters"":{""temperature"":27}}]",train,synthetic_template_v1,contains_no_real_user_data
SHC-0936,屋里有点闷热，有点不舒服,implicit,sensation,cool_down,次卧,climate.second_ac,次卧空调,climate,"[{""device_id"":""climate.living_ac"",""action"":""set_temperature"",""parameters"":{""temperature"":24}}]",train,synthetic_template_v1,contains_no_real_user_data
SHC-0937,屋里冷飕飕的，能改善一下吗,implicit,sensation,warm_up,全屋,climate.fresh_air,新风系统,climate,"[{""device_id"":""climate.living_ac"",""action"":""set_temperature"",""parameters"":{""temperature"":27}}]",train,synthetic_template_v1,contains_no_real_user_data
SHC-0938,想凉快一点，有点不舒服,implicit,sensation,cool_down,客厅,climate.living_ac,客厅空调,climate,"[{""device_id"":""climate.living_ac"",""action"":""set_temperature"",""parameters"":{""temperature"":24}}]",validation,synthetic_template_v1,contains_no_real_user_data
SHC-0939,想暖和一点，帮我准备一下,implicit,scene,warm_up,主卧,climate.bedroom_ac,主卧空调,climate,"[{""device_id"":""climate.living_ac"",""action"":""set_temperature"",""parameters"":{""temperature"":27}}]",test,synthetic_template_v1,contains_no_real_user_data
SHC-0940,今天好热，能改善一下吗,implicit,sensation,cool_down,次卧,climate.second_ac,次卧空调,climate,"[{""device_id"":""climate.living_ac"",""action"":""set_temperature"",""parameters"":{""temperature"":24}}]",train,synthetic_template_v1,contains_no_real_user_data
SHC-0941,我好冷，按平时的习惯来,implicit,scene,warm_up,全屋,climate.fresh_air,新风系统,climate,"[{""device_id"":""climate.living_ac"",""action"":""set_temperature"",""parameters"":{""temperature"":27}}]",train,synthetic_template_v1,contains_no_real_user_data
SHC-0942,屋里有点闷热，有点不舒服,implicit,sensation,cool_down,客厅,climate.living_ac,客厅空调,climate,"[{""device_id"":""climate.living_ac"",""action"":""set_temperature"",""parameters"":{""temperature"":24}}]",train,synthetic_template_v1,contains_no_real_user_data
SHC-0943,屋里冷飕飕的,implicit,sensation,warm_up,主卧,climate.bedroom_ac,主卧空调,climate,"[{""device_id"":""climate.living_ac"",""action"":""set_temperature"",""parameters"":{""temperature"":27}}]",train,synthetic_template_v1,contains_no_real_user_data
SHC-0944,想凉快一点,implicit,sensation,cool_down,次卧,climate.second_ac,次卧空调,climate,"[{""device_id"":""climate.living_ac"",""action"":""set_temperature"",""parameters"":{""temperature"":24}}]",train,synthetic_template_v1,contains_no_real_user_data
SHC-0945,想暖和一点，现在开始吧,implicit,scene,warm_up,全屋,climate.fresh_air,新风系统,climate,"[{""device_id"":""climate.living_ac"",""action"":""set_temperature"",""parameters"":{""temperature"":27}}]",train,synthetic_template_v1,contains_no_real_user_data
SHC-0946,今天好热，家里有老人,implicit,health,cool_down,客厅,climate.living_ac,客厅空调,climate,"[{""device_id"":""climate.living_ac"",""action"":""set_temperature"",""parameters"":{""temperature"":24}}]",train,synthetic_template_v1,contains_no_real_user_data
SHC-0947,我好冷，能改善一下吗,implicit,sensation,warm_up,主卧,climate.bedroom_ac,主卧空调,climate,"[{""device_id"":""climate.living_ac"",""action"":""set_temperature"",""parameters"":{""temperature"":27}}]",train,synthetic_template_v1,contains_no_real_user_data
SHC-0948,屋里有点闷热,implicit,sensation,cool_down,次卧,climate.second_ac,次卧空调,climate,"[{""device_id"":""climate.living_ac"",""action"":""set_temperature"",""parameters"":{""temperature"":24}}]",validation,synthetic_template_v1,contains_no_real_user_data
SHC-0949,屋里冷飕飕的,implicit,sensation,warm_up,全屋,climate.fresh_air,新风系统,climate,"[{""device_id"":""climate.living_ac"",""action"":""set_temperature"",""parameters"":{""temperature"":27}}]",test,synthetic_template_v1,contains_no_real_user_data
SHC-0950,想凉快一点，能改善一下吗,implicit,sensation,cool_down,客厅,climate.living_ac,客厅空调,climate,"[{""device_id"":""climate.living_ac"",""action"":""set_temperature"",""parameters"":{""temperature"":24}}]",train,synthetic_template_v1,contains_no_real_user_data
SHC-0951,想暖和一点，按平时的习惯来,implicit,scene,warm_up,主卧,climate.bedroom_ac,主卧空调,climate,"[{""device_id"":""climate.living_ac"",""action"":""set_temperature"",""parameters"":{""temperature"":27}}]",train,synthetic_template_v1,contains_no_real_user_data
SHC-0952,今天好热，按平时的习惯来,implicit,scene,cool_down,次卧,climate.second_ac,次卧空调,climate,"[{""device_id"":""climate.living_ac"",""action"":""set_temperature"",""parameters"":{""temperature"":24}}]",train,synthetic_template_v1,contains_no_real_user_data
SHC-0953,我好冷，能改善一下吗,implicit,sensation,warm_up,全屋,climate.fresh_air,新风系统,climate,"[{""device_id"":""climate.living_ac"",""action"":""set_temperature"",""parameters"":{""temperature"":27}}]",train,synthetic_template_v1,contains_no_real_user_data
SHC-0954,屋里有点闷热，按平时的习惯来,implicit,scene,cool_down,客厅,climate.living_ac,客厅空调,climate,"[{""device_id"":""climate.living_ac"",""action"":""set_temperature"",""parameters"":{""temperature"":24}}]",train,synthetic_template_v1,contains_no_real_user_data
SHC-0955,屋里冷飕飕的，帮我准备一下,implicit,scene,warm_up,主卧,climate.bedroom_ac,主卧空调,climate,"[{""device_id"":""climate.living_ac"",""action"":""set_temperature"",""parameters"":{""temperature"":27}}]",train,synthetic_template_v1,contains_no_real_user_data
SHC-0956,想凉快一点，按平时的习惯来,implicit,scene,cool_down,次卧,climate.second_ac,次卧空调,climate,"[{""device_id"":""climate.living_ac"",""action"":""set_temperature"",""parameters"":{""temperature"":24}}]",train,synthetic_template_v1,contains_no_real_user_data
SHC-0957,想暖和一点，能改善一下吗,implicit,sensation,warm_up,全屋,climate.fresh_air,新风系统,climate,"[{""device_id"":""climate.living_ac"",""action"":""set_temperature"",""parameters"":{""temperature"":27}}]",train,synthetic_template_v1,contains_no_real_user_data
SHC-0958,今天好热,implicit,sensation,cool_down,客厅,climate.living_ac,客厅空调,climate,"[{""device_id"":""climate.living_ac"",""action"":""set_temperature"",""parameters"":{""temperature"":24}}]",validation,synthetic_template_v1,contains_no_real_user_data
SHC-0959,我好冷，有点不舒服,implicit,sensation,warm_up,主卧,climate.bedroom_ac,主卧空调,climate,"[{""device_id"":""climate.living_ac"",""action"":""set_temperature"",""parameters"":{""temperature"":27}}]",test,synthetic_template_v1,contains_no_real_user_data
SHC-0960,屋里有点闷热,implicit,sensation,cool_down,次卧,climate.second_ac,次卧空调,climate,"[{""device_id"":""climate.living_ac"",""action"":""set_temperature"",""parameters"":{""temperature"":24}}]",train,synthetic_template_v1,contains_no_real_user_data
SHC-0961,屋里冷飕飕的，现在开始吧,implicit,scene,warm_up,全屋,climate.fresh_air,新风系统,climate,"[{""device_id"":""climate.living_ac"",""action"":""set_temperature"",""parameters"":{""temperature"":27}}]",train,synthetic_template_v1,contains_no_real_user_data
SHC-0962,想凉快一点，嗓子不太舒服,implicit,health,cool_down,客厅,climate.living_ac,客厅空调,climate,"[{""device_id"":""climate.living_ac"",""action"":""set_temperature"",""parameters"":{""temperature"":24}}]",train,synthetic_template_v1,contains_no_real_user_data
SHC-0963,想暖和一点，按平时的习惯来,implicit,scene,warm_up,主卧,climate.bedroom_ac,主卧空调,climate,"[{""device_id"":""climate.living_ac"",""action"":""set_temperature"",""parameters"":{""temperature"":27}}]",train,synthetic_template_v1,contains_no_real_user_data
SHC-0964,今天好热，有点不舒服,implicit,sensation,cool_down,次卧,climate.second_ac,次卧空调,climate,"[{""device_id"":""climate.living_ac"",""action"":""set_temperature"",""parameters"":{""temperature"":24}}]",train,synthetic_template_v1,contains_no_real_user_data
SHC-0965,我好冷，现在开始吧,implicit,scene,warm_up,全屋,climate.fresh_air,新风系统,climate,"[{""device_id"":""climate.living_ac"",""action"":""set_temperature"",""parameters"":{""temperature"":27}}]",train,synthetic_template_v1,contains_no_real_user_data
SHC-0966,屋里有点闷热，能改善一下吗,implicit,sensation,cool_down,客厅,climate.living_ac,客厅空调,climate,"[{""device_id"":""climate.living_ac"",""action"":""set_temperature"",""parameters"":{""temperature"":24}}]",train,synthetic_template_v1,contains_no_real_user_data
SHC-0967,屋里冷飕飕的，有点不舒服,implicit,sensation,warm_up,主卧,climate.bedroom_ac,主卧空调,climate,"[{""device_id"":""climate.living_ac"",""action"":""set_temperature"",""parameters"":{""temperature"":27}}]",train,synthetic_template_v1,contains_no_real_user_data
SHC-0968,想凉快一点，现在开始吧,implicit,scene,cool_down,次卧,climate.second_ac,次卧空调,climate,"[{""device_id"":""climate.living_ac"",""action"":""set_temperature"",""parameters"":{""temperature"":24}}]",validation,synthetic_template_v1,contains_no_real_user_data
SHC-0969,想暖和一点，现在开始吧,implicit,scene,warm_up,全屋,climate.fresh_air,新风系统,climate,"[{""device_id"":""climate.living_ac"",""action"":""set_temperature"",""parameters"":{""temperature"":27}}]",test,synthetic_template_v1,contains_no_real_user_data
SHC-0970,今天好热，能改善一下吗,implicit,sensation,cool_down,客厅,climate.living_ac,客厅空调,climate,"[{""device_id"":""climate.living_ac"",""action"":""set_temperature"",""parameters"":{""temperature"":24}}]",train,synthetic_template_v1,contains_no_real_user_data
SHC-0971,我好冷，现在开始吧,implicit,scene,warm_up,主卧,climate.bedroom_ac,主卧空调,climate,"[{""device_id"":""climate.living_ac"",""action"":""set_temperature"",""parameters"":{""temperature"":27}}]",train,synthetic_template_v1,contains_no_real_user_data
SHC-0972,屋里有点闷热，我最近有点感冒,implicit,health,cool_down,次卧,climate.second_ac,次卧空调,climate,"[{""device_id"":""climate.living_ac"",""action"":""set_temperature"",""parameters"":{""temperature"":24}}]",train,synthetic_template_v1,contains_no_real_user_data
SHC-0973,屋里冷飕飕的，能改善一下吗,implicit,sensation,warm_up,全屋,climate.fresh_air,新风系统,climate,"[{""device_id"":""climate.living_ac"",""action"":""set_temperature"",""parameters"":{""temperature"":27}}]",train,synthetic_template_v1,contains_no_real_user_data
SHC-0974,想凉快一点，帮我准备一下,implicit,scene,cool_down,客厅,climate.living_ac,客厅空调,climate,"[{""device_id"":""climate.living_ac"",""action"":""set_temperature"",""parameters"":{""temperature"":24}}]",train,synthetic_template_v1,contains_no_real_user_data
SHC-0975,想暖和一点，按平时的习惯来,implicit,scene,warm_up,主卧,climate.bedroom_ac,主卧空调,climate,"[{""device_id"":""climate.living_ac"",""action"":""set_temperature"",""parameters"":{""temperature"":27}}]",train,synthetic_template_v1,contains_no_real_user_data
SHC-0976,今天好热，帮我准备一下,implicit,scene,cool_down,次卧,climate.second_ac,次卧空调,climate,"[{""device_id"":""climate.living_ac"",""action"":""set_temperature"",""parameters"":{""temperature"":24}}]",train,synthetic_template_v1,contains_no_real_user_data
SHC-0977,我好冷，现在开始吧,implicit,scene,warm_up,全屋,climate.fresh_air,新风系统,climate,"[{""device_id"":""climate.living_ac"",""action"":""set_temperature"",""parameters"":{""temperature"":27}}]",train,synthetic_template_v1,contains_no_real_user_data
SHC-0978,屋里有点闷热，有点不舒服,implicit,sensation,cool_down,客厅,climate.living_ac,客厅空调,climate,"[{""device_id"":""climate.living_ac"",""action"":""set_temperature"",""parameters"":{""temperature"":24}}]",validation,synthetic_template_v1,contains_no_real_user_data
SHC-0979,屋里闷得慌，想透透气，有点不舒服,implicit,sensation,ventilate,客厅,door_window.living_window,客厅窗,door_window,"[{""device_id"":""door_window.living_window"",""action"":""open"",""parameters"":{}},{""device_id"":""climate.fresh_air"",""action"":""turn_on"",""parameters"":{}}]",test,synthetic_template_v1,contains_no_real_user_data
SHC-0980,空气不流通，现在开始吧,implicit,scene,ventilate,主卧,door_window.bedroom_window,主卧窗,door_window,"[{""device_id"":""door_window.living_window"",""action"":""open"",""parameters"":{}},{""device_id"":""climate.fresh_air"",""action"":""turn_on"",""parameters"":{}}]",train,synthetic_template_v1,contains_no_real_user_data
SHC-0981,让房间通通风，能改善一下吗,implicit,sensation,ventilate,次卧,door_window.second_window,次卧窗,door_window,"[{""device_id"":""door_window.living_window"",""action"":""open"",""parameters"":{}},{""device_id"":""climate.fresh_air"",""action"":""turn_on"",""parameters"":{}}]",train,synthetic_template_v1,contains_no_real_user_data
SHC-0982,屋里闷得慌，想透透气，能改善一下吗,implicit,sensation,ventilate,厨房,door_window.kitchen_window,厨房窗,door_window,"[{""device_id"":""door_window.living_window"",""action"":""open"",""parameters"":{}},{""device_id"":""climate.fresh_air"",""action"":""turn_on"",""parameters"":{}}]",train,synthetic_template_v1,contains_no_real_user_data
SHC-0983,空气不流通，按平时的习惯来,implicit,scene,ventilate,阳台,door_window.balcony_door,阳台门,door_window,"[{""device_id"":""door_window.living_window"",""action"":""open"",""parameters"":{}},{""device_id"":""climate.fresh_air"",""action"":""turn_on"",""parameters"":{}}]",train,synthetic_template_v1,contains_no_real_user_data
SHC-0984,让房间通通风,implicit,sensation,ventilate,客厅,door_window.living_window,客厅窗,door_window,"[{""device_id"":""door_window.living_window"",""action"":""open"",""parameters"":{}},{""device_id"":""climate.fresh_air"",""action"":""turn_on"",""parameters"":{}}]",train,synthetic_template_v1,contains_no_real_user_data
SHC-0985,屋里闷得慌，想透透气，帮我准备一下,implicit,scene,ventilate,主卧,door_window.bedroom_window,主卧窗,door_window,"[{""device_id"":""door_window.living_window"",""action"":""open"",""parameters"":{}},{""device_id"":""climate.fresh_air"",""action"":""turn_on"",""parameters"":{}}]",train,synthetic_template_v1,contains_no_real_user_data
SHC-0986,空气不流通，能改善一下吗,implicit,sensation,ventilate,次卧,door_window.second_window,次卧窗,door_window,"[{""device_id"":""door_window.living_window"",""action"":""open"",""parameters"":{}},{""device_id"":""climate.fresh_air"",""action"":""turn_on"",""parameters"":{}}]",train,synthetic_template_v1,contains_no_real_user_data
SHC-0987,让房间通通风，帮我准备一下,implicit,scene,ventilate,厨房,door_window.kitchen_window,厨房窗,door_window,"[{""device_id"":""door_window.living_window"",""action"":""open"",""parameters"":{}},{""device_id"":""climate.fresh_air"",""action"":""turn_on"",""parameters"":{}}]",train,synthetic_template_v1,contains_no_real_user_data
SHC-0988,屋里闷得慌，想透透气，现在开始吧,implicit,scene,ventilate,阳台,door_window.balcony_door,阳台门,door_window,"[{""device_id"":""door_window.living_window"",""action"":""open"",""parameters"":{}},{""device_id"":""climate.fresh_air"",""action"":""turn_on"",""parameters"":{}}]",validation,synthetic_template_v1,contains_no_real_user_data
SHC-0989,空气不流通，能改善一下吗,implicit,sensation,ventilate,客厅,door_window.living_window,客厅窗,door_window,"[{""device_id"":""door_window.living_window"",""action"":""open"",""parameters"":{}},{""device_id"":""climate.fresh_air"",""action"":""turn_on"",""parameters"":{}}]",test,synthetic_template_v1,contains_no_real_user_data
SHC-0990,让房间通通风，按平时的习惯来,implicit,scene,ventilate,主卧,door_window.bedroom_window,主卧窗,door_window,"[{""device_id"":""door_window.living_window"",""action"":""open"",""parameters"":{}},{""device_id"":""climate.fresh_air"",""action"":""turn_on"",""parameters"":{}}]",train,synthetic_template_v1,contains_no_real_user_data
SHC-0991,屋里闷得慌，想透透气，能改善一下吗,implicit,sensation,ventilate,次卧,door_window.second_window,次卧窗,door_window,"[{""device_id"":""door_window.living_window"",""action"":""open"",""parameters"":{}},{""device_id"":""climate.fresh_air"",""action"":""turn_on"",""parameters"":{}}]",train,synthetic_template_v1,contains_no_real_user_data
SHC-0992,空气不流通，有点不舒服,implicit,sensation,ventilate,厨房,door_window.kitchen_window,厨房窗,door_window,"[{""device_id"":""door_window.living_window"",""action"":""open"",""parameters"":{}},{""device_id"":""climate.fresh_air"",""action"":""turn_on"",""parameters"":{}}]",train,synthetic_template_v1,contains_no_real_user_data
SHC-0993,让房间通通风,implicit,sensation,ventilate,阳台,door_window.balcony_door,阳台门,door_window,"[{""device_id"":""door_window.living_window"",""action"":""open"",""parameters"":{}},{""device_id"":""climate.fresh_air"",""action"":""turn_on"",""parameters"":{}}]",train,synthetic_template_v1,contains_no_real_user_data
SHC-0994,屋里闷得慌，想透透气，我最近有点感冒,implicit,health,ventilate,客厅,door_window.living_window,客厅窗,door_window,"[{""device_id"":""door_window.living_window"",""action"":""open"",""parameters"":{}},{""device_id"":""climate.fresh_air"",""action"":""turn_on"",""parameters"":{}}]",train,synthetic_template_v1,contains_no_real_user_data
SHC-0995,空气不流通,implicit,sensation,ventilate,主卧,door_window.bedroom_window,主卧窗,door_window,"[{""device_id"":""door_window.living_window"",""action"":""open"",""parameters"":{}},{""device_id"":""climate.fresh_air"",""action"":""turn_on"",""parameters"":{}}]",train,synthetic_template_v1,contains_no_real_user_data
SHC-0996,让房间通通风，帮我准备一下,implicit,scene,ventilate,次卧,door_window.second_window,次卧窗,door_window,"[{""device_id"":""door_window.living_window"",""action"":""open"",""parameters"":{}},{""device_id"":""climate.fresh_air"",""action"":""turn_on"",""parameters"":{}}]",train,synthetic_template_v1,contains_no_real_user_data
SHC-0997,屋里闷得慌，想透透气,implicit,sensation,ventilate,厨房,door_window.kitchen_window,厨房窗,door_window,"[{""device_id"":""door_window.living_window"",""action"":""open"",""parameters"":{}},{""device_id"":""climate.fresh_air"",""action"":""turn_on"",""parameters"":{}}]",train,synthetic_template_v1,contains_no_real_user_data
SHC-0998,空气不流通，帮我准备一下,implicit,scene,ventilate,阳台,door_window.balcony_door,阳台门,door_window,"[{""device_id"":""door_window.living_window"",""action"":""open"",""parameters"":{}},{""device_id"":""climate.fresh_air"",""action"":""turn_on"",""parameters"":{}}]",validation,synthetic_template_v1,contains_no_real_user_data
SHC-0999,让房间通通风,implicit,sensation,ventilate,客厅,door_window.living_window,客厅窗,door_window,"[{""device_id"":""door_window.living_window"",""action"":""open"",""parameters"":{}},{""device_id"":""climate.fresh_air"",""action"":""turn_on"",""parameters"":{}}]",test,synthetic_template_v1,contains_no_real_user_data
SHC-1000,屋里闷得慌，想透透气，帮我准备一下,implicit,scene,ventilate,主卧,door_window.bedroom_window,主卧窗,door_window,"[{""device_id"":""door_window.living_window"",""action"":""open"",""parameters"":{}},{""device_id"":""climate.fresh_air"",""action"":""turn_on"",""parameters"":{}}]",train,synthetic_template_v1,contains_no_real_user_data
SHC-1001,空气不流通，能改善一下吗,implicit,sensation,ventilate,次卧,door_window.second_window,次卧窗,door_window,"[{""device_id"":""door_window.living_window"",""action"":""open"",""parameters"":{}},{""device_id"":""climate.fresh_air"",""action"":""turn_on"",""parameters"":{}}]",train,synthetic_template_v1,contains_no_real_user_data
SHC-1002,让房间通通风，能改善一下吗,implicit,sensation,ventilate,厨房,door_window.kitchen_window,厨房窗,door_window,"[{""device_id"":""door_window.living_window"",""action"":""open"",""parameters"":{}},{""device_id"":""climate.fresh_air"",""action"":""turn_on"",""parameters"":{}}]",train,synthetic_template_v1,contains_no_real_user_data
SHC-1003,屋里闷得慌，想透透气，现在开始吧,implicit,scene,ventilate,阳台,door_window.balcony_door,阳台门,door_window,"[{""device_id"":""door_window.living_window"",""action"":""open"",""parameters"":{}},{""device_id"":""climate.fresh_air"",""action"":""turn_on"",""parameters"":{}}]",train,synthetic_template_v1,contains_no_real_user_data
SHC-1004,空气不流通,implicit,sensation,ventilate,客厅,door_window.living_window,客厅窗,door_window,"[{""device_id"":""door_window.living_window"",""action"":""open"",""parameters"":{}},{""device_id"":""climate.fresh_air"",""action"":""turn_on"",""parameters"":{}}]",train,synthetic_template_v1,contains_no_real_user_data
SHC-1005,让房间通通风，有点不舒服,implicit,sensation,ventilate,主卧,door_window.bedroom_window,主卧窗,door_window,"[{""device_id"":""door_window.living_window"",""action"":""open"",""parameters"":{}},{""device_id"":""climate.fresh_air"",""action"":""turn_on"",""parameters"":{}}]",train,synthetic_template_v1,contains_no_real_user_data
SHC-1006,屋里闷得慌，想透透气,implicit,sensation,ventilate,次卧,door_window.second_window,次卧窗,door_window,"[{""device_id"":""door_window.living_window"",""action"":""open"",""parameters"":{}},{""device_id"":""climate.fresh_air"",""action"":""turn_on"",""parameters"":{}}]",train,synthetic_template_v1,contains_no_real_user_data
SHC-1007,空气不流通，有点不舒服,implicit,sensation,ventilate,厨房,door_window.kitchen_window,厨房窗,door_window,"[{""device_id"":""door_window.living_window"",""action"":""open"",""parameters"":{}},{""device_id"":""climate.fresh_air"",""action"":""turn_on"",""parameters"":{}}]",train,synthetic_template_v1,contains_no_real_user_data
SHC-1008,让房间通通风，家里有老人,implicit,health,ventilate,阳台,door_window.balcony_door,阳台门,door_window,"[{""device_id"":""door_window.living_window"",""action"":""open"",""parameters"":{}},{""device_id"":""climate.fresh_air"",""action"":""turn_on"",""parameters"":{}}]",validation,synthetic_template_v1,contains_no_real_user_data
SHC-1009,屋里闷得慌，想透透气，能改善一下吗,implicit,sensation,ventilate,客厅,door_window.living_window,客厅窗,door_window,"[{""device_id"":""door_window.living_window"",""action"":""open"",""parameters"":{}},{""device_id"":""climate.fresh_air"",""action"":""turn_on"",""parameters"":{}}]",test,synthetic_template_v1,contains_no_real_user_data
SHC-1010,空气不流通，我最近有点感冒,implicit,health,ventilate,主卧,door_window.bedroom_window,主卧窗,door_window,"[{""device_id"":""door_window.living_window"",""action"":""open"",""parameters"":{}},{""device_id"":""climate.fresh_air"",""action"":""turn_on"",""parameters"":{}}]",train,synthetic_template_v1,contains_no_real_user_data
SHC-1011,让房间通通风，有点不舒服,implicit,sensation,ventilate,次卧,door_window.second_window,次卧窗,door_window,"[{""device_id"":""door_window.living_window"",""action"":""open"",""parameters"":{}},{""device_id"":""climate.fresh_air"",""action"":""turn_on"",""parameters"":{}}]",train,synthetic_template_v1,contains_no_real_user_data
SHC-1012,屋里闷得慌，想透透气，我最近有点感冒,implicit,health,ventilate,厨房,door_window.kitchen_window,厨房窗,door_window,"[{""device_id"":""door_window.living_window"",""action"":""open"",""parameters"":{}},{""device_id"":""climate.fresh_air"",""action"":""turn_on"",""parameters"":{}}]",train,synthetic_template_v1,contains_no_real_user_data
SHC-1013,空气不流通，能改善一下吗,implicit,sensation,ventilate,阳台,door_window.balcony_door,阳台门,door_window,"[{""device_id"":""door_window.living_window"",""action"":""open"",""parameters"":{}},{""device_id"":""climate.fresh_air"",""action"":""turn_on"",""parameters"":{}}]",train,synthetic_template_v1,contains_no_real_user_data
SHC-1014,让房间通通风，能改善一下吗,implicit,sensation,ventilate,客厅,door_window.living_window,客厅窗,door_window,"[{""device_id"":""door_window.living_window"",""action"":""open"",""parameters"":{}},{""device_id"":""climate.fresh_air"",""action"":""turn_on"",""parameters"":{}}]",train,synthetic_template_v1,contains_no_real_user_data
SHC-1015,屋里闷得慌，想透透气，能改善一下吗,implicit,sensation,ventilate,主卧,door_window.bedroom_window,主卧窗,door_window,"[{""device_id"":""door_window.living_window"",""action"":""open"",""parameters"":{}},{""device_id"":""climate.fresh_air"",""action"":""turn_on"",""parameters"":{}}]",train,synthetic_template_v1,contains_no_real_user_data
SHC-1016,空气不流通,implicit,sensation,ventilate,次卧,door_window.second_window,次卧窗,door_window,"[{""device_id"":""door_window.living_window"",""action"":""open"",""parameters"":{}},{""device_id"":""climate.fresh_air"",""action"":""turn_on"",""parameters"":{}}]",train,synthetic_template_v1,contains_no_real_user_data
SHC-1017,让房间通通风，能改善一下吗,implicit,sensation,ventilate,厨房,door_window.kitchen_window,厨房窗,door_window,"[{""device_id"":""door_window.living_window"",""action"":""open"",""parameters"":{}},{""device_id"":""climate.fresh_air"",""action"":""turn_on"",""parameters"":{}}]",train,synthetic_template_v1,contains_no_real_user_data
SHC-1018,屋里闷得慌，想透透气，能改善一下吗,implicit,sensation,ventilate,阳台,door_window.balcony_door,阳台门,door_window,"[{""device_id"":""door_window.living_window"",""action"":""open"",""parameters"":{}},{""device_id"":""climate.fresh_air"",""action"":""turn_on"",""parameters"":{}}]",validation,synthetic_template_v1,contains_no_real_user_data
SHC-1019,空气不流通，我最近有点感冒,implicit,health,ventilate,客厅,door_window.living_window,客厅窗,door_window,"[{""device_id"":""door_window.living_window"",""action"":""open"",""parameters"":{}},{""device_id"":""climate.fresh_air"",""action"":""turn_on"",""parameters"":{}}]",test,synthetic_template_v1,contains_no_real_user_data
SHC-1020,让房间通通风，有点不舒服,implicit,sensation,ventilate,主卧,door_window.bedroom_window,主卧窗,door_window,"[{""device_id"":""door_window.living_window"",""action"":""open"",""parameters"":{}},{""device_id"":""climate.fresh_air"",""action"":""turn_on"",""parameters"":{}}]",train,synthetic_template_v1,contains_no_real_user_data
SHC-1021,屋里闷得慌，想透透气，能改善一下吗,implicit,sensation,ventilate,次卧,door_window.second_window,次卧窗,door_window,"[{""device_id"":""door_window.living_window"",""action"":""open"",""parameters"":{}},{""device_id"":""climate.fresh_air"",""action"":""turn_on"",""parameters"":{}}]",train,synthetic_template_v1,contains_no_real_user_data
SHC-1022,空气不流通,implicit,sensation,ventilate,厨房,door_window.kitchen_window,厨房窗,door_window,"[{""device_id"":""door_window.living_window"",""action"":""open"",""parameters"":{}},{""device_id"":""climate.fresh_air"",""action"":""turn_on"",""parameters"":{}}]",train,synthetic_template_v1,contains_no_real_user_data
SHC-1023,让房间通通风,implicit,sensation,ventilate,阳台,door_window.balcony_door,阳台门,door_window,"[{""device_id"":""door_window.living_window"",""action"":""open"",""parameters"":{}},{""device_id"":""climate.fresh_air"",""action"":""turn_on"",""parameters"":{}}]",train,synthetic_template_v1,contains_no_real_user_data
SHC-1024,早安，该起床了，按平时的习惯来,implicit,scene,wake_up_mode,客厅,curtain.living,客厅窗帘,curtain,"[{""device_id"":""curtain.bedroom"",""action"":""open"",""parameters"":{}},{""device_id"":""light.bedroom_main"",""action"":""set_brightness"",""parameters"":{""brightness"":65}},{""device_id"":""climate.bedroom_ac"",""action"":""set_temperature"",""parameters"":{""temperature"":25}}]",train,synthetic_template_v1,contains_no_real_user_data
SHC-1025,我要睡觉了，按平时的习惯来,implicit,scene,sleep_mode,主卧,curtain.bedroom,主卧窗帘,curtain,"[{""device_id"":""light.bedroom_main"",""action"":""turn_off"",""parameters"":{}},{""device_id"":""light.bedside"",""action"":""set_brightness"",""parameters"":{""brightness"":15}},{""device_id"":""curtain.bedroom"",""action"":""close"",""parameters"":{}},{""device_id"":""climate.bedroom_ac"",""action"":""set_temperature"",""parameters"":{""temperature"":25}}]",train,synthetic_template_v1,contains_no_real_user_data
SHC-1026,天亮了，我要起床，帮我准备一下,implicit,scene,wake_up_mode,次卧,curtain.second,次卧窗帘,curtain,"[{""device_id"":""curtain.bedroom"",""action"":""open"",""parameters"":{}},{""device_id"":""light.bedroom_main"",""action"":""set_brightness"",""parameters"":{""brightness"":65}},{""device_id"":""climate.bedroom_ac"",""action"":""set_temperature"",""parameters"":{""temperature"":25}}]",train,synthetic_template_v1,contains_no_real_user_data
SHC-1027,该休息了，晚安,implicit,sensation,sleep_mode,书房,curtain.study,书房窗帘,curtain,"[{""device_id"":""light.bedroom_main"",""action"":""turn_off"",""parameters"":{}},{""device_id"":""light.bedside"",""action"":""set_brightness"",""parameters"":{""brightness"":15}},{""device_id"":""curtain.bedroom"",""action"":""close"",""parameters"":{}},{""device_id"":""climate.bedroom_ac"",""action"":""set_temperature"",""parameters"":{""temperature"":25}}]",train,synthetic_template_v1,contains_no_real_user_data
SHC-1028,新的一天开始了，帮我准备一下,implicit,scene,wake_up_mode,客厅,curtain.living,客厅窗帘,curtain,"[{""device_id"":""curtain.bedroom"",""action"":""open"",""parameters"":{}},{""device_id"":""light.bedroom_main"",""action"":""set_brightness"",""parameters"":{""brightness"":65}},{""device_id"":""climate.bedroom_ac"",""action"":""set_temperature"",""parameters"":{""temperature"":25}}]",validation,synthetic_template_v1,contains_no_real_user_data
SHC-1029,我要睡觉了，家里有老人,implicit,health,sleep_mode,主卧,curtain.bedroom,主卧窗帘,curtain,"[{""device_id"":""light.bedroom_main"",""action"":""turn_off"",""parameters"":{}},{""device_id"":""light.bedside"",""action"":""set_brightness"",""parameters"":{""brightness"":15}},{""device_id"":""curtain.bedroom"",""action"":""close"",""parameters"":{}},{""device_id"":""climate.bedroom_ac"",""action"":""set_temperature"",""parameters"":{""temperature"":25}}]",test,synthetic_template_v1,contains_no_real_user_data
SHC-1030,早安，该起床了,implicit,sensation,wake_up_mode,次卧,curtain.second,次卧窗帘,curtain,"[{""device_id"":""curtain.bedroom"",""action"":""open"",""parameters"":{}},{""device_id"":""light.bedroom_main"",""action"":""set_brightness"",""parameters"":{""brightness"":65}},{""device_id"":""climate.bedroom_ac"",""action"":""set_temperature"",""parameters"":{""temperature"":25}}]",train,synthetic_template_v1,contains_no_real_user_data
SHC-1031,该休息了，晚安，帮我准备一下,implicit,scene,sleep_mode,书房,curtain.study,书房窗帘,curtain,"[{""device_id"":""light.bedroom_main"",""action"":""turn_off"",""parameters"":{}},{""device_id"":""light.bedside"",""action"":""set_brightness"",""parameters"":{""brightness"":15}},{""device_id"":""curtain.bedroom"",""action"":""close"",""parameters"":{}},{""device_id"":""climate.bedroom_ac"",""action"":""set_temperature"",""parameters"":{""temperature"":25}}]",train,synthetic_template_v1,contains_no_real_user_data
SHC-1032,天亮了，我要起床，按平时的习惯来,implicit,scene,wake_up_mode,客厅,curtain.living,客厅窗帘,curtain,"[{""device_id"":""curtain.bedroom"",""action"":""open"",""parameters"":{}},{""device_id"":""light.bedroom_main"",""action"":""set_brightness"",""parameters"":{""brightness"":65}},{""device_id"":""climate.bedroom_ac"",""action"":""set_temperature"",""parameters"":{""temperature"":25}}]",train,synthetic_template_v1,contains_no_real_user_data
SHC-1033,我要睡觉了,implicit,sensation,sleep_mode,主卧,curtain.bedroom,主卧窗帘,curtain,"[{""device_id"":""light.bedroom_main"",""action"":""turn_off"",""parameters"":{}},{""device_id"":""light.bedside"",""action"":""set_brightness"",""parameters"":{""brightness"":15}},{""device_id"":""curtain.bedroom"",""action"":""close"",""parameters"":{}},{""device_id"":""climate.bedroom_ac"",""action"":""set_temperature"",""parameters"":{""temperature"":25}}]",train,synthetic_template_v1,contains_no_real_user_data
SHC-1034,新的一天开始了，能改善一下吗,implicit,sensation,wake_up_mode,次卧,curtain.second,次卧窗帘,curtain,"[{""device_id"":""curtain.bedroom"",""action"":""open"",""parameters"":{}},{""device_id"":""light.bedroom_main"",""action"":""set_brightness"",""parameters"":{""brightness"":65}},{""device_id"":""climate.bedroom_ac"",""action"":""set_temperature"",""parameters"":{""temperature"":25}}]",train,synthetic_template_v1,contains_no_real_user_data
SHC-1035,该休息了，晚安，有点不舒服,implicit,sensation,sleep_mode,书房,curtain.study,书房窗帘,curtain,"[{""device_id"":""light.bedroom_main"",""action"":""turn_off"",""parameters"":{}},{""device_id"":""light.bedside"",""action"":""set_brightness"",""parameters"":{""brightness"":15}},{""device_id"":""curtain.bedroom"",""action"":""close"",""parameters"":{}},{""device_id"":""climate.bedroom_ac"",""action"":""set_temperature"",""parameters"":{""temperature"":25}}]",train,synthetic_template_v1,contains_no_real_user_data
SHC-1036,早安，该起床了，按平时的习惯来,implicit,scene,wake_up_mode,客厅,curtain.living,客厅窗帘,curtain,"[{""device_id"":""curtain.bedroom"",""action"":""open"",""parameters"":{}},{""device_id"":""light.bedroom_main"",""action"":""set_brightness"",""parameters"":{""brightness"":65}},{""device_id"":""climate.bedroom_ac"",""action"":""set_temperature"",""parameters"":{""temperature"":25}}]",train,synthetic_template_v1,contains_no_real_user_data
SHC-1037,我要睡觉了，帮我准备一下,implicit,scene,sleep_mode,主卧,curtain.bedroom,主卧窗帘,curtain,"[{""device_id"":""light.bedroom_main"",""action"":""turn_off"",""parameters"":{}},{""device_id"":""light.bedside"",""action"":""set_brightness"",""parameters"":{""brightness"":15}},{""device_id"":""curtain.bedroom"",""action"":""close"",""parameters"":{}},{""device_id"":""climate.bedroom_ac"",""action"":""set_temperature"",""parameters"":{""temperature"":25}}]",train,synthetic_template_v1,contains_no_real_user_data
SHC-1038,天亮了，我要起床，按平时的习惯来,implicit,scene,wake_up_mode,次卧,curtain.second,次卧窗帘,curtain,"[{""device_id"":""curtain.bedroom"",""action"":""open"",""parameters"":{}},{""device_id"":""light.bedroom_main"",""action"":""set_brightness"",""parameters"":{""brightness"":65}},{""device_id"":""climate.bedroom_ac"",""action"":""set_temperature"",""parameters"":{""temperature"":25}}]",validation,synthetic_template_v1,contains_no_real_user_data
SHC-1039,该休息了，晚安,implicit,sensation,sleep_mode,书房,curtain.study,书房窗帘,curtain,"[{""device_id"":""light.bedroom_main"",""action"":""turn_off"",""parameters"":{}},{""device_id"":""light.bedside"",""action"":""set_brightness"",""parameters"":{""brightness"":15}},{""device_id"":""curtain.bedroom"",""action"":""close"",""parameters"":{}},{""device_id"":""climate.bedroom_ac"",""action"":""set_temperature"",""parameters"":{""temperature"":25}}]",test,synthetic_template_v1,contains_no_real_user_data
SHC-1040,新的一天开始了，现在开始吧,implicit,scene,wake_up_mode,客厅,curtain.living,客厅窗帘,curtain,"[{""device_id"":""curtain.bedroom"",""action"":""open"",""parameters"":{}},{""device_id"":""light.bedroom_main"",""action"":""set_brightness"",""parameters"":{""brightness"":65}},{""device_id"":""climate.bedroom_ac"",""action"":""set_temperature"",""parameters"":{""temperature"":25}}]",train,synthetic_template_v1,contains_no_real_user_data
SHC-1041,我要睡觉了，能改善一下吗,implicit,sensation,sleep_mode,主卧,curtain.bedroom,主卧窗帘,curtain,"[{""device_id"":""light.bedroom_main"",""action"":""turn_off"",""parameters"":{}},{""device_id"":""light.bedside"",""action"":""set_brightness"",""parameters"":{""brightness"":15}},{""device_id"":""curtain.bedroom"",""action"":""close"",""parameters"":{}},{""device_id"":""climate.bedroom_ac"",""action"":""set_temperature"",""parameters"":{""temperature"":25}}]",train,synthetic_template_v1,contains_no_real_user_data
SHC-1042,早安，该起床了，家里有老人,implicit,health,wake_up_mode,次卧,curtain.second,次卧窗帘,curtain,"[{""device_id"":""curtain.bedroom"",""action"":""open"",""parameters"":{}},{""device_id"":""light.bedroom_main"",""action"":""set_brightness"",""parameters"":{""brightness"":65}},{""device_id"":""climate.bedroom_ac"",""action"":""set_temperature"",""parameters"":{""temperature"":25}}]",train,synthetic_template_v1,contains_no_real_user_data
SHC-1043,该休息了，晚安，家里有老人,implicit,health,sleep_mode,书房,curtain.study,书房窗帘,curtain,"[{""device_id"":""light.bedroom_main"",""action"":""turn_off"",""parameters"":{}},{""device_id"":""light.bedside"",""action"":""set_brightness"",""parameters"":{""brightness"":15}},{""device_id"":""curtain.bedroom"",""action"":""close"",""parameters"":{}},{""device_id"":""climate.bedroom_ac"",""action"":""set_temperature"",""parameters"":{""temperature"":25}}]",train,synthetic_template_v1,contains_no_real_user_data
SHC-1044,天亮了，我要起床，按平时的习惯来,implicit,scene,wake_up_mode,客厅,curtain.living,客厅窗帘,curtain,"[{""device_id"":""curtain.bedroom"",""action"":""open"",""parameters"":{}},{""device_id"":""light.bedroom_main"",""action"":""set_brightness"",""parameters"":{""brightness"":65}},{""device_id"":""climate.bedroom_ac"",""action"":""set_temperature"",""parameters"":{""temperature"":25}}]",train,synthetic_template_v1,contains_no_real_user_data
SHC-1045,我要睡觉了，能改善一下吗,implicit,sensation,sleep_mode,主卧,curtain.bedroom,主卧窗帘,curtain,"[{""device_id"":""light.bedroom_main"",""action"":""turn_off"",""parameters"":{}},{""device_id"":""light.bedside"",""action"":""set_brightness"",""parameters"":{""brightness"":15}},{""device_id"":""curtain.bedroom"",""action"":""close"",""parameters"":{}},{""device_id"":""climate.bedroom_ac"",""action"":""set_temperature"",""parameters"":{""temperature"":25}}]",train,synthetic_template_v1,contains_no_real_user_data
SHC-1046,新的一天开始了，按平时的习惯来,implicit,scene,wake_up_mode,次卧,curtain.second,次卧窗帘,curtain,"[{""device_id"":""curtain.bedroom"",""action"":""open"",""parameters"":{}},{""device_id"":""light.bedroom_main"",""action"":""set_brightness"",""parameters"":{""brightness"":65}},{""device_id"":""climate.bedroom_ac"",""action"":""set_temperature"",""parameters"":{""temperature"":25}}]",train,synthetic_template_v1,contains_no_real_user_data
SHC-1047,该休息了，晚安，有点不舒服,implicit,sensation,sleep_mode,书房,curtain.study,书房窗帘,curtain,"[{""device_id"":""light.bedroom_main"",""action"":""turn_off"",""parameters"":{}},{""device_id"":""light.bedside"",""action"":""set_brightness"",""parameters"":{""brightness"":15}},{""device_id"":""curtain.bedroom"",""action"":""close"",""parameters"":{}},{""device_id"":""climate.bedroom_ac"",""action"":""set_temperature"",""parameters"":{""temperature"":25}}]",train,synthetic_template_v1,contains_no_real_user_data
SHC-1048,早安，该起床了,implicit,sensation,wake_up_mode,客厅,curtain.living,客厅窗帘,curtain,"[{""device_id"":""curtain.bedroom"",""action"":""open"",""parameters"":{}},{""device_id"":""light.bedroom_main"",""action"":""set_brightness"",""parameters"":{""brightness"":65}},{""device_id"":""climate.bedroom_ac"",""action"":""set_temperature"",""parameters"":{""temperature"":25}}]",validation,synthetic_template_v1,contains_no_real_user_data
SHC-1049,我要睡觉了，有点不舒服,implicit,sensation,sleep_mode,主卧,curtain.bedroom,主卧窗帘,curtain,"[{""device_id"":""light.bedroom_main"",""action"":""turn_off"",""parameters"":{}},{""device_id"":""light.bedside"",""action"":""set_brightness"",""parameters"":{""brightness"":15}},{""device_id"":""curtain.bedroom"",""action"":""close"",""parameters"":{}},{""device_id"":""climate.bedroom_ac"",""action"":""set_temperature"",""parameters"":{""temperature"":25}}]",test,synthetic_template_v1,contains_no_real_user_data
SHC-1050,天亮了，我要起床，现在开始吧,implicit,scene,wake_up_mode,次卧,curtain.second,次卧窗帘,curtain,"[{""device_id"":""curtain.bedroom"",""action"":""open"",""parameters"":{}},{""device_id"":""light.bedroom_main"",""action"":""set_brightness"",""parameters"":{""brightness"":65}},{""device_id"":""climate.bedroom_ac"",""action"":""set_temperature"",""parameters"":{""temperature"":25}}]",train,synthetic_template_v1,contains_no_real_user_data
SHC-1051,该休息了，晚安，现在开始吧,implicit,scene,sleep_mode,书房,curtain.study,书房窗帘,curtain,"[{""device_id"":""light.bedroom_main"",""action"":""turn_off"",""parameters"":{}},{""device_id"":""light.bedside"",""action"":""set_brightness"",""parameters"":{""brightness"":15}},{""device_id"":""curtain.bedroom"",""action"":""close"",""parameters"":{}},{""device_id"":""climate.bedroom_ac"",""action"":""set_temperature"",""parameters"":{""temperature"":25}}]",train,synthetic_template_v1,contains_no_real_user_data
SHC-1052,新的一天开始了，现在开始吧,implicit,scene,wake_up_mode,客厅,curtain.living,客厅窗帘,curtain,"[{""device_id"":""curtain.bedroom"",""action"":""open"",""parameters"":{}},{""device_id"":""light.bedroom_main"",""action"":""set_brightness"",""parameters"":{""brightness"":65}},{""device_id"":""climate.bedroom_ac"",""action"":""set_temperature"",""parameters"":{""temperature"":25}}]",train,synthetic_template_v1,contains_no_real_user_data
SHC-1053,我要睡觉了，按平时的习惯来,implicit,scene,sleep_mode,主卧,curtain.bedroom,主卧窗帘,curtain,"[{""device_id"":""light.bedroom_main"",""action"":""turn_off"",""parameters"":{}},{""device_id"":""light.bedside"",""action"":""set_brightness"",""parameters"":{""brightness"":15}},{""device_id"":""curtain.bedroom"",""action"":""close"",""parameters"":{}},{""device_id"":""climate.bedroom_ac"",""action"":""set_temperature"",""parameters"":{""temperature"":25}}]",train,synthetic_template_v1,contains_no_real_user_data
SHC-1054,早安，该起床了，现在开始吧,implicit,scene,wake_up_mode,次卧,curtain.second,次卧窗帘,curtain,"[{""device_id"":""curtain.bedroom"",""action"":""open"",""parameters"":{}},{""device_id"":""light.bedroom_main"",""action"":""set_brightness"",""parameters"":{""brightness"":65}},{""device_id"":""climate.bedroom_ac"",""action"":""set_temperature"",""parameters"":{""temperature"":25}}]",train,synthetic_template_v1,contains_no_real_user_data
SHC-1055,该休息了，晚安，现在开始吧,implicit,scene,sleep_mode,书房,curtain.study,书房窗帘,curtain,"[{""device_id"":""light.bedroom_main"",""action"":""turn_off"",""parameters"":{}},{""device_id"":""light.bedside"",""action"":""set_brightness"",""parameters"":{""brightness"":15}},{""device_id"":""curtain.bedroom"",""action"":""close"",""parameters"":{}},{""device_id"":""climate.bedroom_ac"",""action"":""set_temperature"",""parameters"":{""temperature"":25}}]",train,synthetic_template_v1,contains_no_real_user_data
SHC-1056,天亮了，我要起床，现在开始吧,implicit,scene,wake_up_mode,客厅,curtain.living,客厅窗帘,curtain,"[{""device_id"":""curtain.bedroom"",""action"":""open"",""parameters"":{}},{""device_id"":""light.bedroom_main"",""action"":""set_brightness"",""parameters"":{""brightness"":65}},{""device_id"":""climate.bedroom_ac"",""action"":""set_temperature"",""parameters"":{""temperature"":25}}]",train,synthetic_template_v1,contains_no_real_user_data
SHC-1057,空气太干了，嗓子不太舒服,implicit,health,humidify,客厅,appliance.humidifier,客厅加湿器,appliance,"[{""device_id"":""appliance.humidifier"",""action"":""turn_on"",""parameters"":{}}]",train,synthetic_template_v1,contains_no_real_user_data
SHC-1058,空气有异味，按平时的习惯来,implicit,scene,purify_air,客厅,appliance.air_purifier,客厅空气净化器,appliance,"[{""device_id"":""appliance.air_purifier"",""action"":""turn_on"",""parameters"":{}}]",validation,synthetic_template_v1,contains_no_real_user_data
SHC-1059,地上有灰，该打扫了,implicit,sensation,cleaning_mode,全屋,appliance.robot_vacuum,扫地机器人,appliance,"[{""device_id"":""appliance.robot_vacuum"",""action"":""turn_on"",""parameters"":{}}]",test,synthetic_template_v1,contains_no_real_user_data
SHC-1060,嗓子有点干，有点不舒服,implicit,sensation,humidify,阳台,appliance.washer,洗衣机,appliance,"[{""device_id"":""appliance.humidifier"",""action"":""turn_on"",""parameters"":{}}]",train,synthetic_template_v1,contains_no_real_user_data
SHC-1061,屋里空气不好，按平时的习惯来,implicit,scene,purify_air,客厅,appliance.humidifier,客厅加湿器,appliance,"[{""device_id"":""appliance.air_purifier"",""action"":""turn_on"",""parameters"":{}}]",train,synthetic_template_v1,contains_no_real_user_data
SHC-1062,家里需要清扫一下，能改善一下吗,implicit,sensation,cleaning_mode,客厅,appliance.air_purifier,客厅空气净化器,appliance,"[{""device_id"":""appliance.robot_vacuum"",""action"":""turn_on"",""parameters"":{}}]",train,synthetic_template_v1,contains_no_real_user_data
SHC-1063,屋里需要加点湿度，能改善一下吗,implicit,sensation,humidify,全屋,appliance.robot_vacuum,扫地机器人,appliance,"[{""device_id"":""appliance.humidifier"",""action"":""turn_on"",""parameters"":{}}]",train,synthetic_template_v1,contains_no_real_user_data
SHC-1064,想呼吸干净空气，能改善一下吗,implicit,sensation,purify_air,阳台,appliance.washer,洗衣机,appliance,"[{""device_id"":""appliance.air_purifier"",""action"":""turn_on"",""parameters"":{}}]",train,synthetic_template_v1,contains_no_real_user_data
SHC-1065,地上有灰，该打扫了,implicit,sensation,cleaning_mode,客厅,appliance.humidifier,客厅加湿器,appliance,"[{""device_id"":""appliance.robot_vacuum"",""action"":""turn_on"",""parameters"":{}}]",train,synthetic_template_v1,contains_no_real_user_data
SHC-1066,空气太干了，有点不舒服,implicit,sensation,humidify,客厅,appliance.air_purifier,客厅空气净化器,appliance,"[{""device_id"":""appliance.humidifier"",""action"":""turn_on"",""parameters"":{}}]",train,synthetic_template_v1,contains_no_real_user_data
SHC-1067,空气有异味，嗓子不太舒服,implicit,health,purify_air,全屋,appliance.robot_vacuum,扫地机器人,appliance,"[{""device_id"":""appliance.air_purifier"",""action"":""turn_on"",""parameters"":{}}]",train,synthetic_template_v1,contains_no_real_user_data
SHC-1068,家里需要清扫一下，现在开始吧,implicit,scene,cleaning_mode,阳台,appliance.washer,洗衣机,appliance,"[{""device_id"":""appliance.robot_vacuum"",""action"":""turn_on"",""parameters"":{}}]",validation,synthetic_template_v1,contains_no_real_user_data
SHC-1069,嗓子有点干,implicit,sensation,humidify,客厅,appliance.humidifier,客厅加湿器,appliance,"[{""device_id"":""appliance.humidifier"",""action"":""turn_on"",""parameters"":{}}]",test,synthetic_template_v1,contains_no_real_user_data
SHC-1070,屋里空气不好，帮我准备一下,implicit,scene,purify_air,客厅,appliance.air_purifier,客厅空气净化器,appliance,"[{""device_id"":""appliance.air_purifier"",""action"":""turn_on"",""parameters"":{}}]",train,synthetic_template_v1,contains_no_real_user_data
SHC-1071,地上有灰，该打扫了，帮我准备一下,implicit,scene,cleaning_mode,全屋,appliance.robot_vacuum,扫地机器人,appliance,"[{""device_id"":""appliance.robot_vacuum"",""action"":""turn_on"",""parameters"":{}}]",train,synthetic_template_v1,contains_no_real_user_data
SHC-1072,屋里需要加点湿度，能改善一下吗,implicit,sensation,humidify,阳台,appliance.washer,洗衣机,appliance,"[{""device_id"":""appliance.humidifier"",""action"":""turn_on"",""parameters"":{}}]",train,synthetic_template_v1,contains_no_real_user_data
SHC-1073,想呼吸干净空气，我最近有点感冒,implicit,health,purify_air,客厅,appliance.humidifier,客厅加湿器,appliance,"[{""device_id"":""appliance.air_purifier"",""action"":""turn_on"",""parameters"":{}}]",train,synthetic_template_v1,contains_no_real_user_data
SHC-1074,家里需要清扫一下，帮我准备一下,implicit,scene,cleaning_mode,客厅,appliance.air_purifier,客厅空气净化器,appliance,"[{""device_id"":""appliance.robot_vacuum"",""action"":""turn_on"",""parameters"":{}}]",train,synthetic_template_v1,contains_no_real_user_data
SHC-1075,空气太干了，按平时的习惯来,implicit,scene,humidify,全屋,appliance.robot_vacuum,扫地机器人,appliance,"[{""device_id"":""appliance.humidifier"",""action"":""turn_on"",""parameters"":{}}]",train,synthetic_template_v1,contains_no_real_user_data
SHC-1076,空气有异味，我最近有点感冒,implicit,health,purify_air,阳台,appliance.washer,洗衣机,appliance,"[{""device_id"":""appliance.air_purifier"",""action"":""turn_on"",""parameters"":{}}]",train,synthetic_template_v1,contains_no_real_user_data
SHC-1077,地上有灰，该打扫了，按平时的习惯来,implicit,scene,cleaning_mode,客厅,appliance.humidifier,客厅加湿器,appliance,"[{""device_id"":""appliance.robot_vacuum"",""action"":""turn_on"",""parameters"":{}}]",train,synthetic_template_v1,contains_no_real_user_data
SHC-1078,嗓子有点干,implicit,sensation,humidify,客厅,appliance.air_purifier,客厅空气净化器,appliance,"[{""device_id"":""appliance.humidifier"",""action"":""turn_on"",""parameters"":{}}]",validation,synthetic_template_v1,contains_no_real_user_data
SHC-1079,屋里空气不好，帮我准备一下,implicit,scene,purify_air,全屋,appliance.robot_vacuum,扫地机器人,appliance,"[{""device_id"":""appliance.air_purifier"",""action"":""turn_on"",""parameters"":{}}]",test,synthetic_template_v1,contains_no_real_user_data
SHC-1080,家里需要清扫一下,implicit,sensation,cleaning_mode,阳台,appliance.washer,洗衣机,appliance,"[{""device_id"":""appliance.robot_vacuum"",""action"":""turn_on"",""parameters"":{}}]",train,synthetic_template_v1,contains_no_real_user_data
SHC-1081,想看电影放松一下，现在开始吧,implicit,scene,relax_mode,客厅,media.television,客厅电视,media,"[{""device_id"":""light.living_main"",""action"":""set_brightness"",""parameters"":{""brightness"":25}},{""device_id"":""media.television"",""action"":""turn_on"",""parameters"":{}},{""device_id"":""curtain.living"",""action"":""close"",""parameters"":{}}]",train,synthetic_template_v1,contains_no_real_user_data
SHC-1082,今晚追个剧吧，现在开始吧,implicit,scene,relax_mode,客厅,media.speaker,客厅音箱,media,"[{""device_id"":""light.living_main"",""action"":""set_brightness"",""parameters"":{""brightness"":25}},{""device_id"":""media.television"",""action"":""turn_on"",""parameters"":{}},{""device_id"":""curtain.living"",""action"":""close"",""parameters"":{}}]",train,synthetic_template_v1,contains_no_real_user_data
SHC-1083,我想在客厅休息一会，能改善一下吗,implicit,sensation,relax_mode,客厅,media.television,客厅电视,media,"[{""device_id"":""light.living_main"",""action"":""set_brightness"",""parameters"":{""brightness"":25}},{""device_id"":""media.television"",""action"":""turn_on"",""parameters"":{}},{""device_id"":""curtain.living"",""action"":""close"",""parameters"":{}}]",train,synthetic_template_v1,contains_no_real_user_data
SHC-1084,想看电影放松一下，能改善一下吗,implicit,sensation,relax_mode,客厅,media.speaker,客厅音箱,media,"[{""device_id"":""light.living_main"",""action"":""set_brightness"",""parameters"":{""brightness"":25}},{""device_id"":""media.television"",""action"":""turn_on"",""parameters"":{}},{""device_id"":""curtain.living"",""action"":""close"",""parameters"":{}}]",train,synthetic_template_v1,contains_no_real_user_data
SHC-1085,今晚追个剧吧，能改善一下吗,implicit,sensation,relax_mode,客厅,media.television,客厅电视,media,"[{""device_id"":""light.living_main"",""action"":""set_brightness"",""parameters"":{""brightness"":25}},{""device_id"":""media.television"",""action"":""turn_on"",""parameters"":{}},{""device_id"":""curtain.living"",""action"":""close"",""parameters"":{}}]",train,synthetic_template_v1,contains_no_real_user_data
SHC-1086,我想在客厅休息一会,implicit,sensation,relax_mode,客厅,media.speaker,客厅音箱,media,"[{""device_id"":""light.living_main"",""action"":""set_brightness"",""parameters"":{""brightness"":25}},{""device_id"":""media.television"",""action"":""turn_on"",""parameters"":{}},{""device_id"":""curtain.living"",""action"":""close"",""parameters"":{}}]",train,synthetic_template_v1,contains_no_real_user_data
SHC-1087,想看电影放松一下,implicit,sensation,relax_mode,客厅,media.television,客厅电视,media,"[{""device_id"":""light.living_main"",""action"":""set_brightness"",""parameters"":{""brightness"":25}},{""device_id"":""media.television"",""action"":""turn_on"",""parameters"":{}},{""device_id"":""curtain.living"",""action"":""close"",""parameters"":{}}]",train,synthetic_template_v1,contains_no_real_user_data
SHC-1088,今晚追个剧吧，能改善一下吗,implicit,sensation,relax_mode,客厅,media.speaker,客厅音箱,media,"[{""device_id"":""light.living_main"",""action"":""set_brightness"",""parameters"":{""brightness"":25}},{""device_id"":""media.television"",""action"":""turn_on"",""parameters"":{}},{""device_id"":""curtain.living"",""action"":""close"",""parameters"":{}}]",validation,synthetic_template_v1,contains_no_real_user_data
SHC-1089,我想在客厅休息一会,implicit,sensation,relax_mode,客厅,media.television,客厅电视,media,"[{""device_id"":""light.living_main"",""action"":""set_brightness"",""parameters"":{""brightness"":25}},{""device_id"":""media.television"",""action"":""turn_on"",""parameters"":{}},{""device_id"":""curtain.living"",""action"":""close"",""parameters"":{}}]",test,synthetic_template_v1,contains_no_real_user_data
SHC-1090,想看电影放松一下,implicit,sensation,relax_mode,客厅,media.speaker,客厅音箱,media,"[{""device_id"":""light.living_main"",""action"":""set_brightness"",""parameters"":{""brightness"":25}},{""device_id"":""media.television"",""action"":""turn_on"",""parameters"":{}},{""device_id"":""curtain.living"",""action"":""close"",""parameters"":{}}]",train,synthetic_template_v1,contains_no_real_user_data
SHC-1091,今晚追个剧吧，能改善一下吗,implicit,sensation,relax_mode,客厅,media.television,客厅电视,media,"[{""device_id"":""light.living_main"",""action"":""set_brightness"",""parameters"":{""brightness"":25}},{""device_id"":""media.television"",""action"":""turn_on"",""parameters"":{}},{""device_id"":""curtain.living"",""action"":""close"",""parameters"":{}}]",train,synthetic_template_v1,contains_no_real_user_data
SHC-1092,我想在客厅休息一会，有点不舒服,implicit,sensation,relax_mode,客厅,media.speaker,客厅音箱,media,"[{""device_id"":""light.living_main"",""action"":""set_brightness"",""parameters"":{""brightness"":25}},{""device_id"":""media.television"",""action"":""turn_on"",""parameters"":{}},{""device_id"":""curtain.living"",""action"":""close"",""parameters"":{}}]",train,synthetic_template_v1,contains_no_real_user_data
SHC-1093,想看电影放松一下，现在开始吧,implicit,scene,relax_mode,客厅,media.television,客厅电视,media,"[{""device_id"":""light.living_main"",""action"":""set_brightness"",""parameters"":{""brightness"":25}},{""device_id"":""media.television"",""action"":""turn_on"",""parameters"":{}},{""device_id"":""curtain.living"",""action"":""close"",""parameters"":{}}]",train,synthetic_template_v1,contains_no_real_user_data
SHC-1094,今晚追个剧吧，按平时的习惯来,implicit,scene,relax_mode,客厅,media.speaker,客厅音箱,media,"[{""device_id"":""light.living_main"",""action"":""set_brightness"",""parameters"":{""brightness"":25}},{""device_id"":""media.television"",""action"":""turn_on"",""parameters"":{}},{""device_id"":""curtain.living"",""action"":""close"",""parameters"":{}}]",train,synthetic_template_v1,contains_no_real_user_data
SHC-1095,我想在客厅休息一会，现在开始吧,implicit,scene,relax_mode,客厅,media.television,客厅电视,media,"[{""device_id"":""light.living_main"",""action"":""set_brightness"",""parameters"":{""brightness"":25}},{""device_id"":""media.television"",""action"":""turn_on"",""parameters"":{}},{""device_id"":""curtain.living"",""action"":""close"",""parameters"":{}}]",train,synthetic_template_v1,contains_no_real_user_data
SHC-1096,想看电影放松一下，现在开始吧,implicit,scene,relax_mode,客厅,media.speaker,客厅音箱,media,"[{""device_id"":""light.living_main"",""action"":""set_brightness"",""parameters"":{""brightness"":25}},{""device_id"":""media.television"",""action"":""turn_on"",""parameters"":{}},{""device_id"":""curtain.living"",""action"":""close"",""parameters"":{}}]",train,synthetic_template_v1,contains_no_real_user_data
SHC-1097,今晚追个剧吧，帮我准备一下,implicit,scene,relax_mode,客厅,media.television,客厅电视,media,"[{""device_id"":""light.living_main"",""action"":""set_brightness"",""parameters"":{""brightness"":25}},{""device_id"":""media.television"",""action"":""turn_on"",""parameters"":{}},{""device_id"":""curtain.living"",""action"":""close"",""parameters"":{}}]",train,synthetic_template_v1,contains_no_real_user_data
SHC-1098,我想在客厅休息一会,implicit,sensation,relax_mode,客厅,media.speaker,客厅音箱,media,"[{""device_id"":""light.living_main"",""action"":""set_brightness"",""parameters"":{""brightness"":25}},{""device_id"":""media.television"",""action"":""turn_on"",""parameters"":{}},{""device_id"":""curtain.living"",""action"":""close"",""parameters"":{}}]",validation,synthetic_template_v1,contains_no_real_user_data
SHC-1099,想看电影放松一下，嗓子不太舒服,implicit,health,relax_mode,客厅,media.television,客厅电视,media,"[{""device_id"":""light.living_main"",""action"":""set_brightness"",""parameters"":{""brightness"":25}},{""device_id"":""media.television"",""action"":""turn_on"",""parameters"":{}},{""device_id"":""curtain.living"",""action"":""close"",""parameters"":{}}]",test,synthetic_template_v1,contains_no_real_user_data
SHC-1100,今晚追个剧吧,implicit,sensation,relax_mode,客厅,media.speaker,客厅音箱,media,"[{""device_id"":""light.living_main"",""action"":""set_brightness"",""parameters"":{""brightness"":25}},{""device_id"":""media.television"",""action"":""turn_on"",""parameters"":{}},{""device_id"":""curtain.living"",""action"":""close"",""parameters"":{}}]",train,synthetic_template_v1,contains_no_real_user_data
SHC-1101,我想在客厅休息一会，按平时的习惯来,implicit,scene,relax_mode,客厅,media.television,客厅电视,media,"[{""device_id"":""light.living_main"",""action"":""set_brightness"",""parameters"":{""brightness"":25}},{""device_id"":""media.television"",""action"":""turn_on"",""parameters"":{}},{""device_id"":""curtain.living"",""action"":""close"",""parameters"":{}}]",train,synthetic_template_v1,contains_no_real_user_data
SHC-1102,想看电影放松一下，帮我准备一下,implicit,scene,relax_mode,客厅,media.speaker,客厅音箱,media,"[{""device_id"":""light.living_main"",""action"":""set_brightness"",""parameters"":{""brightness"":25}},{""device_id"":""media.television"",""action"":""turn_on"",""parameters"":{}},{""device_id"":""curtain.living"",""action"":""close"",""parameters"":{}}]",train,synthetic_template_v1,contains_no_real_user_data
SHC-1103,我准备出门上班，能改善一下吗,implicit,sensation,leave_home_mode,玄关,security.front_door,智能门锁,security,"[{""device_id"":""light.living_main"",""action"":""turn_off"",""parameters"":{}},{""device_id"":""light.living_ambient"",""action"":""turn_off"",""parameters"":{}},{""device_id"":""light.dining"",""action"":""turn_off"",""parameters"":{}},{""device_id"":""light.kitchen"",""action"":""turn_off"",""parameters"":{}},{""device_id"":""light.bedroom_main"",""action"":""turn_off"",""parameters"":{}},{""device_id"":""light.bedside"",""action"":""turn_off"",""parameters"":{}},{""device_id"":""light.bedroom_second"",""action"":""turn_off"",""parameters"":{}},{""device_id"":""light.study"",""action"":""turn_off"",""parameters"":{}},{""device_id"":""light.bathroom"",""action"":""turn_off"",""parameters"":{}},{""device_id"":""light.entry"",""action"":""turn_off"",""parameters"":{}},{""device_id"":""light.balcony"",""action"":""turn_off"",""parameters"":{}},{""device_id"":""light.hallway"",""action"":""turn_off"",""parameters"":{}},{""device_id"":""light.cloakroom"",""action"":""turn_off"",""parameters"":{}},{""device_id"":""light.children"",""action"":""turn_off"",""parameters"":{}},{""device_id"":""light.garage"",""action"":""turn_off"",""parameters"":{}},{""device_id"":""climate.living_ac"",""action"":""turn_off"",""parameters"":{}},{""device_id"":""climate.bedroom_ac"",""action"":""turn_off"",""parameters"":{}},{""device_id"":""climate.second_ac"",""action"":""turn_off"",""parameters"":{}},{""device_id"":""climate.fresh_air"",""action"":""turn_off"",""parameters"":{}},{""device_id"":""kitchen_bath.water_heater"",""action"":""turn_off"",""parameters"":{}},{""device_id"":""kitchen_bath.range_hood"",""action"":""turn_off"",""parameters"":{}},{""device_id"":""kitchen_bath.dishwasher"",""action"":""turn_off"",""parameters"":{}},{""device_id"":""kitchen_bath.water_purifier"",""action"":""turn_off"",""parameters"":{}},{""device_id"":""kitchen_bath.rice_cooker"",""action"":""turn_off"",""parameters"":{}},{""device_id"":""kitchen_bath.oven"",""action"":""turn_off"",""parameters"":{}},{""device_id"":""kitchen_bath.microwave"",""action"":""turn_off"",""parameters"":{}},{""device_id"":""kitchen_bath.coffee"",""action"":""turn_off"",""parameters"":{}},{""device_id"":""kitchen_bath.bath_heater"",""action"":""turn_off"",""parameters"":{}},{""device_id"":""kitchen_bath.exhaust"",""action"":""turn_off"",""parameters"":{}},{""device_id"":""appliance.humidifier"",""action"":""turn_off"",""parameters"":{}},{""device_id"":""appliance.air_purifier"",""action"":""turn_off"",""parameters"":{}},{""device_id"":""appliance.robot_vacuum"",""action"":""turn_off"",""parameters"":{}},{""device_id"":""appliance.washer"",""action"":""turn_off"",""parameters"":{}},{""device_id"":""media.television"",""action"":""turn_off"",""parameters"":{}},{""device_id"":""media.speaker"",""action"":""turn_off"",""parameters"":{}},{""device_id"":""curtain.living"",""action"":""close"",""parameters"":{}},{""device_id"":""security.front_door"",""action"":""lock"",""parameters"":{}}]",train,synthetic_template_v1,contains_no_real_user_data
SHC-1104,家里没人了，有点不舒服,implicit,sensation,leave_home_mode,厨房,security.smoke_alarm,烟雾报警器,security,"[{""device_id"":""light.living_main"",""action"":""turn_off"",""parameters"":{}},{""device_id"":""light.living_ambient"",""action"":""turn_off"",""parameters"":{}},{""device_id"":""light.dining"",""action"":""turn_off"",""parameters"":{}},{""device_id"":""light.kitchen"",""action"":""turn_off"",""parameters"":{}},{""device_id"":""light.bedroom_main"",""action"":""turn_off"",""parameters"":{}},{""device_id"":""light.bedside"",""action"":""turn_off"",""parameters"":{}},{""device_id"":""light.bedroom_second"",""action"":""turn_off"",""parameters"":{}},{""device_id"":""light.study"",""action"":""turn_off"",""parameters"":{}},{""device_id"":""light.bathroom"",""action"":""turn_off"",""parameters"":{}},{""device_id"":""light.entry"",""action"":""turn_off"",""parameters"":{}},{""device_id"":""light.balcony"",""action"":""turn_off"",""parameters"":{}},{""device_id"":""light.hallway"",""action"":""turn_off"",""parameters"":{}},{""device_id"":""light.cloakroom"",""action"":""turn_off"",""parameters"":{}},{""device_id"":""light.children"",""action"":""turn_off"",""parameters"":{}},{""device_id"":""light.garage"",""action"":""turn_off"",""parameters"":{}},{""device_id"":""climate.living_ac"",""action"":""turn_off"",""parameters"":{}},{""device_id"":""climate.bedroom_ac"",""action"":""turn_off"",""parameters"":{}},{""device_id"":""climate.second_ac"",""action"":""turn_off"",""parameters"":{}},{""device_id"":""climate.fresh_air"",""action"":""turn_off"",""parameters"":{}},{""device_id"":""kitchen_bath.water_heater"",""action"":""turn_off"",""parameters"":{}},{""device_id"":""kitchen_bath.range_hood"",""action"":""turn_off"",""parameters"":{}},{""device_id"":""kitchen_bath.dishwasher"",""action"":""turn_off"",""parameters"":{}},{""device_id"":""kitchen_bath.water_purifier"",""action"":""turn_off"",""parameters"":{}},{""device_id"":""kitchen_bath.rice_cooker"",""action"":""turn_off"",""parameters"":{}},{""device_id"":""kitchen_bath.oven"",""action"":""turn_off"",""parameters"":{}},{""device_id"":""kitchen_bath.microwave"",""action"":""turn_off"",""parameters"":{}},{""device_id"":""kitchen_bath.coffee"",""action"":""turn_off"",""parameters"":{}},{""device_id"":""kitchen_bath.bath_heater"",""action"":""turn_off"",""parameters"":{}},{""device_id"":""kitchen_bath.exhaust"",""action"":""turn_off"",""parameters"":{}},{""device_id"":""appliance.humidifier"",""action"":""turn_off"",""parameters"":{}},{""device_id"":""appliance.air_purifier"",""action"":""turn_off"",""parameters"":{}},{""device_id"":""appliance.robot_vacuum"",""action"":""turn_off"",""parameters"":{}},{""device_id"":""appliance.washer"",""action"":""turn_off"",""parameters"":{}},{""device_id"":""media.television"",""action"":""turn_off"",""parameters"":{}},{""device_id"":""media.speaker"",""action"":""turn_off"",""parameters"":{}},{""device_id"":""curtain.living"",""action"":""close"",""parameters"":{}},{""device_id"":""security.front_door"",""action"":""lock"",""parameters"":{}}]",train,synthetic_template_v1,contains_no_real_user_data
SHC-1105,我要离家一会，我最近有点感冒,implicit,health,leave_home_mode,玄关,security.front_door,智能门锁,security,"[{""device_id"":""light.living_main"",""action"":""turn_off"",""parameters"":{}},{""device_id"":""light.living_ambient"",""action"":""turn_off"",""parameters"":{}},{""device_id"":""light.dining"",""action"":""turn_off"",""parameters"":{}},{""device_id"":""light.kitchen"",""action"":""turn_off"",""parameters"":{}},{""device_id"":""light.bedroom_main"",""action"":""turn_off"",""parameters"":{}},{""device_id"":""light.bedside"",""action"":""turn_off"",""parameters"":{}},{""device_id"":""light.bedroom_second"",""action"":""turn_off"",""parameters"":{}},{""device_id"":""light.study"",""action"":""turn_off"",""parameters"":{}},{""device_id"":""light.bathroom"",""action"":""turn_off"",""parameters"":{}},{""device_id"":""light.entry"",""action"":""turn_off"",""parameters"":{}},{""device_id"":""light.balcony"",""action"":""turn_off"",""parameters"":{}},{""device_id"":""light.hallway"",""action"":""turn_off"",""parameters"":{}},{""device_id"":""light.cloakroom"",""action"":""turn_off"",""parameters"":{}},{""device_id"":""light.children"",""action"":""turn_off"",""parameters"":{}},{""device_id"":""light.garage"",""action"":""turn_off"",""parameters"":{}},{""device_id"":""climate.living_ac"",""action"":""turn_off"",""parameters"":{}},{""device_id"":""climate.bedroom_ac"",""action"":""turn_off"",""parameters"":{}},{""device_id"":""climate.second_ac"",""action"":""turn_off"",""parameters"":{}},{""device_id"":""climate.fresh_air"",""action"":""turn_off"",""parameters"":{}},{""device_id"":""kitchen_bath.water_heater"",""action"":""turn_off"",""parameters"":{}},{""device_id"":""kitchen_bath.range_hood"",""action"":""turn_off"",""parameters"":{}},{""device_id"":""kitchen_bath.dishwasher"",""action"":""turn_off"",""parameters"":{}},{""device_id"":""kitchen_bath.water_purifier"",""action"":""turn_off"",""parameters"":{}},{""device_id"":""kitchen_bath.rice_cooker"",""action"":""turn_off"",""parameters"":{}},{""device_id"":""kitchen_bath.oven"",""action"":""turn_off"",""parameters"":{}},{""device_id"":""kitchen_bath.microwave"",""action"":""turn_off"",""parameters"":{}},{""device_id"":""kitchen_bath.coffee"",""action"":""turn_off"",""parameters"":{}},{""device_id"":""kitchen_bath.bath_heater"",""action"":""turn_off"",""parameters"":{}},{""device_id"":""kitchen_bath.exhaust"",""action"":""turn_off"",""parameters"":{}},{""device_id"":""appliance.humidifier"",""action"":""turn_off"",""parameters"":{}},{""device_id"":""appliance.air_purifier"",""action"":""turn_off"",""parameters"":{}},{""device_id"":""appliance.robot_vacuum"",""action"":""turn_off"",""parameters"":{}},{""device_id"":""appliance.washer"",""action"":""turn_off"",""parameters"":{}},{""device_id"":""media.television"",""action"":""turn_off"",""parameters"":{}},{""device_id"":""media.speaker"",""action"":""turn_off"",""parameters"":{}},{""device_id"":""curtain.living"",""action"":""close"",""parameters"":{}},{""device_id"":""security.front_door"",""action"":""lock"",""parameters"":{}}]",train,synthetic_template_v1,contains_no_real_user_data
SHC-1106,我准备出门上班，家里有老人,implicit,health,leave_home_mode,厨房,security.smoke_alarm,烟雾报警器,security,"[{""device_id"":""light.living_main"",""action"":""turn_off"",""parameters"":{}},{""device_id"":""light.living_ambient"",""action"":""turn_off"",""parameters"":{}},{""device_id"":""light.dining"",""action"":""turn_off"",""parameters"":{}},{""device_id"":""light.kitchen"",""action"":""turn_off"",""parameters"":{}},{""device_id"":""light.bedroom_main"",""action"":""turn_off"",""parameters"":{}},{""device_id"":""light.bedside"",""action"":""turn_off"",""parameters"":{}},{""device_id"":""light.bedroom_second"",""action"":""turn_off"",""parameters"":{}},{""device_id"":""light.study"",""action"":""turn_off"",""parameters"":{}},{""device_id"":""light.bathroom"",""action"":""turn_off"",""parameters"":{}},{""device_id"":""light.entry"",""action"":""turn_off"",""parameters"":{}},{""device_id"":""light.balcony"",""action"":""turn_off"",""parameters"":{}},{""device_id"":""light.hallway"",""action"":""turn_off"",""parameters"":{}},{""device_id"":""light.cloakroom"",""action"":""turn_off"",""parameters"":{}},{""device_id"":""light.children"",""action"":""turn_off"",""parameters"":{}},{""device_id"":""light.garage"",""action"":""turn_off"",""parameters"":{}},{""device_id"":""climate.living_ac"",""action"":""turn_off"",""parameters"":{}},{""device_id"":""climate.bedroom_ac"",""action"":""turn_off"",""parameters"":{}},{""device_id"":""climate.second_ac"",""action"":""turn_off"",""parameters"":{}},{""device_id"":""climate.fresh_air"",""action"":""turn_off"",""parameters"":{}},{""device_id"":""kitchen_bath.water_heater"",""action"":""turn_off"",""parameters"":{}},{""device_id"":""kitchen_bath.range_hood"",""action"":""turn_off"",""parameters"":{}},{""device_id"":""kitchen_bath.dishwasher"",""action"":""turn_off"",""parameters"":{}},{""device_id"":""kitchen_bath.water_purifier"",""action"":""turn_off"",""parameters"":{}},{""device_id"":""kitchen_bath.rice_cooker"",""action"":""turn_off"",""parameters"":{}},{""device_id"":""kitchen_bath.oven"",""action"":""turn_off"",""parameters"":{}},{""device_id"":""kitchen_bath.microwave"",""action"":""turn_off"",""parameters"":{}},{""device_id"":""kitchen_bath.coffee"",""action"":""turn_off"",""parameters"":{}},{""device_id"":""kitchen_bath.bath_heater"",""action"":""turn_off"",""parameters"":{}},{""device_id"":""kitchen_bath.exhaust"",""action"":""turn_off"",""parameters"":{}},{""device_id"":""appliance.humidifier"",""action"":""turn_off"",""parameters"":{}},{""device_id"":""appliance.air_purifier"",""action"":""turn_off"",""parameters"":{}},{""device_id"":""appliance.robot_vacuum"",""action"":""turn_off"",""parameters"":{}},{""device_id"":""appliance.washer"",""action"":""turn_off"",""parameters"":{}},{""device_id"":""media.television"",""action"":""turn_off"",""parameters"":{}},{""device_id"":""media.speaker"",""action"":""turn_off"",""parameters"":{}},{""device_id"":""curtain.living"",""action"":""close"",""parameters"":{}},{""device_id"":""security.front_door"",""action"":""lock"",""parameters"":{}}]",train,synthetic_template_v1,contains_no_real_user_data
SHC-1107,家里没人了,implicit,sensation,leave_home_mode,玄关,security.front_door,智能门锁,security,"[{""device_id"":""light.living_main"",""action"":""turn_off"",""parameters"":{}},{""device_id"":""light.living_ambient"",""action"":""turn_off"",""parameters"":{}},{""device_id"":""light.dining"",""action"":""turn_off"",""parameters"":{}},{""device_id"":""light.kitchen"",""action"":""turn_off"",""parameters"":{}},{""device_id"":""light.bedroom_main"",""action"":""turn_off"",""parameters"":{}},{""device_id"":""light.bedside"",""action"":""turn_off"",""parameters"":{}},{""device_id"":""light.bedroom_second"",""action"":""turn_off"",""parameters"":{}},{""device_id"":""light.study"",""action"":""turn_off"",""parameters"":{}},{""device_id"":""light.bathroom"",""action"":""turn_off"",""parameters"":{}},{""device_id"":""light.entry"",""action"":""turn_off"",""parameters"":{}},{""device_id"":""light.balcony"",""action"":""turn_off"",""parameters"":{}},{""device_id"":""light.hallway"",""action"":""turn_off"",""parameters"":{}},{""device_id"":""light.cloakroom"",""action"":""turn_off"",""parameters"":{}},{""device_id"":""light.children"",""action"":""turn_off"",""parameters"":{}},{""device_id"":""light.garage"",""action"":""turn_off"",""parameters"":{}},{""device_id"":""climate.living_ac"",""action"":""turn_off"",""parameters"":{}},{""device_id"":""climate.bedroom_ac"",""action"":""turn_off"",""parameters"":{}},{""device_id"":""climate.second_ac"",""action"":""turn_off"",""parameters"":{}},{""device_id"":""climate.fresh_air"",""action"":""turn_off"",""parameters"":{}},{""device_id"":""kitchen_bath.water_heater"",""action"":""turn_off"",""parameters"":{}},{""device_id"":""kitchen_bath.range_hood"",""action"":""turn_off"",""parameters"":{}},{""device_id"":""kitchen_bath.dishwasher"",""action"":""turn_off"",""parameters"":{}},{""device_id"":""kitchen_bath.water_purifier"",""action"":""turn_off"",""parameters"":{}},{""device_id"":""kitchen_bath.rice_cooker"",""action"":""turn_off"",""parameters"":{}},{""device_id"":""kitchen_bath.oven"",""action"":""turn_off"",""parameters"":{}},{""device_id"":""kitchen_bath.microwave"",""action"":""turn_off"",""parameters"":{}},{""device_id"":""kitchen_bath.coffee"",""action"":""turn_off"",""parameters"":{}},{""device_id"":""kitchen_bath.bath_heater"",""action"":""turn_off"",""parameters"":{}},{""device_id"":""kitchen_bath.exhaust"",""action"":""turn_off"",""parameters"":{}},{""device_id"":""appliance.humidifier"",""action"":""turn_off"",""parameters"":{}},{""device_id"":""appliance.air_purifier"",""action"":""turn_off"",""parameters"":{}},{""device_id"":""appliance.robot_vacuum"",""action"":""turn_off"",""parameters"":{}},{""device_id"":""appliance.washer"",""action"":""turn_off"",""parameters"":{}},{""device_id"":""media.television"",""action"":""turn_off"",""parameters"":{}},{""device_id"":""media.speaker"",""action"":""turn_off"",""parameters"":{}},{""device_id"":""curtain.living"",""action"":""close"",""parameters"":{}},{""device_id"":""security.front_door"",""action"":""lock"",""parameters"":{}}]",train,synthetic_template_v1,contains_no_real_user_data
SHC-1108,我要离家一会，现在开始吧,implicit,scene,leave_home_mode,厨房,security.smoke_alarm,烟雾报警器,security,"[{""device_id"":""light.living_main"",""action"":""turn_off"",""parameters"":{}},{""device_id"":""light.living_ambient"",""action"":""turn_off"",""parameters"":{}},{""device_id"":""light.dining"",""action"":""turn_off"",""parameters"":{}},{""device_id"":""light.kitchen"",""action"":""turn_off"",""parameters"":{}},{""device_id"":""light.bedroom_main"",""action"":""turn_off"",""parameters"":{}},{""device_id"":""light.bedside"",""action"":""turn_off"",""parameters"":{}},{""device_id"":""light.bedroom_second"",""action"":""turn_off"",""parameters"":{}},{""device_id"":""light.study"",""action"":""turn_off"",""parameters"":{}},{""device_id"":""light.bathroom"",""action"":""turn_off"",""parameters"":{}},{""device_id"":""light.entry"",""action"":""turn_off"",""parameters"":{}},{""device_id"":""light.balcony"",""action"":""turn_off"",""parameters"":{}},{""device_id"":""light.hallway"",""action"":""turn_off"",""parameters"":{}},{""device_id"":""light.cloakroom"",""action"":""turn_off"",""parameters"":{}},{""device_id"":""light.children"",""action"":""turn_off"",""parameters"":{}},{""device_id"":""light.garage"",""action"":""turn_off"",""parameters"":{}},{""device_id"":""climate.living_ac"",""action"":""turn_off"",""parameters"":{}},{""device_id"":""climate.bedroom_ac"",""action"":""turn_off"",""parameters"":{}},{""device_id"":""climate.second_ac"",""action"":""turn_off"",""parameters"":{}},{""device_id"":""climate.fresh_air"",""action"":""turn_off"",""parameters"":{}},{""device_id"":""kitchen_bath.water_heater"",""action"":""turn_off"",""parameters"":{}},{""device_id"":""kitchen_bath.range_hood"",""action"":""turn_off"",""parameters"":{}},{""device_id"":""kitchen_bath.dishwasher"",""action"":""turn_off"",""parameters"":{}},{""device_id"":""kitchen_bath.water_purifier"",""action"":""turn_off"",""parameters"":{}},{""device_id"":""kitchen_bath.rice_cooker"",""action"":""turn_off"",""parameters"":{}},{""device_id"":""kitchen_bath.oven"",""action"":""turn_off"",""parameters"":{}},{""device_id"":""kitchen_bath.microwave"",""action"":""turn_off"",""parameters"":{}},{""device_id"":""kitchen_bath.coffee"",""action"":""turn_off"",""parameters"":{}},{""device_id"":""kitchen_bath.bath_heater"",""action"":""turn_off"",""parameters"":{}},{""device_id"":""kitchen_bath.exhaust"",""action"":""turn_off"",""parameters"":{}},{""device_id"":""appliance.humidifier"",""action"":""turn_off"",""parameters"":{}},{""device_id"":""appliance.air_purifier"",""action"":""turn_off"",""parameters"":{}},{""device_id"":""appliance.robot_vacuum"",""action"":""turn_off"",""parameters"":{}},{""device_id"":""appliance.washer"",""action"":""turn_off"",""parameters"":{}},{""device_id"":""media.television"",""action"":""turn_off"",""parameters"":{}},{""device_id"":""media.speaker"",""action"":""turn_off"",""parameters"":{}},{""device_id"":""curtain.living"",""action"":""close"",""parameters"":{}},{""device_id"":""security.front_door"",""action"":""lock"",""parameters"":{}}]",validation,synthetic_template_v1,contains_no_real_user_data
SHC-1109,我准备出门上班，帮我准备一下,implicit,scene,leave_home_mode,玄关,security.front_door,智能门锁,security,"[{""device_id"":""light.living_main"",""action"":""turn_off"",""parameters"":{}},{""device_id"":""light.living_ambient"",""action"":""turn_off"",""parameters"":{}},{""device_id"":""light.dining"",""action"":""turn_off"",""parameters"":{}},{""device_id"":""light.kitchen"",""action"":""turn_off"",""parameters"":{}},{""device_id"":""light.bedroom_main"",""action"":""turn_off"",""parameters"":{}},{""device_id"":""light.bedside"",""action"":""turn_off"",""parameters"":{}},{""device_id"":""light.bedroom_second"",""action"":""turn_off"",""parameters"":{}},{""device_id"":""light.study"",""action"":""turn_off"",""parameters"":{}},{""device_id"":""light.bathroom"",""action"":""turn_off"",""parameters"":{}},{""device_id"":""light.entry"",""action"":""turn_off"",""parameters"":{}},{""device_id"":""light.balcony"",""action"":""turn_off"",""parameters"":{}},{""device_id"":""light.hallway"",""action"":""turn_off"",""parameters"":{}},{""device_id"":""light.cloakroom"",""action"":""turn_off"",""parameters"":{}},{""device_id"":""light.children"",""action"":""turn_off"",""parameters"":{}},{""device_id"":""light.garage"",""action"":""turn_off"",""parameters"":{}},{""device_id"":""climate.living_ac"",""action"":""turn_off"",""parameters"":{}},{""device_id"":""climate.bedroom_ac"",""action"":""turn_off"",""parameters"":{}},{""device_id"":""climate.second_ac"",""action"":""turn_off"",""parameters"":{}},{""device_id"":""climate.fresh_air"",""action"":""turn_off"",""parameters"":{}},{""device_id"":""kitchen_bath.water_heater"",""action"":""turn_off"",""parameters"":{}},{""device_id"":""kitchen_bath.range_hood"",""action"":""turn_off"",""parameters"":{}},{""device_id"":""kitchen_bath.dishwasher"",""action"":""turn_off"",""parameters"":{}},{""device_id"":""kitchen_bath.water_purifier"",""action"":""turn_off"",""parameters"":{}},{""device_id"":""kitchen_bath.rice_cooker"",""action"":""turn_off"",""parameters"":{}},{""device_id"":""kitchen_bath.oven"",""action"":""turn_off"",""parameters"":{}},{""device_id"":""kitchen_bath.microwave"",""action"":""turn_off"",""parameters"":{}},{""device_id"":""kitchen_bath.coffee"",""action"":""turn_off"",""parameters"":{}},{""device_id"":""kitchen_bath.bath_heater"",""action"":""turn_off"",""parameters"":{}},{""device_id"":""kitchen_bath.exhaust"",""action"":""turn_off"",""parameters"":{}},{""device_id"":""appliance.humidifier"",""action"":""turn_off"",""parameters"":{}},{""device_id"":""appliance.air_purifier"",""action"":""turn_off"",""parameters"":{}},{""device_id"":""appliance.robot_vacuum"",""action"":""turn_off"",""parameters"":{}},{""device_id"":""appliance.washer"",""action"":""turn_off"",""parameters"":{}},{""device_id"":""media.television"",""action"":""turn_off"",""parameters"":{}},{""device_id"":""media.speaker"",""action"":""turn_off"",""parameters"":{}},{""device_id"":""curtain.living"",""action"":""close"",""parameters"":{}},{""device_id"":""security.front_door"",""action"":""lock"",""parameters"":{}}]",test,synthetic_template_v1,contains_no_real_user_data
SHC-1110,家里没人了，按平时的习惯来,implicit,scene,leave_home_mode,厨房,security.smoke_alarm,烟雾报警器,security,"[{""device_id"":""light.living_main"",""action"":""turn_off"",""parameters"":{}},{""device_id"":""light.living_ambient"",""action"":""turn_off"",""parameters"":{}},{""device_id"":""light.dining"",""action"":""turn_off"",""parameters"":{}},{""device_id"":""light.kitchen"",""action"":""turn_off"",""parameters"":{}},{""device_id"":""light.bedroom_main"",""action"":""turn_off"",""parameters"":{}},{""device_id"":""light.bedside"",""action"":""turn_off"",""parameters"":{}},{""device_id"":""light.bedroom_second"",""action"":""turn_off"",""parameters"":{}},{""device_id"":""light.study"",""action"":""turn_off"",""parameters"":{}},{""device_id"":""light.bathroom"",""action"":""turn_off"",""parameters"":{}},{""device_id"":""light.entry"",""action"":""turn_off"",""parameters"":{}},{""device_id"":""light.balcony"",""action"":""turn_off"",""parameters"":{}},{""device_id"":""light.hallway"",""action"":""turn_off"",""parameters"":{}},{""device_id"":""light.cloakroom"",""action"":""turn_off"",""parameters"":{}},{""device_id"":""light.children"",""action"":""turn_off"",""parameters"":{}},{""device_id"":""light.garage"",""action"":""turn_off"",""parameters"":{}},{""device_id"":""climate.living_ac"",""action"":""turn_off"",""parameters"":{}},{""device_id"":""climate.bedroom_ac"",""action"":""turn_off"",""parameters"":{}},{""device_id"":""climate.second_ac"",""action"":""turn_off"",""parameters"":{}},{""device_id"":""climate.fresh_air"",""action"":""turn_off"",""parameters"":{}},{""device_id"":""kitchen_bath.water_heater"",""action"":""turn_off"",""parameters"":{}},{""device_id"":""kitchen_bath.range_hood"",""action"":""turn_off"",""parameters"":{}},{""device_id"":""kitchen_bath.dishwasher"",""action"":""turn_off"",""parameters"":{}},{""device_id"":""kitchen_bath.water_purifier"",""action"":""turn_off"",""parameters"":{}},{""device_id"":""kitchen_bath.rice_cooker"",""action"":""turn_off"",""parameters"":{}},{""device_id"":""kitchen_bath.oven"",""action"":""turn_off"",""parameters"":{}},{""device_id"":""kitchen_bath.microwave"",""action"":""turn_off"",""parameters"":{}},{""device_id"":""kitchen_bath.coffee"",""action"":""turn_off"",""parameters"":{}},{""device_id"":""kitchen_bath.bath_heater"",""action"":""turn_off"",""parameters"":{}},{""device_id"":""kitchen_bath.exhaust"",""action"":""turn_off"",""parameters"":{}},{""device_id"":""appliance.humidifier"",""action"":""turn_off"",""parameters"":{}},{""device_id"":""appliance.air_purifier"",""action"":""turn_off"",""parameters"":{}},{""device_id"":""appliance.robot_vacuum"",""action"":""turn_off"",""parameters"":{}},{""device_id"":""appliance.washer"",""action"":""turn_off"",""parameters"":{}},{""device_id"":""media.television"",""action"":""turn_off"",""parameters"":{}},{""device_id"":""media.speaker"",""action"":""turn_off"",""parameters"":{}},{""device_id"":""curtain.living"",""action"":""close"",""parameters"":{}},{""device_id"":""security.front_door"",""action"":""lock"",""parameters"":{}}]",train,synthetic_template_v1,contains_no_real_user_data
SHC-1111,我要离家一会，帮我准备一下,implicit,scene,leave_home_mode,玄关,security.front_door,智能门锁,security,"[{""device_id"":""light.living_main"",""action"":""turn_off"",""parameters"":{}},{""device_id"":""light.living_ambient"",""action"":""turn_off"",""parameters"":{}},{""device_id"":""light.dining"",""action"":""turn_off"",""parameters"":{}},{""device_id"":""light.kitchen"",""action"":""turn_off"",""parameters"":{}},{""device_id"":""light.bedroom_main"",""action"":""turn_off"",""parameters"":{}},{""device_id"":""light.bedside"",""action"":""turn_off"",""parameters"":{}},{""device_id"":""light.bedroom_second"",""action"":""turn_off"",""parameters"":{}},{""device_id"":""light.study"",""action"":""turn_off"",""parameters"":{}},{""device_id"":""light.bathroom"",""action"":""turn_off"",""parameters"":{}},{""device_id"":""light.entry"",""action"":""turn_off"",""parameters"":{}},{""device_id"":""light.balcony"",""action"":""turn_off"",""parameters"":{}},{""device_id"":""light.hallway"",""action"":""turn_off"",""parameters"":{}},{""device_id"":""light.cloakroom"",""action"":""turn_off"",""parameters"":{}},{""device_id"":""light.children"",""action"":""turn_off"",""parameters"":{}},{""device_id"":""light.garage"",""action"":""turn_off"",""parameters"":{}},{""device_id"":""climate.living_ac"",""action"":""turn_off"",""parameters"":{}},{""device_id"":""climate.bedroom_ac"",""action"":""turn_off"",""parameters"":{}},{""device_id"":""climate.second_ac"",""action"":""turn_off"",""parameters"":{}},{""device_id"":""climate.fresh_air"",""action"":""turn_off"",""parameters"":{}},{""device_id"":""kitchen_bath.water_heater"",""action"":""turn_off"",""parameters"":{}},{""device_id"":""kitchen_bath.range_hood"",""action"":""turn_off"",""parameters"":{}},{""device_id"":""kitchen_bath.dishwasher"",""action"":""turn_off"",""parameters"":{}},{""device_id"":""kitchen_bath.water_purifier"",""action"":""turn_off"",""parameters"":{}},{""device_id"":""kitchen_bath.rice_cooker"",""action"":""turn_off"",""parameters"":{}},{""device_id"":""kitchen_bath.oven"",""action"":""turn_off"",""parameters"":{}},{""device_id"":""kitchen_bath.microwave"",""action"":""turn_off"",""parameters"":{}},{""device_id"":""kitchen_bath.coffee"",""action"":""turn_off"",""parameters"":{}},{""device_id"":""kitchen_bath.bath_heater"",""action"":""turn_off"",""parameters"":{}},{""device_id"":""kitchen_bath.exhaust"",""action"":""turn_off"",""parameters"":{}},{""device_id"":""appliance.humidifier"",""action"":""turn_off"",""parameters"":{}},{""device_id"":""appliance.air_purifier"",""action"":""turn_off"",""parameters"":{}},{""device_id"":""appliance.robot_vacuum"",""action"":""turn_off"",""parameters"":{}},{""device_id"":""appliance.washer"",""action"":""turn_off"",""parameters"":{}},{""device_id"":""media.television"",""action"":""turn_off"",""parameters"":{}},{""device_id"":""media.speaker"",""action"":""turn_off"",""parameters"":{}},{""device_id"":""curtain.living"",""action"":""close"",""parameters"":{}},{""device_id"":""security.front_door"",""action"":""lock"",""parameters"":{}}]",train,synthetic_template_v1,contains_no_real_user_data
SHC-1112,我准备出门上班，有点不舒服,implicit,sensation,leave_home_mode,厨房,security.smoke_alarm,烟雾报警器,security,"[{""device_id"":""light.living_main"",""action"":""turn_off"",""parameters"":{}},{""device_id"":""light.living_ambient"",""action"":""turn_off"",""parameters"":{}},{""device_id"":""light.dining"",""action"":""turn_off"",""parameters"":{}},{""device_id"":""light.kitchen"",""action"":""turn_off"",""parameters"":{}},{""device_id"":""light.bedroom_main"",""action"":""turn_off"",""parameters"":{}},{""device_id"":""light.bedside"",""action"":""turn_off"",""parameters"":{}},{""device_id"":""light.bedroom_second"",""action"":""turn_off"",""parameters"":{}},{""device_id"":""light.study"",""action"":""turn_off"",""parameters"":{}},{""device_id"":""light.bathroom"",""action"":""turn_off"",""parameters"":{}},{""device_id"":""light.entry"",""action"":""turn_off"",""parameters"":{}},{""device_id"":""light.balcony"",""action"":""turn_off"",""parameters"":{}},{""device_id"":""light.hallway"",""action"":""turn_off"",""parameters"":{}},{""device_id"":""light.cloakroom"",""action"":""turn_off"",""parameters"":{}},{""device_id"":""light.children"",""action"":""turn_off"",""parameters"":{}},{""device_id"":""light.garage"",""action"":""turn_off"",""parameters"":{}},{""device_id"":""climate.living_ac"",""action"":""turn_off"",""parameters"":{}},{""device_id"":""climate.bedroom_ac"",""action"":""turn_off"",""parameters"":{}},{""device_id"":""climate.second_ac"",""action"":""turn_off"",""parameters"":{}},{""device_id"":""climate.fresh_air"",""action"":""turn_off"",""parameters"":{}},{""device_id"":""kitchen_bath.water_heater"",""action"":""turn_off"",""parameters"":{}},{""device_id"":""kitchen_bath.range_hood"",""action"":""turn_off"",""parameters"":{}},{""device_id"":""kitchen_bath.dishwasher"",""action"":""turn_off"",""parameters"":{}},{""device_id"":""kitchen_bath.water_purifier"",""action"":""turn_off"",""parameters"":{}},{""device_id"":""kitchen_bath.rice_cooker"",""action"":""turn_off"",""parameters"":{}},{""device_id"":""kitchen_bath.oven"",""action"":""turn_off"",""parameters"":{}},{""device_id"":""kitchen_bath.microwave"",""action"":""turn_off"",""parameters"":{}},{""device_id"":""kitchen_bath.coffee"",""action"":""turn_off"",""parameters"":{}},{""device_id"":""kitchen_bath.bath_heater"",""action"":""turn_off"",""parameters"":{}},{""device_id"":""kitchen_bath.exhaust"",""action"":""turn_off"",""parameters"":{}},{""device_id"":""appliance.humidifier"",""action"":""turn_off"",""parameters"":{}},{""device_id"":""appliance.air_purifier"",""action"":""turn_off"",""parameters"":{}},{""device_id"":""appliance.robot_vacuum"",""action"":""turn_off"",""parameters"":{}},{""device_id"":""appliance.washer"",""action"":""turn_off"",""parameters"":{}},{""device_id"":""media.television"",""action"":""turn_off"",""parameters"":{}},{""device_id"":""media.speaker"",""action"":""turn_off"",""parameters"":{}},{""device_id"":""curtain.living"",""action"":""close"",""parameters"":{}},{""device_id"":""security.front_door"",""action"":""lock"",""parameters"":{}}]",train,synthetic_template_v1,contains_no_real_user_data
SHC-1113,家里没人了，能改善一下吗,implicit,sensation,leave_home_mode,玄关,security.front_door,智能门锁,security,"[{""device_id"":""light.living_main"",""action"":""turn_off"",""parameters"":{}},{""device_id"":""light.living_ambient"",""action"":""turn_off"",""parameters"":{}},{""device_id"":""light.dining"",""action"":""turn_off"",""parameters"":{}},{""device_id"":""light.kitchen"",""action"":""turn_off"",""parameters"":{}},{""device_id"":""light.bedroom_main"",""action"":""turn_off"",""parameters"":{}},{""device_id"":""light.bedside"",""action"":""turn_off"",""parameters"":{}},{""device_id"":""light.bedroom_second"",""action"":""turn_off"",""parameters"":{}},{""device_id"":""light.study"",""action"":""turn_off"",""parameters"":{}},{""device_id"":""light.bathroom"",""action"":""turn_off"",""parameters"":{}},{""device_id"":""light.entry"",""action"":""turn_off"",""parameters"":{}},{""device_id"":""light.balcony"",""action"":""turn_off"",""parameters"":{}},{""device_id"":""light.hallway"",""action"":""turn_off"",""parameters"":{}},{""device_id"":""light.cloakroom"",""action"":""turn_off"",""parameters"":{}},{""device_id"":""light.children"",""action"":""turn_off"",""parameters"":{}},{""device_id"":""light.garage"",""action"":""turn_off"",""parameters"":{}},{""device_id"":""climate.living_ac"",""action"":""turn_off"",""parameters"":{}},{""device_id"":""climate.bedroom_ac"",""action"":""turn_off"",""parameters"":{}},{""device_id"":""climate.second_ac"",""action"":""turn_off"",""parameters"":{}},{""device_id"":""climate.fresh_air"",""action"":""turn_off"",""parameters"":{}},{""device_id"":""kitchen_bath.water_heater"",""action"":""turn_off"",""parameters"":{}},{""device_id"":""kitchen_bath.range_hood"",""action"":""turn_off"",""parameters"":{}},{""device_id"":""kitchen_bath.dishwasher"",""action"":""turn_off"",""parameters"":{}},{""device_id"":""kitchen_bath.water_purifier"",""action"":""turn_off"",""parameters"":{}},{""device_id"":""kitchen_bath.rice_cooker"",""action"":""turn_off"",""parameters"":{}},{""device_id"":""kitchen_bath.oven"",""action"":""turn_off"",""parameters"":{}},{""device_id"":""kitchen_bath.microwave"",""action"":""turn_off"",""parameters"":{}},{""device_id"":""kitchen_bath.coffee"",""action"":""turn_off"",""parameters"":{}},{""device_id"":""kitchen_bath.bath_heater"",""action"":""turn_off"",""parameters"":{}},{""device_id"":""kitchen_bath.exhaust"",""action"":""turn_off"",""parameters"":{}},{""device_id"":""appliance.humidifier"",""action"":""turn_off"",""parameters"":{}},{""device_id"":""appliance.air_purifier"",""action"":""turn_off"",""parameters"":{}},{""device_id"":""appliance.robot_vacuum"",""action"":""turn_off"",""parameters"":{}},{""device_id"":""appliance.washer"",""action"":""turn_off"",""parameters"":{}},{""device_id"":""media.television"",""action"":""turn_off"",""parameters"":{}},{""device_id"":""media.speaker"",""action"":""turn_off"",""parameters"":{}},{""device_id"":""curtain.living"",""action"":""close"",""parameters"":{}},{""device_id"":""security.front_door"",""action"":""lock"",""parameters"":{}}]",train,synthetic_template_v1,contains_no_real_user_data
SHC-1114,我要离家一会,implicit,sensation,leave_home_mode,厨房,security.smoke_alarm,烟雾报警器,security,"[{""device_id"":""light.living_main"",""action"":""turn_off"",""parameters"":{}},{""device_id"":""light.living_ambient"",""action"":""turn_off"",""parameters"":{}},{""device_id"":""light.dining"",""action"":""turn_off"",""parameters"":{}},{""device_id"":""light.kitchen"",""action"":""turn_off"",""parameters"":{}},{""device_id"":""light.bedroom_main"",""action"":""turn_off"",""parameters"":{}},{""device_id"":""light.bedside"",""action"":""turn_off"",""parameters"":{}},{""device_id"":""light.bedroom_second"",""action"":""turn_off"",""parameters"":{}},{""device_id"":""light.study"",""action"":""turn_off"",""parameters"":{}},{""device_id"":""light.bathroom"",""action"":""turn_off"",""parameters"":{}},{""device_id"":""light.entry"",""action"":""turn_off"",""parameters"":{}},{""device_id"":""light.balcony"",""action"":""turn_off"",""parameters"":{}},{""device_id"":""light.hallway"",""action"":""turn_off"",""parameters"":{}},{""device_id"":""light.cloakroom"",""action"":""turn_off"",""parameters"":{}},{""device_id"":""light.children"",""action"":""turn_off"",""parameters"":{}},{""device_id"":""light.garage"",""action"":""turn_off"",""parameters"":{}},{""device_id"":""climate.living_ac"",""action"":""turn_off"",""parameters"":{}},{""device_id"":""climate.bedroom_ac"",""action"":""turn_off"",""parameters"":{}},{""device_id"":""climate.second_ac"",""action"":""turn_off"",""parameters"":{}},{""device_id"":""climate.fresh_air"",""action"":""turn_off"",""parameters"":{}},{""device_id"":""kitchen_bath.water_heater"",""action"":""turn_off"",""parameters"":{}},{""device_id"":""kitchen_bath.range_hood"",""action"":""turn_off"",""parameters"":{}},{""device_id"":""kitchen_bath.dishwasher"",""action"":""turn_off"",""parameters"":{}},{""device_id"":""kitchen_bath.water_purifier"",""action"":""turn_off"",""parameters"":{}},{""device_id"":""kitchen_bath.rice_cooker"",""action"":""turn_off"",""parameters"":{}},{""device_id"":""kitchen_bath.oven"",""action"":""turn_off"",""parameters"":{}},{""device_id"":""kitchen_bath.microwave"",""action"":""turn_off"",""parameters"":{}},{""device_id"":""kitchen_bath.coffee"",""action"":""turn_off"",""parameters"":{}},{""device_id"":""kitchen_bath.bath_heater"",""action"":""turn_off"",""parameters"":{}},{""device_id"":""kitchen_bath.exhaust"",""action"":""turn_off"",""parameters"":{}},{""device_id"":""appliance.humidifier"",""action"":""turn_off"",""parameters"":{}},{""device_id"":""appliance.air_purifier"",""action"":""turn_off"",""parameters"":{}},{""device_id"":""appliance.robot_vacuum"",""action"":""turn_off"",""parameters"":{}},{""device_id"":""appliance.washer"",""action"":""turn_off"",""parameters"":{}},{""device_id"":""media.television"",""action"":""turn_off"",""parameters"":{}},{""device_id"":""media.speaker"",""action"":""turn_off"",""parameters"":{}},{""device_id"":""curtain.living"",""action"":""close"",""parameters"":{}},{""device_id"":""security.front_door"",""action"":""lock"",""parameters"":{}}]",train,synthetic_template_v1,contains_no_real_user_data
SHC-1115,我准备出门上班，帮我准备一下,implicit,scene,leave_home_mode,玄关,security.front_door,智能门锁,security,"[{""device_id"":""light.living_main"",""action"":""turn_off"",""parameters"":{}},{""device_id"":""light.living_ambient"",""action"":""turn_off"",""parameters"":{}},{""device_id"":""light.dining"",""action"":""turn_off"",""parameters"":{}},{""device_id"":""light.kitchen"",""action"":""turn_off"",""parameters"":{}},{""device_id"":""light.bedroom_main"",""action"":""turn_off"",""parameters"":{}},{""device_id"":""light.bedside"",""action"":""turn_off"",""parameters"":{}},{""device_id"":""light.bedroom_second"",""action"":""turn_off"",""parameters"":{}},{""device_id"":""light.study"",""action"":""turn_off"",""parameters"":{}},{""device_id"":""light.bathroom"",""action"":""turn_off"",""parameters"":{}},{""device_id"":""light.entry"",""action"":""turn_off"",""parameters"":{}},{""device_id"":""light.balcony"",""action"":""turn_off"",""parameters"":{}},{""device_id"":""light.hallway"",""action"":""turn_off"",""parameters"":{}},{""device_id"":""light.cloakroom"",""action"":""turn_off"",""parameters"":{}},{""device_id"":""light.children"",""action"":""turn_off"",""parameters"":{}},{""device_id"":""light.garage"",""action"":""turn_off"",""parameters"":{}},{""device_id"":""climate.living_ac"",""action"":""turn_off"",""parameters"":{}},{""device_id"":""climate.bedroom_ac"",""action"":""turn_off"",""parameters"":{}},{""device_id"":""climate.second_ac"",""action"":""turn_off"",""parameters"":{}},{""device_id"":""climate.fresh_air"",""action"":""turn_off"",""parameters"":{}},{""device_id"":""kitchen_bath.water_heater"",""action"":""turn_off"",""parameters"":{}},{""device_id"":""kitchen_bath.range_hood"",""action"":""turn_off"",""parameters"":{}},{""device_id"":""kitchen_bath.dishwasher"",""action"":""turn_off"",""parameters"":{}},{""device_id"":""kitchen_bath.water_purifier"",""action"":""turn_off"",""parameters"":{}},{""device_id"":""kitchen_bath.rice_cooker"",""action"":""turn_off"",""parameters"":{}},{""device_id"":""kitchen_bath.oven"",""action"":""turn_off"",""parameters"":{}},{""device_id"":""kitchen_bath.microwave"",""action"":""turn_off"",""parameters"":{}},{""device_id"":""kitchen_bath.coffee"",""action"":""turn_off"",""parameters"":{}},{""device_id"":""kitchen_bath.bath_heater"",""action"":""turn_off"",""parameters"":{}},{""device_id"":""kitchen_bath.exhaust"",""action"":""turn_off"",""parameters"":{}},{""device_id"":""appliance.humidifier"",""action"":""turn_off"",""parameters"":{}},{""device_id"":""appliance.air_purifier"",""action"":""turn_off"",""parameters"":{}},{""device_id"":""appliance.robot_vacuum"",""action"":""turn_off"",""parameters"":{}},{""device_id"":""appliance.washer"",""action"":""turn_off"",""parameters"":{}},{""device_id"":""media.television"",""action"":""turn_off"",""parameters"":{}},{""device_id"":""media.speaker"",""action"":""turn_off"",""parameters"":{}},{""device_id"":""curtain.living"",""action"":""close"",""parameters"":{}},{""device_id"":""security.front_door"",""action"":""lock"",""parameters"":{}}]",train,synthetic_template_v1,contains_no_real_user_data
SHC-1116,家里没人了，按平时的习惯来,implicit,scene,leave_home_mode,厨房,security.smoke_alarm,烟雾报警器,security,"[{""device_id"":""light.living_main"",""action"":""turn_off"",""parameters"":{}},{""device_id"":""light.living_ambient"",""action"":""turn_off"",""parameters"":{}},{""device_id"":""light.dining"",""action"":""turn_off"",""parameters"":{}},{""device_id"":""light.kitchen"",""action"":""turn_off"",""parameters"":{}},{""device_id"":""light.bedroom_main"",""action"":""turn_off"",""parameters"":{}},{""device_id"":""light.bedside"",""action"":""turn_off"",""parameters"":{}},{""device_id"":""light.bedroom_second"",""action"":""turn_off"",""parameters"":{}},{""device_id"":""light.study"",""action"":""turn_off"",""parameters"":{}},{""device_id"":""light.bathroom"",""action"":""turn_off"",""parameters"":{}},{""device_id"":""light.entry"",""action"":""turn_off"",""parameters"":{}},{""device_id"":""light.balcony"",""action"":""turn_off"",""parameters"":{}},{""device_id"":""light.hallway"",""action"":""turn_off"",""parameters"":{}},{""device_id"":""light.cloakroom"",""action"":""turn_off"",""parameters"":{}},{""device_id"":""light.children"",""action"":""turn_off"",""parameters"":{}},{""device_id"":""light.garage"",""action"":""turn_off"",""parameters"":{}},{""device_id"":""climate.living_ac"",""action"":""turn_off"",""parameters"":{}},{""device_id"":""climate.bedroom_ac"",""action"":""turn_off"",""parameters"":{}},{""device_id"":""climate.second_ac"",""action"":""turn_off"",""parameters"":{}},{""device_id"":""climate.fresh_air"",""action"":""turn_off"",""parameters"":{}},{""device_id"":""kitchen_bath.water_heater"",""action"":""turn_off"",""parameters"":{}},{""device_id"":""kitchen_bath.range_hood"",""action"":""turn_off"",""parameters"":{}},{""device_id"":""kitchen_bath.dishwasher"",""action"":""turn_off"",""parameters"":{}},{""device_id"":""kitchen_bath.water_purifier"",""action"":""turn_off"",""parameters"":{}},{""device_id"":""kitchen_bath.rice_cooker"",""action"":""turn_off"",""parameters"":{}},{""device_id"":""kitchen_bath.oven"",""action"":""turn_off"",""parameters"":{}},{""device_id"":""kitchen_bath.microwave"",""action"":""turn_off"",""parameters"":{}},{""device_id"":""kitchen_bath.coffee"",""action"":""turn_off"",""parameters"":{}},{""device_id"":""kitchen_bath.bath_heater"",""action"":""turn_off"",""parameters"":{}},{""device_id"":""kitchen_bath.exhaust"",""action"":""turn_off"",""parameters"":{}},{""device_id"":""appliance.humidifier"",""action"":""turn_off"",""parameters"":{}},{""device_id"":""appliance.air_purifier"",""action"":""turn_off"",""parameters"":{}},{""device_id"":""appliance.robot_vacuum"",""action"":""turn_off"",""parameters"":{}},{""device_id"":""appliance.washer"",""action"":""turn_off"",""parameters"":{}},{""device_id"":""media.television"",""action"":""turn_off"",""parameters"":{}},{""device_id"":""media.speaker"",""action"":""turn_off"",""parameters"":{}},{""device_id"":""curtain.living"",""action"":""close"",""parameters"":{}},{""device_id"":""security.front_door"",""action"":""lock"",""parameters"":{}}]",train,synthetic_template_v1,contains_no_real_user_data
SHC-1117,我要离家一会，现在开始吧,implicit,scene,leave_home_mode,玄关,security.front_door,智能门锁,security,"[{""device_id"":""light.living_main"",""action"":""turn_off"",""parameters"":{}},{""device_id"":""light.living_ambient"",""action"":""turn_off"",""parameters"":{}},{""device_id"":""light.dining"",""action"":""turn_off"",""parameters"":{}},{""device_id"":""light.kitchen"",""action"":""turn_off"",""parameters"":{}},{""device_id"":""light.bedroom_main"",""action"":""turn_off"",""parameters"":{}},{""device_id"":""light.bedside"",""action"":""turn_off"",""parameters"":{}},{""device_id"":""light.bedroom_second"",""action"":""turn_off"",""parameters"":{}},{""device_id"":""light.study"",""action"":""turn_off"",""parameters"":{}},{""device_id"":""light.bathroom"",""action"":""turn_off"",""parameters"":{}},{""device_id"":""light.entry"",""action"":""turn_off"",""parameters"":{}},{""device_id"":""light.balcony"",""action"":""turn_off"",""parameters"":{}},{""device_id"":""light.hallway"",""action"":""turn_off"",""parameters"":{}},{""device_id"":""light.cloakroom"",""action"":""turn_off"",""parameters"":{}},{""device_id"":""light.children"",""action"":""turn_off"",""parameters"":{}},{""device_id"":""light.garage"",""action"":""turn_off"",""parameters"":{}},{""device_id"":""climate.living_ac"",""action"":""turn_off"",""parameters"":{}},{""device_id"":""climate.bedroom_ac"",""action"":""turn_off"",""parameters"":{}},{""device_id"":""climate.second_ac"",""action"":""turn_off"",""parameters"":{}},{""device_id"":""climate.fresh_air"",""action"":""turn_off"",""parameters"":{}},{""device_id"":""kitchen_bath.water_heater"",""action"":""turn_off"",""parameters"":{}},{""device_id"":""kitchen_bath.range_hood"",""action"":""turn_off"",""parameters"":{}},{""device_id"":""kitchen_bath.dishwasher"",""action"":""turn_off"",""parameters"":{}},{""device_id"":""kitchen_bath.water_purifier"",""action"":""turn_off"",""parameters"":{}},{""device_id"":""kitchen_bath.rice_cooker"",""action"":""turn_off"",""parameters"":{}},{""device_id"":""kitchen_bath.oven"",""action"":""turn_off"",""parameters"":{}},{""device_id"":""kitchen_bath.microwave"",""action"":""turn_off"",""parameters"":{}},{""device_id"":""kitchen_bath.coffee"",""action"":""turn_off"",""parameters"":{}},{""device_id"":""kitchen_bath.bath_heater"",""action"":""turn_off"",""parameters"":{}},{""device_id"":""kitchen_bath.exhaust"",""action"":""turn_off"",""parameters"":{}},{""device_id"":""appliance.humidifier"",""action"":""turn_off"",""parameters"":{}},{""device_id"":""appliance.air_purifier"",""action"":""turn_off"",""parameters"":{}},{""device_id"":""appliance.robot_vacuum"",""action"":""turn_off"",""parameters"":{}},{""device_id"":""appliance.washer"",""action"":""turn_off"",""parameters"":{}},{""device_id"":""media.television"",""action"":""turn_off"",""parameters"":{}},{""device_id"":""media.speaker"",""action"":""turn_off"",""parameters"":{}},{""device_id"":""curtain.living"",""action"":""close"",""parameters"":{}},{""device_id"":""security.front_door"",""action"":""lock"",""parameters"":{}}]",train,synthetic_template_v1,contains_no_real_user_data
SHC-1118,我准备出门上班，按平时的习惯来,implicit,scene,leave_home_mode,厨房,security.smoke_alarm,烟雾报警器,security,"[{""device_id"":""light.living_main"",""action"":""turn_off"",""parameters"":{}},{""device_id"":""light.living_ambient"",""action"":""turn_off"",""parameters"":{}},{""device_id"":""light.dining"",""action"":""turn_off"",""parameters"":{}},{""device_id"":""light.kitchen"",""action"":""turn_off"",""parameters"":{}},{""device_id"":""light.bedroom_main"",""action"":""turn_off"",""parameters"":{}},{""device_id"":""light.bedside"",""action"":""turn_off"",""parameters"":{}},{""device_id"":""light.bedroom_second"",""action"":""turn_off"",""parameters"":{}},{""device_id"":""light.study"",""action"":""turn_off"",""parameters"":{}},{""device_id"":""light.bathroom"",""action"":""turn_off"",""parameters"":{}},{""device_id"":""light.entry"",""action"":""turn_off"",""parameters"":{}},{""device_id"":""light.balcony"",""action"":""turn_off"",""parameters"":{}},{""device_id"":""light.hallway"",""action"":""turn_off"",""parameters"":{}},{""device_id"":""light.cloakroom"",""action"":""turn_off"",""parameters"":{}},{""device_id"":""light.children"",""action"":""turn_off"",""parameters"":{}},{""device_id"":""light.garage"",""action"":""turn_off"",""parameters"":{}},{""device_id"":""climate.living_ac"",""action"":""turn_off"",""parameters"":{}},{""device_id"":""climate.bedroom_ac"",""action"":""turn_off"",""parameters"":{}},{""device_id"":""climate.second_ac"",""action"":""turn_off"",""parameters"":{}},{""device_id"":""climate.fresh_air"",""action"":""turn_off"",""parameters"":{}},{""device_id"":""kitchen_bath.water_heater"",""action"":""turn_off"",""parameters"":{}},{""device_id"":""kitchen_bath.range_hood"",""action"":""turn_off"",""parameters"":{}},{""device_id"":""kitchen_bath.dishwasher"",""action"":""turn_off"",""parameters"":{}},{""device_id"":""kitchen_bath.water_purifier"",""action"":""turn_off"",""parameters"":{}},{""device_id"":""kitchen_bath.rice_cooker"",""action"":""turn_off"",""parameters"":{}},{""device_id"":""kitchen_bath.oven"",""action"":""turn_off"",""parameters"":{}},{""device_id"":""kitchen_bath.microwave"",""action"":""turn_off"",""parameters"":{}},{""device_id"":""kitchen_bath.coffee"",""action"":""turn_off"",""parameters"":{}},{""device_id"":""kitchen_bath.bath_heater"",""action"":""turn_off"",""parameters"":{}},{""device_id"":""kitchen_bath.exhaust"",""action"":""turn_off"",""parameters"":{}},{""device_id"":""appliance.humidifier"",""action"":""turn_off"",""parameters"":{}},{""device_id"":""appliance.air_purifier"",""action"":""turn_off"",""parameters"":{}},{""device_id"":""appliance.robot_vacuum"",""action"":""turn_off"",""parameters"":{}},{""device_id"":""appliance.washer"",""action"":""turn_off"",""parameters"":{}},{""device_id"":""media.television"",""action"":""turn_off"",""parameters"":{}},{""device_id"":""media.speaker"",""action"":""turn_off"",""parameters"":{}},{""device_id"":""curtain.living"",""action"":""close"",""parameters"":{}},{""device_id"":""security.front_door"",""action"":""lock"",""parameters"":{}}]",validation,synthetic_template_v1,contains_no_real_user_data
SHC-1119,家里没人了，能改善一下吗,implicit,sensation,leave_home_mode,玄关,security.front_door,智能门锁,security,"[{""device_id"":""light.living_main"",""action"":""turn_off"",""parameters"":{}},{""device_id"":""light.living_ambient"",""action"":""turn_off"",""parameters"":{}},{""device_id"":""light.dining"",""action"":""turn_off"",""parameters"":{}},{""device_id"":""light.kitchen"",""action"":""turn_off"",""parameters"":{}},{""device_id"":""light.bedroom_main"",""action"":""turn_off"",""parameters"":{}},{""device_id"":""light.bedside"",""action"":""turn_off"",""parameters"":{}},{""device_id"":""light.bedroom_second"",""action"":""turn_off"",""parameters"":{}},{""device_id"":""light.study"",""action"":""turn_off"",""parameters"":{}},{""device_id"":""light.bathroom"",""action"":""turn_off"",""parameters"":{}},{""device_id"":""light.entry"",""action"":""turn_off"",""parameters"":{}},{""device_id"":""light.balcony"",""action"":""turn_off"",""parameters"":{}},{""device_id"":""light.hallway"",""action"":""turn_off"",""parameters"":{}},{""device_id"":""light.cloakroom"",""action"":""turn_off"",""parameters"":{}},{""device_id"":""light.children"",""action"":""turn_off"",""parameters"":{}},{""device_id"":""light.garage"",""action"":""turn_off"",""parameters"":{}},{""device_id"":""climate.living_ac"",""action"":""turn_off"",""parameters"":{}},{""device_id"":""climate.bedroom_ac"",""action"":""turn_off"",""parameters"":{}},{""device_id"":""climate.second_ac"",""action"":""turn_off"",""parameters"":{}},{""device_id"":""climate.fresh_air"",""action"":""turn_off"",""parameters"":{}},{""device_id"":""kitchen_bath.water_heater"",""action"":""turn_off"",""parameters"":{}},{""device_id"":""kitchen_bath.range_hood"",""action"":""turn_off"",""parameters"":{}},{""device_id"":""kitchen_bath.dishwasher"",""action"":""turn_off"",""parameters"":{}},{""device_id"":""kitchen_bath.water_purifier"",""action"":""turn_off"",""parameters"":{}},{""device_id"":""kitchen_bath.rice_cooker"",""action"":""turn_off"",""parameters"":{}},{""device_id"":""kitchen_bath.oven"",""action"":""turn_off"",""parameters"":{}},{""device_id"":""kitchen_bath.microwave"",""action"":""turn_off"",""parameters"":{}},{""device_id"":""kitchen_bath.coffee"",""action"":""turn_off"",""parameters"":{}},{""device_id"":""kitchen_bath.bath_heater"",""action"":""turn_off"",""parameters"":{}},{""device_id"":""kitchen_bath.exhaust"",""action"":""turn_off"",""parameters"":{}},{""device_id"":""appliance.humidifier"",""action"":""turn_off"",""parameters"":{}},{""device_id"":""appliance.air_purifier"",""action"":""turn_off"",""parameters"":{}},{""device_id"":""appliance.robot_vacuum"",""action"":""turn_off"",""parameters"":{}},{""device_id"":""appliance.washer"",""action"":""turn_off"",""parameters"":{}},{""device_id"":""media.television"",""action"":""turn_off"",""parameters"":{}},{""device_id"":""media.speaker"",""action"":""turn_off"",""parameters"":{}},{""device_id"":""curtain.living"",""action"":""close"",""parameters"":{}},{""device_id"":""security.front_door"",""action"":""lock"",""parameters"":{}}]",test,synthetic_template_v1,contains_no_real_user_data
